Música	Link
Dark Matter - Rusty Cooley	http://guitarflash.me/?gfcMus=ACB7UU7LWEM9
Category of the Dead - Havok	http://guitarflash.me/?gfcMus=66COY24D4CBP
Unanswered - Suicide Silence	http://guitarflash.me/?gfcMus=6BHNU26385GP
Smoke on the Water - Deep Purple	http://guitarflash.me/?gfcMus=NUXYPX2MV4MV
We Will Rock You - Queen	http://guitarflash.me/?gfcMus=32M1EHTFBE4I
Sin nanatsu no taizai Opening - Mia REGINA	http://guitarflash.me/?gfcMus=8JIBHBTNV4R2
Eye of the Tiger - Survivor	http://guitarflash.me/?gfcMus=2NBEQWYHOTCC
I Refuse To Believe - Miss May I	http://guitarflash.me/?gfcMus=P11NJMDKFD4K
A Gunshot to the Head of Trepidation - Triviu	http://guitarflash.me/?gfcMus=V2L6LNR79XHH
Once In A Lifetime - Dragonforce	http://guitarflash.me/?gfcMus=UJWYT5QRWUXG
King Of Kings - Motörhead	http://guitarflash.me/?gfcMus=6MF04DVWSAGF
DNA Uber Solo 9 HARD - Sidney600	http://guitarflash.me/?gfcMus=06Q73P3P8K45
The Relic - Rings of Saturn	http://guitarflash.me/?gfcMus=XKSB08QYMJGD
Snuff - Slayer	http://guitarflash.me/?gfcMus=HMULNMH1S666
Can Can Music - Jacques Offenbach	http://guitarflash.me/?gfcMus=E2Y0DNVI906U
Darkness Shall Bring Death - Evile	http://guitarflash.me/?gfcMus=N56WUK153CL7
Paradise City - Guns N Roses	http://guitarflash.me/?gfcMus=BREW1NW67NS9
Kerberos - The Gallo	http://guitarflash.me/?gfcMus=N3F1YWSHA7JO
Despertar - Ekhymosis	http://guitarflash.me/?gfcMus=GS3LID9OY8BY
Song of Time Metalized - Artificial Fear	http://guitarflash.me/?gfcMus=KAYSAXXF4OBU
Stalingrad - Joey Tafolla	http://guitarflash.me/?gfcMus=R3F136C2V71O
Judith Rules - I See Stars	http://guitarflash.me/?gfcMus=OF307NAV8UAG
Choose Me - Band Maid	http://guitarflash.me/?gfcMus=RBSGVAA3T252
Feel Invincible - Skillet	http://guitarflash.me/?gfcMus=0DT312O1VP9S
According To You - Orianthi	http://guitarflash.me/?gfcMus=PLWGWA9G3GSU
Avenged Sevenfold - Strength of the World	http://guitarflash.me/?gfcMus=R1T926JU87BB
The Glass Prison  - Dream Theater	http://guitarflash.me/?gfcMus=7PUV2OJ2X1V9
Rotopercutor - Asspera	http://guitarflash.me/?gfcMus=FEPKB0CP2HV1
Welcome To My Life - Simple Plan	http://guitarflash.me/?gfcMus=UQUKTTQQ9Y4B
Thought Contagion - Muse	http://guitarflash.me/?gfcMus=WUHNOS3V63C4
Drink - Alestorm	http://guitarflash.me/?gfcMus=9NHCG57296XJ
All For Nothing - Linkin Park	http://guitarflash.me/?gfcMus=K0QU5BYWWGCJ
Pensando En Ti - Mägo De Oz	http://guitarflash.me/?gfcMus=LUCJSB5USRLA
Deadlocked - Wage War	http://guitarflash.me/?gfcMus=IEY08JX43NNY
Penultimo SP 20th - Buckethead	http://guitarflash.me/?gfcMus=K1PRT0OGI7OV
Knockin On Heavens Door - Guns N Roses	http://guitarflash.me/?gfcMus=842W3E644ID1
Climbers High! The fallen moon - Fuuka Akitsu	http://guitarflash.me/?gfcMus=FWMANIADLDQ0
Faixa de Gaza - Puritan	http://guitarflash.me/?gfcMus=UN21HUOVTB3F
Solo Cry Parte 3 - Adriano Hipy	http://guitarflash.me/?gfcMus=E2VB03R709UG
Mark The Graves - Linkin Park	http://guitarflash.me/?gfcMus=VUPE6BR9R9YN
Carry On Wayward Son - Yngwie Malmsteen	http://guitarflash.me/?gfcMus=MFOFGG813L7E
Star Wars The Imperial March - Darth Vader Th	http://guitarflash.me/?gfcMus=LV9Q8Y6SXCX9
Simple Man - Lynyrd Skynyrd.mp3 - No Artist S	http://guitarflash.me/?gfcMus=6ND1E914C5HQ
A Thousand Faces - Creed	http://guitarflash.me/?gfcMus=IYJC1MX6Q88B
Spread Your Fire - Angra	http://guitarflash.me/?gfcMus=RCQRUW0HCNB0
Holy Roller - Spiritbox	http://guitarflash.me/?gfcMus=FY7FO0YLUPGM
[No Game No Life] This Game - Konomi Suzuki	http://guitarflash.me/?gfcMus=X9QJ4B99EG4V
Final Countdown Remix - edu	http://guitarflash.me/?gfcMus=4QF3SFAYRRTV
Ashes Of The Dawn - Dragonforce	http://guitarflash.me/?gfcMus=P4O55UM2AWCN
Erro +55 - Project46	http://guitarflash.me/?gfcMus=XRRN57OO02XM
Fatal Tragedy - Dream Theater	http://guitarflash.me/?gfcMus=XFRVVMCVSDXS
Hell Above - Pierce The Veil	http://guitarflash.me/?gfcMus=DFW004IE7GUM
Ella besa as - Xdinero	http://guitarflash.me/?gfcMus=M539J8O2GO4S
With You - Linkin Park	http://guitarflash.me/?gfcMus=WJGNY5JVXFC0
Solos Dragonforce - Anacondo Sexy	http://guitarflash.me/?gfcMus=4LA79QJQ29CK
Rebirthing - Skillet	http://guitarflash.me/?gfcMus=XCETFVYW4BI0
Dawn Over a New World - Dragonforce	http://guitarflash.me/?gfcMus=AP3BGEFAQDOI
Dragon Ball Theme We Were Angels (Angeles Fui	http://guitarflash.me/?gfcMus=GIOQGLKU29D6
No W - Ministry	http://guitarflash.me/?gfcMus=PTFD1H4KVTD0
Whats Up - 4 Non Blondes (UGF)	http://guitarflash.me/?gfcMus=QBDG0U562EJW
Altar Of Sacrifice - Slayer	http://guitarflash.me/?gfcMus=OOO1LW6EHQI3
Solo SOTK Parte 4 - Adriano Hipy	http://guitarflash.me/?gfcMus=CG6CG4AQ7CHW
El Rap del Dinero - Abel Baca Perez	http://guitarflash.me/?gfcMus=FOT6LPEQCGJJ
Cry For Eternity SOLO INVERTIDO  - Dragonforc	http://guitarflash.me/?gfcMus=L7ARS3A3CFLD
Nemo - Nightwish	http://guitarflash.me/?gfcMus=H5OVFBDN2WDD
Eruption - Van Halen	http://guitarflash.me/?gfcMus=5ASTVEXG3HQ0
Tielle Pimeaan - Raaka Aine	http://guitarflash.me/?gfcMus=26DGWCTL4YI3
To Be Loved - Papa Roach	http://guitarflash.me/?gfcMus=86VKNWSKKNEK
The Nightmare Unravels - John 5	http://guitarflash.me/?gfcMus=1YMQXKATWDYQ
Alan Walker - Fade [NCS Release]	http://guitarflash.me/?gfcMus=BS9K6R0OAEHG
Nymphetamine Fix - Cradle Of Filth	http://guitarflash.me/?gfcMus=79JRN67QV841
Run to the Edge - Galneryus	http://guitarflash.me/?gfcMus=F3L2ASUAR186
Die For Metal - Manowar	http://guitarflash.me/?gfcMus=SIHP9Y1M6G7N
Soulless3 Solo - ExileLord	http://guitarflash.me/?gfcMus=FMBO1JHOQNRB
Hand Of Blood - Bullet For My Valentine	http://guitarflash.me/?gfcMus=VX7NC66YQVEL
Ijime, Dame, Zettai - BABYMETAL	http://guitarflash.me/?gfcMus=B1YBFFOO1T15
Cheio De Sal - MC Gorila	http://guitarflash.me/?gfcMus=9NK1TPADIW9W
lll Will Spite - John 5	http://guitarflash.me/?gfcMus=MFNLGPO1UQ71
In The Delight - Galneryus	http://guitarflash.me/?gfcMus=T6BVWG3SMBVO
Year Zero - Ghost B.C	http://guitarflash.me/?gfcMus=304N02S4BAPW
Im an Albatraoz - AronChupa	http://guitarflash.me/?gfcMus=Y3J9KDV22DNH
The Emperor - Megadeth	http://guitarflash.me/?gfcMus=3KLJC3G04IAI
the WTF song 2 SOLO - MrGregMurphy	http://guitarflash.me/?gfcMus=BC056TQNHC1M
Believer - Myrath	http://guitarflash.me/?gfcMus=BRF0CY7MLWGW
Eye of the Storm - Bullet For My Valentine	http://guitarflash.me/?gfcMus=5UKA4PT2HRA6
Twin Skeletons (Hotel In NYC) - Fall Out Boy	http://guitarflash.me/?gfcMus=931F9NYVAIOX
Horizontes - Gloria	http://guitarflash.me/?gfcMus=HXWED1J08O6M
Clavado en un bar  - Man	http://guitarflash.me/?gfcMus=B03TDBR1510K
Alone - Bleach	http://guitarflash.me/?gfcMus=QI2BI1FRSC48
Wake me up when September ends - Green Day	http://guitarflash.me/?gfcMus=D1B9PAXDJK4T
Asustado - Billy y los gasonoros	http://guitarflash.me/?gfcMus=J02YRLPYXQB7
Jason Becker - Altitudes - Leonardo Monte	http://guitarflash.me/?gfcMus=50NHAUH0XKG4
BEN-TO - Opening  - Aimi	http://guitarflash.me/?gfcMus=XRU8USMFVWX1
Dragon Ball GT Opening	http://guitarflash.me/?gfcMus=YPX9V8SPRBLD
The Poet And The Pendulum - Nightwish	http://guitarflash.me/?gfcMus=FN1999FUBHHD
The Conjuring - Megadeth	http://guitarflash.me/?gfcMus=72QFRNATNP9X
My Land - Sonata Arctica	http://guitarflash.me/?gfcMus=DGTCISP8JXV8
Phantom Wrath - Diesex04	http://guitarflash.me/?gfcMus=BIUDXYY3YK7D
Breed - Nirvana	http://guitarflash.me/?gfcMus=TSI23V7ID7U2
Reign Of Terror - Rhapsody Of Fire	http://guitarflash.me/?gfcMus=5GRLFWSIUCL7
Blessing Of The Future - Jupiter	http://guitarflash.me/?gfcMus=R3CIRMEMUEDX
Baditude ft CHON - Polyphia	http://guitarflash.me/?gfcMus=ELPNM884GFPN
Noragami Aragoto Opening  - THE ORAL CIGARETT	http://guitarflash.me/?gfcMus=VGAHL3AYSN8P
Choke - The Red Jumpsuit Apparatus	http://guitarflash.me/?gfcMus=NB5PE4W7U7FD
Crossing Field - LiSA	http://guitarflash.me/?gfcMus=4WFKOQKHDLBG
The Metro - System Of A Down	http://guitarflash.me/?gfcMus=XMOHVBBU5H5O
Soldier Side - System Of A Down	http://guitarflash.me/?gfcMus=U9T7HEJUFYMA
The Day - Porno Graffitti	http://guitarflash.me/?gfcMus=7C1XYK27OEUY
Locomotive - Guns N Roses	http://guitarflash.me/?gfcMus=4RCA6BL2IJHU
Scars Of Yesterday Solo - DragonForce	http://guitarflash.me/?gfcMus=9239P883P7OY
É tudo sobre você - Morada	http://guitarflash.me/?gfcMus=IKVS8GD48WTG
Swing - Miss May I	http://guitarflash.me/?gfcMus=AYD89EJPYXYH
Testify the Gods - InfamousColin	http://guitarflash.me/?gfcMus=OPGA766VBCJJ
Ghost Walking - Lamb of God	http://guitarflash.me/?gfcMus=OS02LTS6XYY8
Bohemian Rhapsody - Queen	http://guitarflash.me/?gfcMus=B06E3XPS1V0Y
Duplas Institucionalizated tecnique - DragonF	http://guitarflash.me/?gfcMus=5QYN9HXKFGVG
Matando Memorias - Pxndx	http://guitarflash.me/?gfcMus=PIGTQWXPIJDM
Another Sinking Ship - SikTh	http://guitarflash.me/?gfcMus=CKKSYV0JXPLS
Rollin - Limp Bizkit	http://guitarflash.me/?gfcMus=S0P1JKXUQ7N7
Far Beyond the Sun - Yngwie Malmsteen	http://guitarflash.me/?gfcMus=KNP5Q78EV81Q
Metralha Final Hangar 18 - Megadeth	http://guitarflash.me/?gfcMus=VTSYVWP1M4X2
Overburdened - Disturbed	http://guitarflash.me/?gfcMus=W1LK6Q4AHT5F
Berzerker - After The Burial	http://guitarflash.me/?gfcMus=PMPE9R8C4FT1
( Ookami shoujo to kuro ouji Opening ) Love g	http://guitarflash.me/?gfcMus=HDCXE5N8YEAN
Keepers Of The Earth - Heavenly	http://guitarflash.me/?gfcMus=PUHP81V4QPD4
Undead - Adagio	http://guitarflash.me/?gfcMus=VQF06V7GQPI8
Solos 1 - GodelGF	http://guitarflash.me/?gfcMus=4BYQSJMST8PI
Floods - Pantera	http://guitarflash.me/?gfcMus=E3X35DQX1N7T
The Sound of Truth - As I Lay Dying	http://guitarflash.me/?gfcMus=1NOB0BEGYCM1
Shine - Collective Soul	http://guitarflash.me/?gfcMus=0PNT3WQVC6AF
Snuff - Slayer	http://guitarflash.me/?gfcMus=3DTW41RLOKQ5
Solo Astral Empire - Dragonforce	http://guitarflash.me/?gfcMus=8DJO0T4GA6LI
Psycho - Muse	http://guitarflash.me/?gfcMus=P0FQP1HBVYJW
Battle Of One - 30 Seconds To Mars	http://guitarflash.me/?gfcMus=A2WCS3IQ0GPG
Duplas do final da TTFAF - Dragonforce	http://guitarflash.me/?gfcMus=LMSWG3M6K80R
imposible pe causa ga -	http://guitarflash.me/?gfcMus=NN15UJ2DKESE
Cardinal Red - MONUMENTS	http://guitarflash.me/?gfcMus=M72AQW22DFA4
Engel - Rammstein	http://guitarflash.me/?gfcMus=JVRN3GGMCHIF
Son of the King 150 Speed Solo - Hellish War	http://guitarflash.me/?gfcMus=24SM2UG59I3Q
Fury of The Storm Solo - Dragonforce	http://guitarflash.me/?gfcMus=F10618HG3II6
Rock Is Dead - Marilyn Manson	http://guitarflash.me/?gfcMus=2YL5X27UHNY1
Bangarang - Skrillex	http://guitarflash.me/?gfcMus=GEDJGFG2SVXD
Vida Loka Part 02 - Racionais Mcs	http://guitarflash.me/?gfcMus=0OVUT7HVP0WA
China - Michael Angelo Batio	http://guitarflash.me/?gfcMus=6DX86XXJLM8X
Smooth - Santana Feat. Rob Thomas	http://guitarflash.me/?gfcMus=1JFYB654C2TA
Scary Monsters And Nice Sprites - Skrillex	http://guitarflash.me/?gfcMus=KEDOQFVE0LQ1
The Four Horsemen - Metallica	http://guitarflash.me/?gfcMus=7DXCCPSA7CJK
Fucking Hostile - Pantera	http://guitarflash.me/?gfcMus=TDDSUSO4AH1C
Not Gonna Die - Skillet	http://guitarflash.me/?gfcMus=CA5ULS18LI0C
Solo de Unholy Warcry - Luca Turilli	http://guitarflash.me/?gfcMus=C4139MULWGIN
MarceGFs Zig-Zags - MarceGF	http://guitarflash.me/?gfcMus=RT2L0MA7LS4Y
Albion - Nagiha	http://guitarflash.me/?gfcMus=H9VQNCATST6D
Well Be the Stars - Sabrina Carpenter	http://guitarflash.me/?gfcMus=WQ8H7GPB6IV0
Whats Up My nigga - Mxgre	http://guitarflash.me/?gfcMus=J2S5YSP5XB10
Roxas Theme Power Metal Themes - Kingdom Hear	http://guitarflash.me/?gfcMus=VDN3NC5N4P5M
Hatred at 2 Power - DRAGON BALL Z	http://guitarflash.me/?gfcMus=9BNG7I9G70L8
Shot At The Night - The Killers	http://guitarflash.me/?gfcMus=3RGISOWXECTY
No Way Out - Annihilator	http://guitarflash.me/?gfcMus=9NRU0659G08G
Misery Business - Paramore	http://guitarflash.me/?gfcMus=KF83J07FWWRX
Get Ready 2 Rokk - Freezzepop	http://guitarflash.me/?gfcMus=NM6P5QF73UFH
Karma - Cokelat	http://guitarflash.me/?gfcMus=BB6CCRIL0P0F
Turbo Bumblebee - schmutz06	http://guitarflash.me/?gfcMus=L4PW45CBBII1
Donten - Does	http://guitarflash.me/?gfcMus=UT6V5A50XM8Q
Send Me An Angel - Scorpions	http://guitarflash.me/?gfcMus=NOS98AH9DIT7
Faces of Death - Charlie Parra	http://guitarflash.me/?gfcMus=40SG2HRKVQ3M
Soothsayer - Buckethead	http://guitarflash.me/?gfcMus=X0BEPYSX93JS
[Kekkaishi] Sha la la AYAKASHI NIGHT - Uura S	http://guitarflash.me/?gfcMus=X7EBNBEAW9OG
Evening Star Solo - Dragonforce	http://guitarflash.me/?gfcMus=WK616L03Q42F
Reptilia - The Strokes	http://guitarflash.me/?gfcMus=U2R8PKC9LDSN
Cherub Rock - Smashing Pumpkins	http://guitarflash.me/?gfcMus=PIDL7BBP1JPI
Sign - FLOW	http://guitarflash.me/?gfcMus=UMHOG3IMRUC5
East Jesus Nowhere - Green Day	http://guitarflash.me/?gfcMus=MXM77270FID0
Beat It - Michael Jackson	http://guitarflash.me/?gfcMus=6D0XEYL51S7B
Back Through Time - Alestorm	http://guitarflash.me/?gfcMus=SL2K1OO9M5W0
One Piece Abertura 1 We Are - Anime Hero GF	http://guitarflash.me/?gfcMus=9326EXWLBX1B
Acid Rain - Liquid Tension Experiment	http://guitarflash.me/?gfcMus=UI32UBMXUIKL
Land of Confusion - Genesis	http://guitarflash.me/?gfcMus=QHAE5JGWSD22
Vacuity - Gojira	http://guitarflash.me/?gfcMus=YHCX6F6PA1OG
Fire - PVRIS	http://guitarflash.me/?gfcMus=SKC50RMSN0JK
Anthem Part Two - Blink-182	http://guitarflash.me/?gfcMus=O94DQ5LPMW4W
The Zephyr Song - Red Hot Chili Peppers	http://guitarflash.me/?gfcMus=KF6CBXIUGQRK
Wind Of Change - Scorpions	http://guitarflash.me/?gfcMus=5R0GB06F13JT
Labios Compartidos - Mana	http://guitarflash.me/?gfcMus=AANYGJR3RSK6
The Curse - Disturbed	http://guitarflash.me/?gfcMus=56JNAAT0N5MV
[Akame Ga Kill] Liar Mask - Rika Mayama	http://guitarflash.me/?gfcMus=C0PUAGRSN22V
No More Sorrow - Linkin Park	http://guitarflash.me/?gfcMus=U158A93OB5Q0
The Birth Of Venus - Jupiter	http://guitarflash.me/?gfcMus=WF9YU4SLEF7M
Atras das Linhas Inimigas - Project46	http://guitarflash.me/?gfcMus=VG682HOXBNKK
Yomi Yori Kikoyu Koukoku no  - Imperial Circu	http://guitarflash.me/?gfcMus=H6JI6CFUCLQW
It Was Written In Blood - Bring Me The Horizo	http://guitarflash.me/?gfcMus=GVD2CAER77FD
Broken Promises - Element Eighty	http://guitarflash.me/?gfcMus=LXY11DLNW0B1
Inativo - Inativo	http://guitarflash.me/?gfcMus=KL9KFBGXIQAI
Kyoto #2 - Skrillex	http://guitarflash.me/?gfcMus=8M2F10SOWMI1
The Gate Of The Hell - Jam Project	http://guitarflash.me/?gfcMus=BH7U73R4MJHY
Soy Heavy - Bon Javi	http://guitarflash.me/?gfcMus=6P0UTBTNU7JR
By The Way - Red Hot Chili Pepper	http://guitarflash.me/?gfcMus=M9M6FU0SFCDG
Go Go Go [IMPOSSIBLE] - Nightcore	http://guitarflash.me/?gfcMus=PLT0G7WB83S3
Sugar  - System Of A Down	http://guitarflash.me/?gfcMus=PU9YTAVLKBEK
Mis Colegas - Ska-P	http://guitarflash.me/?gfcMus=EES1R2OUWUVS
Crisis City - SoInhumane	http://guitarflash.me/?gfcMus=E9QMLOKWOWP8
Surfacing - Slipknot	http://guitarflash.me/?gfcMus=S8GLASW1XB7V
Shi No Numa | The One - Elena Siegman	http://guitarflash.me/?gfcMus=IFKVH3BXR6EY
Terlatih Patah Hati - Endank Soekamti	http://guitarflash.me/?gfcMus=5V81R3R786C7
Unrepentant - Trivium	http://guitarflash.me/?gfcMus=B12W2AWKIWCJ
Vai Malandra - Anitta, Mc Zaac, Maejor ft. Tr	http://guitarflash.me/?gfcMus=JTYXOH8WOVTW
Diario de una sombra - Rata Blanca	http://guitarflash.me/?gfcMus=P9WINGGN3MSE
Give Me Novacaine - Green Day	http://guitarflash.me/?gfcMus=WK74HWBJ5DP3
Operation Ground And Pound - Full Song - Drag	http://guitarflash.me/?gfcMus=CH3LNH635JTU
Eta Terangkanlah Metal Version - Mr Godel_GF	http://guitarflash.me/?gfcMus=USJ0B6B4LIU2
The End Begins (To Rock) - Gerard K. Marino	http://guitarflash.me/?gfcMus=A68CURVEUHTL
Desert Song - Eric Johnson	http://guitarflash.me/?gfcMus=PGSLCLI8EXBI
Rebel - Stratovarius	http://guitarflash.me/?gfcMus=7JQYKRIOM93X
20th Century Boy - Buckethead	http://guitarflash.me/?gfcMus=K3BPW1MJD53W
Ride on Tears - Charon	http://guitarflash.me/?gfcMus=Q05F3IB93ILM
Freak Like Me - Halestorm	http://guitarflash.me/?gfcMus=DUBP0H3LQBY9
Walk Away - Black Veil Brides	http://guitarflash.me/?gfcMus=8L51NU1LDPUF
PLEDGE - the GazettE	http://guitarflash.me/?gfcMus=Y13J3P8U27KL
Alchemy - Kishida Kyoudan & The Akeboshi Rock	http://guitarflash.me/?gfcMus=NKPYPUIUIG0L
Revelation - Black Veil Brides	http://guitarflash.me/?gfcMus=9IIMNC6E9Y4C
The Devil Went Down to Finland - Puppetz	http://guitarflash.me/?gfcMus=XI9449GH7R1R
Pinball (Bear Grillz Remix) - Astronaut	http://guitarflash.me/?gfcMus=WSSG5X8N8WX0
Mama - My Chemical Romance	http://guitarflash.me/?gfcMus=MUYPX0Q8BBMA
Pisces - Jinjer	http://guitarflash.me/?gfcMus=KNNHAVE88O1C
Katekyo Hitman Reborn Ending 3	http://guitarflash.me/?gfcMus=D5KLBNHUQ39K
Stage BGM - Battle Theme #3 - GunBound OST	http://guitarflash.me/?gfcMus=JKLII6H60P86
A Beautiful Lie - 30 Seconds To Mars	http://guitarflash.me/?gfcMus=7OY7WKGJTA72
Guitar Flash Final Pausas - Adriano Hipy	http://guitarflash.me/?gfcMus=5CI9TJ92NUGF
Salieri Strikes Back - Warmen	http://guitarflash.me/?gfcMus=DDDVFFJC6X4N
Megaman X5 OST - Zero Intro Stage	http://guitarflash.me/?gfcMus=6TCUV07BP8NW
Dreaming (Tell Me) - Yngwie Malmsteen	http://guitarflash.me/?gfcMus=MEWG7QY0GET8
Symphony Of The Night - Dragonforce	http://guitarflash.me/?gfcMus=B4HE2UDKG4F4
Roger Franco - Solo basico - ManausGF	http://guitarflash.me/?gfcMus=KW9M0FK7XUXL
Castle Of Glass - Linkin Park	http://guitarflash.me/?gfcMus=MGHA28CHBV8K
The Arms of Sorrow - Killswitch Engage	http://guitarflash.me/?gfcMus=T23AK58WU0QB
Wake Up - Suicide Silence	http://guitarflash.me/?gfcMus=MKU6FYJLS00Q
Paganini 5th Caprice - Steve Vai	http://guitarflash.me/?gfcMus=SW8RDOI5QK89
Destiny - Galneryus	http://guitarflash.me/?gfcMus=WPCTYKWWN0JR
Point Of No Return - Galneryus	http://guitarflash.me/?gfcMus=XBICB1CESPTF
Save Me - Remy Zero	http://guitarflash.me/?gfcMus=WK686UG3I922
Nabataea - Helloween	http://guitarflash.me/?gfcMus=6LL7ABNTCNF8
Official Opening - The King Of Fighters XIII	http://guitarflash.me/?gfcMus=ARP320NJ2Y3K
Consejos narcos - Brujeria	http://guitarflash.me/?gfcMus=G2LCJKWVKN8G
The This Fire Burns - Killswitch Engage	http://guitarflash.me/?gfcMus=PAVH3V1LG15Q
Kagerou=Variation - Hanatan	http://guitarflash.me/?gfcMus=S2DQ9OLUUDD8
Shito Kanadeshi Hametuno Tategoto - Yousei Te	http://guitarflash.me/?gfcMus=0PLBSDSGADMO
Semblance Of Liberty - Epica	http://guitarflash.me/?gfcMus=MVYLOG5LBTMM
Goodbye Agony - Black Veil Brides	http://guitarflash.me/?gfcMus=9UFYD3G67IGE
Solo A Scar Of Yesterday Invertido - LoisGF	http://guitarflash.me/?gfcMus=WUNOUHDTWABA
Electronic Slight Of Hand - Buckethead	http://guitarflash.me/?gfcMus=P4TD92O5FHNG
Patterns 4+ - Schmutz06	http://guitarflash.me/?gfcMus=DODRURRV0CG4
The Game - DragonForce	http://guitarflash.me/?gfcMus=5K2P6JBP391B
Act One, Scene One - The Fall Of Troy	http://guitarflash.me/?gfcMus=OHQHGPROC207
The Only Thing They Fear Is You -  Mick Gordo	http://guitarflash.me/?gfcMus=DAPGX3XYUEEW
Run To The Hills - Iron Maiden	http://guitarflash.me/?gfcMus=X1AJB69M877R
Impulse - Chris Turner	http://guitarflash.me/?gfcMus=8LACIQX2AY67
Facepalm Mute - Periphery	http://guitarflash.me/?gfcMus=63W9DJOOY6KS
At the Speed of Light (Dimrain47 ) - Geometry	http://guitarflash.me/?gfcMus=26F9HNSNYF64
Guitar Solo - Synyster Gates	http://guitarflash.me/?gfcMus=529EGM5X8AI4
Im So Sorry - Imagine Dragons	http://guitarflash.me/?gfcMus=3C0AE0PFFVEL
The Nightmare Unravels - John 5	http://guitarflash.me/?gfcMus=M71KIUEHX9AQ
Undefined Paradox - SpunkyPlaysBR	http://guitarflash.me/?gfcMus=EU6J8LC01YB5
Katarina - The Kira Justice	http://guitarflash.me/?gfcMus=I5C2LYX1LFFC
To The Rats - Trivium	http://guitarflash.me/?gfcMus=AKUYFMBU6G8F
Sweet Home Alabama - Lynyrd Skynyrd	http://guitarflash.me/?gfcMus=08KWIOBFU5SO
On The Road - Sunset Sons	http://guitarflash.me/?gfcMus=Q9QLNJ2HX46V
He Man Woman Hater - Extreme	http://guitarflash.me/?gfcMus=XI92ARV71BDR
Ending solo(FC this and ill MAKE soulless5) -	http://guitarflash.me/?gfcMus=EWS7KNYOC4PI
New Divide - Linkin Park	http://guitarflash.me/?gfcMus=8LDQ5DQXXVHY
Filth In The Beauty - The Gazette	http://guitarflash.me/?gfcMus=63VC2HT8C3WS
The Drug In Me Is You - Falling In Reverse	http://guitarflash.me/?gfcMus=65GC0YDLEGYR
Game Of Thrones Meets Metal - 331Erock	http://guitarflash.me/?gfcMus=FDPOHR7GN78O
Chemical Warfare - Slayer	http://guitarflash.me/?gfcMus=DBRY9NVEV72N
The Big Black - The Quick Brown Fox	http://guitarflash.me/?gfcMus=ILOVQP8PUL7A
The House Of The Rising Sun - The Animals	http://guitarflash.me/?gfcMus=YQOL6F0QXSYS
R.I.P. - Buckethead	http://guitarflash.me/?gfcMus=FQHPCLKQOH9Y
Dark Matter (Terceiro/Ultimo SP) - Rusty Cool	http://guitarflash.me/?gfcMus=M5A6D6M6KC9B
Pump it - Eskimo Callboy	http://guitarflash.me/?gfcMus=BEPFY77IF0EE
A Match Into Water - Pierce The Veil	http://guitarflash.me/?gfcMus=0DN00VSTX2MM
Riot - Three Days Grace	http://guitarflash.me/?gfcMus=A8WVIUDISQV0
Spread Your Fire - Angra	http://guitarflash.me/?gfcMus=TTDMYGOFGFJM
Temple - Kings Of Leon	http://guitarflash.me/?gfcMus=03D7ENK5B6OB
Blaze Heatnix - Megaman X6	http://guitarflash.me/?gfcMus=7RIBG9FLUSX1
Playing With Fire - Chelsea Grin	http://guitarflash.me/?gfcMus=FH0YBEWI31CG
Teste do 1 Sp the number - Iron Maiden	http://guitarflash.me/?gfcMus=AJ5L87UODQI0
OGAP Solo - Adriano Hipy	http://guitarflash.me/?gfcMus=3JUB8N6PIQ9P
Back In The Day - Megadeth	http://guitarflash.me/?gfcMus=URD1JJ2JOC7K
Penúltimo Soothsayer - L O I S	http://guitarflash.me/?gfcMus=7VQVY4Q7GNFE
u tema d osu e no te utan -	http://guitarflash.me/?gfcMus=SKFTDCQ4WQVY
Casa Em Frente Ao Cemitério - MATANZA	http://guitarflash.me/?gfcMus=MSLM0FM1EF7S
Flatlines, Thin Lines - John 5	http://guitarflash.me/?gfcMus=KA1JIYM0JUB8
Breed - Nirvana	http://guitarflash.me/?gfcMus=JFCG9DO60MRP
Gantz Opening 1	http://guitarflash.me/?gfcMus=W6KENHAHTWBL
Damaged - John 5	http://guitarflash.me/?gfcMus=64KR3EVOB8A8
Hester Prynne  - As Blood Runs Black	http://guitarflash.me/?gfcMus=L4T9V9JXS06S
Suicide Squad. A Place For My Head - Linkin P	http://guitarflash.me/?gfcMus=V9EK0YFAPAD8
Hearts Burst Into Fire - Bullet For My Valent	http://guitarflash.me/?gfcMus=VM7LQ23PCRPH
Prelude - Joe Stump	http://guitarflash.me/?gfcMus=4RAMP0RVU1IG
A Draco Tale - Dragonforce	http://guitarflash.me/?gfcMus=FTX89FBU9WOI
[Attack on Titan] Great Escape - Cinema Staff	http://guitarflash.me/?gfcMus=5XWDHPI6R22Y
Diver - Naruto Shippuden	http://guitarflash.me/?gfcMus=AND6OAGGJUAE
Buried Alive - Avenged Sevenfold	http://guitarflash.me/?gfcMus=3RHF1Y2JMNS0
Empedrado - Project46	http://guitarflash.me/?gfcMus=8PKLCEM5PSAY
Identical Ageras - Need for speed soundtrack	http://guitarflash.me/?gfcMus=6MMU721XCKRX
Rebirth - Angra	http://guitarflash.me/?gfcMus=F8H7DYX6VD3Y
Shanghai Alice - Unlucky Morpheus	http://guitarflash.me/?gfcMus=AAGXATH51KL0
Brewer In The Air - Buckethead	http://guitarflash.me/?gfcMus=2O9K9COA85CB
Cirice - Ghost	http://guitarflash.me/?gfcMus=SDH2BML9DO1G
Wherever I May Roam - Metallica	http://guitarflash.me/?gfcMus=66BU23A8BA0D
Criminally Insane - Slayer	http://guitarflash.me/?gfcMus=0VGJN9QQ6DHG
heroes of War - Chavez Nieves	http://guitarflash.me/?gfcMus=8PHYSB43MIMK
Take It Out on Me - Thousand Foot Krutch	http://guitarflash.me/?gfcMus=4ISY04E5NU9M
all the small thing - Blink 182	http://guitarflash.me/?gfcMus=SE95Q5Q1KKQA
Anjo Meu - Dooelo	http://guitarflash.me/?gfcMus=675PMTEPJK1J
Enemy Of God - Kreator	http://guitarflash.me/?gfcMus=LUCHXTKKLCWB
Lost My Music	http://guitarflash.me/?gfcMus=1NNEO9J0C8Y1
Temper Temper - Bullet For My Valentine	http://guitarflash.me/?gfcMus=K8CB1VHM0GL4
Kingdom Of Heaven - Epica	http://guitarflash.me/?gfcMus=BS8UXQB3U7H3
Strike Of Ninja Solo - Dragonforce	http://guitarflash.me/?gfcMus=8952E18SDUUY
I Knew You Were Trouble - Taylor Swift	http://guitarflash.me/?gfcMus=J62HMW0GKKSR
Broken - Bullet For My Valentine	http://guitarflash.me/?gfcMus=LQ4WIR0TF84W
I Know It Hurts - Alter Bridge	http://guitarflash.me/?gfcMus=RA7I5G5PPF9E
Good Times Bad Times - Led Zeppelin	http://guitarflash.me/?gfcMus=B2PMSEKLM32K
You Want A Battle? (Heres a War) - Bullet For	http://guitarflash.me/?gfcMus=CK9MYJ953EBH
Aquilo Que Passei - Batrakia	http://guitarflash.me/?gfcMus=BN80Y5FP9AB9
17th Century Chicken Pickin - Impellitteri	http://guitarflash.me/?gfcMus=XR0KMXT2EELS
So Far Away - Martin Garrix, David Guetta	http://guitarflash.me/?gfcMus=P77EUBHTW4F9
Just A Memory - Escape The Fate	http://guitarflash.me/?gfcMus=YWRG9B0SFIGG
Operation Ground and Pound OGAP FULL - Dragon	http://guitarflash.me/?gfcMus=QAF5DE8HA5VA
Fly On The Wall - Thousand Foot Krutch	http://guitarflash.me/?gfcMus=GNP38WNHG673
Crush My Battle Opponents Balls - Dethklok	http://guitarflash.me/?gfcMus=622JB7B1A8JL
Death On Two Legs  - Queen	http://guitarflash.me/?gfcMus=W1KM17OJNATF
Egg Fried Rice - Callum Whyte	http://guitarflash.me/?gfcMus=G8D4WEH1LB3H
Force Fed Lies - Battlecross	http://guitarflash.me/?gfcMus=EHI0FFRXHNWA
Comida de 7 Colores - Abel Baca Perez	http://guitarflash.me/?gfcMus=0ENWOKIDIRYY
Fantastica Aventura - Anisio Mello Junior	http://guitarflash.me/?gfcMus=7N83JU1N1668
Snes Station Menu Music - Super Nintendo	http://guitarflash.me/?gfcMus=8X1M5JNRU274
No More Regrets  -  Arch Ememy	http://guitarflash.me/?gfcMus=W45HP6MBP7VR
Stupify - Disturbed	http://guitarflash.me/?gfcMus=6YPG0YCREPFS
Single Soon - Selena Gomez	http://guitarflash.me/?gfcMus=O379K7TY4SL5
Sourced Autonomy - Buckethead	http://guitarflash.me/?gfcMus=CTWCQD8XL1UI
Seven Kingdoms - Seven Kingdoms	http://guitarflash.me/?gfcMus=0UTMWWMQ92RR
Face The Day - Threat Signal	http://guitarflash.me/?gfcMus=ROUWSUT1N2BL
I Love Rock N Roll - Joan Jett & The Blackhea	http://guitarflash.me/?gfcMus=D5LED6QPCPWX
Miracle Man - Ozzy Osbourne	http://guitarflash.me/?gfcMus=KEA19428C2RM
Inverted - Schmutz06	http://guitarflash.me/?gfcMus=P5OY2UG63YO0
Soulless 5 - Exilelord	http://guitarflash.me/?gfcMus=CBYP6K5PUS1J
I Ran - A Flock Of Seagulls	http://guitarflash.me/?gfcMus=RA8EGH06CJWF
Acid Rain - Liquid Tension Experiment	http://guitarflash.me/?gfcMus=78N8OT0YD7RG
God Put A Smile Upon Your Face - Coldplay	http://guitarflash.me/?gfcMus=ABK6TF36IK94
We No Speak Americano - Yolanda Be Cool Vrs D	http://guitarflash.me/?gfcMus=4Y280S75OQPT
Rebel Love Song (Bass) - Black Veil Brides	http://guitarflash.me/?gfcMus=FS8L79TEHMAG
Low - Foo Fighters	http://guitarflash.me/?gfcMus=U6A3WPKSEGVB
Shot At The Night - The Killers	http://guitarflash.me/?gfcMus=U4DXV4K73YU1
Nathan Drakes Theme: Uncharted Rock / Metal	http://guitarflash.me/?gfcMus=1YYU4FGXL9K2
Do The Evolution - Pearl Jam	http://guitarflash.me/?gfcMus=YJYMFP4I6EFT
Electric Head, Part 2 (The Ecstasy) - White Z	http://guitarflash.me/?gfcMus=7UV60J2F6H27
Buried Myself Alive - The Used	http://guitarflash.me/?gfcMus=ONXUEP58H7SA
Here I Go Again (Whitesnake Cover) - Asking A	http://guitarflash.me/?gfcMus=LGMFT43317UP
Welcome to the Family - Avenged Sevenfold	http://guitarflash.me/?gfcMus=6XTW1M50WO38
Wake Up - Suicide Silence	http://guitarflash.me/?gfcMus=LGSF2K3V67IV
TTFAF Treino 2 - Adriano Hipy	http://guitarflash.me/?gfcMus=JAG536GFOC9A
the WORLD  - Nightmare	http://guitarflash.me/?gfcMus=YB78OQLCRFVR
Resurrection - Halford	http://guitarflash.me/?gfcMus=DD9INBCQOGGV
Bloodless - Buckethead	http://guitarflash.me/?gfcMus=WR6HMU98IW8B
Live For The Kill - Amon Amarth	http://guitarflash.me/?gfcMus=5GQP4UY288W6
Teenagers - My Chemical Romance	http://guitarflash.me/?gfcMus=7VYNDUPPM2DX
Phantom Of The Opera - Iron Maiden	http://guitarflash.me/?gfcMus=0SXD946FYF3I
Dos Copos de Nieve - La Oreja de Van Gogh	http://guitarflash.me/?gfcMus=3I34JMFCADJ9
UN VIOLINISTA EN EL TEJADO - MELENDI	http://guitarflash.me/?gfcMus=0LFEQUB0C06O
Im Yours - Jason Mraz	http://guitarflash.me/?gfcMus=757VT1GP1O0J
I Dont Care - Apocalyptica FT. Three Days Gra	http://guitarflash.me/?gfcMus=NB3VWIM1FJGC
Rattlehead - No Artist Set	http://guitarflash.me/?gfcMus=5Q404DT2BP79
Tenso Welcome To Violence - Adriano Hipy	http://guitarflash.me/?gfcMus=I4IAO603P1Q5
We Three Kings - Steve Ouimette	http://guitarflash.me/?gfcMus=4DN07V2AXTRM
The Man Who Sold The World - Nirvana	http://guitarflash.me/?gfcMus=1901X35S0U8T
The Castle - John 5	http://guitarflash.me/?gfcMus=FKSKHUIMP51C
Highschool DxD Opening 1	http://guitarflash.me/?gfcMus=EVSJQOBFPY1S
Q&A Recital! - Haruka Tomatsu	http://guitarflash.me/?gfcMus=844LD7JKXH1E
Leave It Alone - Tremonti	http://guitarflash.me/?gfcMus=J2OR9F8DUL18
Chasing The Light - Nautiluz	http://guitarflash.me/?gfcMus=H6FAK04YFTFS
Zoidberg The Cowboy - Schmutz06	http://guitarflash.me/?gfcMus=4IUOBWSLITW0
World Is Mine - Hatsune Miku	http://guitarflash.me/?gfcMus=TUE9YXREV5JC
Solo De Guitarra Destructivo - Iván Rogelio	http://guitarflash.me/?gfcMus=NIQ77WP2JF0W
In My World - Rookiez is Punk d	http://guitarflash.me/?gfcMus=SHT1F3NRMHSL
Ahavo Rabo Taco Salad - Alter Bridge	http://guitarflash.me/?gfcMus=8TS6U9XQAOQD
Dont Ask Dont Tell - Chelsea Grin	http://guitarflash.me/?gfcMus=LCB7WPO67L3X
Sing Me To Sleep - Alan Walker	http://guitarflash.me/?gfcMus=NB23U0D6SWRY
A Moment In Time - Mike Orlando	http://guitarflash.me/?gfcMus=M9PP89NFP00V
Eruption - Eddie Van Halen	http://guitarflash.me/?gfcMus=JIVCVKW3MQ62
Elizabeth Reggae - Earl Grant	http://guitarflash.me/?gfcMus=CBUGNYIODSDE
Solos Medley - Megadeth	http://guitarflash.me/?gfcMus=KW4B2RXUMSXT
Ties That Bind - Alter Bridge	http://guitarflash.me/?gfcMus=0RATI80GMED3
2 Minutes To Midnight - Iron Maiden	http://guitarflash.me/?gfcMus=26A5M1D7UBUY
Congregation - Foo Fighters	http://guitarflash.me/?gfcMus=3WRLJBF5M894
Runaway - Bon Jovi	http://guitarflash.me/?gfcMus=7C8XASRU8665
Save Me - Avenged Sevenfold	http://guitarflash.me/?gfcMus=620S5WCB9T78
Highly Strung - Orianthi and Steve Vai	http://guitarflash.me/?gfcMus=5DDSTVGT5VT0
Guys Like You Make Us Look Bad - Blessthefall	http://guitarflash.me/?gfcMus=6K1W312UHMDX
No Return - Avantasia	http://guitarflash.me/?gfcMus=G6R3KTXCPUPT
Paul Gilbert plays Spanish Fly by Van Halen.m	http://guitarflash.me/?gfcMus=6PVJYFW6XX80
Take On Me - A-Ha	http://guitarflash.me/?gfcMus=4Y0KJHDY18PF
Goodbye Graceful - Falling In Reverse	http://guitarflash.me/?gfcMus=GBXUGKJ12IT6
heroes of War - Chavez Nieves	http://guitarflash.me/?gfcMus=U7X0N3NTCSL0
30 Songs in 1 Minute - Rob Scallons	http://guitarflash.me/?gfcMus=R3F69X7SIWDB
Freestyle Shred - Rusty Cooley	http://guitarflash.me/?gfcMus=BN3T79O4JYO4
Jordan 150% Speed - Buckethead	http://guitarflash.me/?gfcMus=5W55VGHNXG1I
If You Cant Hang - Sleeping With Sirens	http://guitarflash.me/?gfcMus=0QIJ3IEOMDNN
We Three Kings - Steve Ouimette	http://guitarflash.me/?gfcMus=2KYAFO08SB8J
VIP PARTY - AXS	http://guitarflash.me/?gfcMus=4R769WFQ0NIP
Fallen Angels - Black Veil Brides	http://guitarflash.me/?gfcMus=X84LJGKYAOQ8
My Apocalypse - Arch Enemy	http://guitarflash.me/?gfcMus=3EOS7MLA6OR0
Decode - Paramore	http://guitarflash.me/?gfcMus=CKGH18E7MOL1
The Race - Arch Enemy	http://guitarflash.me/?gfcMus=OL4C0YEIMR4D
Bye Bye Beautiful - Nightwish	http://guitarflash.me/?gfcMus=CA3CA83SJOCL
TrainSaw - Nylithia	http://guitarflash.me/?gfcMus=B06FWFA37BNY
Monster - Skillet	http://guitarflash.me/?gfcMus=7Y93AIKN9T6C
I still loving you  - Scorpions	http://guitarflash.me/?gfcMus=B7UGIMQK66VW
Blackened - Metallica	http://guitarflash.me/?gfcMus=VHXCH0TPJJ9E
Lifestyle - Purpura Ink	http://guitarflash.me/?gfcMus=0JGKEGXX6JH0
Paranoid Android - Radiohead	http://guitarflash.me/?gfcMus=ABCEFO4NC6AK
Guardians Of Asgaard - Amon Amarth	http://guitarflash.me/?gfcMus=VWI6FRK9LAC7
Youre Not Alone - Dragonforce	http://guitarflash.me/?gfcMus=F8MHBMKI7E2Q
Sweet Dreams - Marilyn Manson	http://guitarflash.me/?gfcMus=NPPNLF8DWFIS
Seraph - Anterior	http://guitarflash.me/?gfcMus=OQBU10YX0SK3
Washington Is Next - Megadeth	http://guitarflash.me/?gfcMus=FI38R8SN69BK
Hunting High and Low - Stratovarius	http://guitarflash.me/?gfcMus=ROVUYD9RGLML
Sidneys Fanatical Solo Frenzy - Sidney 600	http://guitarflash.me/?gfcMus=Q2WA4OYNO7Y5
Ta Tranquilo Ta Favorável  - MC Bin Laden	http://guitarflash.me/?gfcMus=0N0DR4K8T7WO
Beat It Solo - Van Halen	http://guitarflash.me/?gfcMus=TQYYGFIMXWF3
To The Rats - Trivium	http://guitarflash.me/?gfcMus=IWQNJV1KOVUR
Hey Bulldog  - The Beatles	http://guitarflash.me/?gfcMus=SG1YU34AL2RS
Treino meu  VAZAAA - Adriano Hipy	http://guitarflash.me/?gfcMus=98E0DL4DY1GT
Into the Lungs of Hell   - Megadeth	http://guitarflash.me/?gfcMus=AETOISSIW02I
Dawn of the Dead ( Solo ) - Demetori	http://guitarflash.me/?gfcMus=JOPOEE0WWNDS
El mariachi - Antonio Banderas	http://guitarflash.me/?gfcMus=AIBXNO88WMHG
WTF Song Part 2 - GodelGF	http://guitarflash.me/?gfcMus=EUAV3H9HW8MW
Bulls in the Bronx - Pierce The Veil	http://guitarflash.me/?gfcMus=I6CT4WRSKGF1
Mario Minor - Powerglove	http://guitarflash.me/?gfcMus=6NGOUKTA0NH5
Bone Saw - Xavlegbmaofffassssitimiwoamndu...	http://guitarflash.me/?gfcMus=CG08IP5EOGIQ
Downfall - Exodus	http://guitarflash.me/?gfcMus=4LBXE1IG3NNX
Maddy Candy - K-ON!	http://guitarflash.me/?gfcMus=5DG9AYT009SR
Stages - ZZ Top	http://guitarflash.me/?gfcMus=NOQJWG3TJJ6T
Call of The Dead | Not Ready To Die - Avenged	http://guitarflash.me/?gfcMus=JQILRVYRWLEY
Disposable Heroes - Metallica	http://guitarflash.me/?gfcMus=P2B5JLTCSAKT
Triciclo Perú - Los Mojarras	http://guitarflash.me/?gfcMus=IAMWWB0U85J6
Dream Theater - The Alien (Official Video) -	http://guitarflash.me/?gfcMus=XXS39S3RU8G7
Hey There Mr. Brooks (Feat Shawn Mike Of Ales	http://guitarflash.me/?gfcMus=6247RI47XQI0
The Godfather - Eric Calderone ( Meets Metal	http://guitarflash.me/?gfcMus=PSQQ23BYJBNX
Not My Type/Dead As Fuck 2 - Motionless In Wh	http://guitarflash.me/?gfcMus=B9G9GUTWFFXA
Diary Of Hells Guitar - Andy James	http://guitarflash.me/?gfcMus=5JIK51MHTWBO
A.T.W.A Lyrics - System of a down	http://guitarflash.me/?gfcMus=42L8BYKKPRG5
Plug In Baby - Muse	http://guitarflash.me/?gfcMus=PXTVDPEMSN5V
Peppers Ghost - Buckethead	http://guitarflash.me/?gfcMus=BJTBJWXQ5JVP
Lost My Music - Aya Hirano	http://guitarflash.me/?gfcMus=JQGWG3KC3NQL
Shinkokyuu - ASIAN KUNG-FU GENERATION	http://guitarflash.me/?gfcMus=YT5Y09J0BBPQ
La Costa Del Silencio - Mago De Oz	http://guitarflash.me/?gfcMus=FH5W6SVYF0NY
Intervals - Epiphany	http://guitarflash.me/?gfcMus=14WVLG35QHQU
We Three Kings - Steve Ouimette	http://guitarflash.me/?gfcMus=8EHWBXPOM6MH
Not Alone - All That Remains	http://guitarflash.me/?gfcMus=5IK8LDFNHGA3
I Am A Cybernetic Organism Living Tissue Over	http://guitarflash.me/?gfcMus=8A2GR70VWSIK
Friezas Secret Plan - Dragon Ball Super	http://guitarflash.me/?gfcMus=AWQJ03MW2L84
Baby Deatmatch - Rin Kagamine	http://guitarflash.me/?gfcMus=I3Q23WYLVFPO
Three Hammers - Dragonforce	http://guitarflash.me/?gfcMus=1UNU5IS6515W
Broken Frames - Eyes Set To Kill	http://guitarflash.me/?gfcMus=7C3UAMVNBIJ0
Scream - Avenged Sevenfold	http://guitarflash.me/?gfcMus=ATDQD2A8C4GX
Seasons - DragonForce	http://guitarflash.me/?gfcMus=SHTUC3HVFK5Y
Battery - Metallica	http://guitarflash.me/?gfcMus=9OEQTBX5S4M4
Dino vs. Dino - Far From Alaska	http://guitarflash.me/?gfcMus=BG8VOWIBUDHM
Downfall - TRUSTcompany	http://guitarflash.me/?gfcMus=EMHR2PDUOBFG
Got Your Six - Five Finger Death Punch	http://guitarflash.me/?gfcMus=65IYJ2VMGRM6
Busou Shoujo Machiavellianism Ending  - Tenka	http://guitarflash.me/?gfcMus=YN2WW52X2G8F
Genocide - Suicide Silence	http://guitarflash.me/?gfcMus=AD57ME7SRE04
Cutting Loose - Reb Beach	http://guitarflash.me/?gfcMus=IBARQGSQJ9XU
She-Wolf - Megadeth	http://guitarflash.me/?gfcMus=QYF72TPTVI7T
Hunting High And Low - Stratovarius	http://guitarflash.me/?gfcMus=IO7YAE7RV3X9
House Of Wolves - My Chemical Romance	http://guitarflash.me/?gfcMus=DRSHRUY1CWVB
Break The Silence - Killswitch Engage	http://guitarflash.me/?gfcMus=V9I0JTHBYF00
Cahaya Bidadari - Batu Nisan	http://guitarflash.me/?gfcMus=82N052IXYSX7
Uptown Funk - Mark Ronson (feat. Bruno Mars)	http://guitarflash.me/?gfcMus=P4W1PDHB31MU
Solos Album Maximum Overload - DragonForce	http://guitarflash.me/?gfcMus=LHJO1HYGXF8N
The Final Countdown - Europe	http://guitarflash.me/?gfcMus=G3939OKWPUXI
10th Man Down Lyrics   - Nightwish	http://guitarflash.me/?gfcMus=2O8R7TGGMIOX
Synth Wars - Schmutz 06	http://guitarflash.me/?gfcMus=KE8CVJYW4CF8
Dragon Ball Super ED 4 - Projeto Remake	http://guitarflash.me/?gfcMus=DSYGJH9M93IT
Memórias - Pitty	http://guitarflash.me/?gfcMus=P9001R4YJ845
Every Breath You Take - The Police	http://guitarflash.me/?gfcMus=QAFAJ648WU7X
Closer - Projeto Remake	http://guitarflash.me/?gfcMus=AQQ6AJ952G27
Lost Souls In Endless Time - DragonForce	http://guitarflash.me/?gfcMus=OBP4TW3SPPIA
Not The American Average - Asking Alexandria	http://guitarflash.me/?gfcMus=RKEP5S5IV9VB
Dreamstate - Dayseeker	http://guitarflash.me/?gfcMus=RFAI1V9S1JKD
H.S. DxD BorN Opening - ChouCho	http://guitarflash.me/?gfcMus=6U9996YE95CI
Its My Life - Bon Jovi	http://guitarflash.me/?gfcMus=DOC3JYEF5DSQ
For Whom The Bell Talls - Metallica	http://guitarflash.me/?gfcMus=XOD1JFS03Q73
Around The World - Red Hot Chili Peppers	http://guitarflash.me/?gfcMus=MJXR2TRHA3B5
Meu Novo Mundo - Charlie Brown Jr.	http://guitarflash.me/?gfcMus=JKKRDVIGYAVS
The Philosopher - Death	http://guitarflash.me/?gfcMus=K2A4URTOJOF6
Sing Me To Sleep - Alan Walker	http://guitarflash.me/?gfcMus=QLLD78TJNE67
Prepare For War - DragonForce	http://guitarflash.me/?gfcMus=U0AOAWVWS4DF
Faith is for the Transient People ( Solos 1 y	http://guitarflash.me/?gfcMus=CNU8VJUHKHD8
Jocelyn Flores - XXXTENTACION	http://guitarflash.me/?gfcMus=PSBTXOD39NW9
Treino Pessoal OGAP 4 - Adriano Hipy	http://guitarflash.me/?gfcMus=B9KLBQQECO92
Strike Of The Ninja - DragonForce	http://guitarflash.me/?gfcMus=H6G6V2YF2X3S
Lovers On The Sun - David Guetta	http://guitarflash.me/?gfcMus=DK3QXMTYXVNY
scars 7mo - dragonforce	http://guitarflash.me/?gfcMus=YF701L3FLIJM
The End Of Heartache - Killswitch Engage	http://guitarflash.me/?gfcMus=FY8CWA4732GN
Dead - Asking Alexandria	http://guitarflash.me/?gfcMus=SA2E81YD7J99
Dont Start Now - Dua Lipa	http://guitarflash.me/?gfcMus=AW2YU6FLWI72
DF Fury Of The Storm (Solo) - DragonFlashX	http://guitarflash.me/?gfcMus=8WH89BW9M5ST
Silent Night, Bodom Night - Children Of Bodom	http://guitarflash.me/?gfcMus=QSH6NKSH52P1
Climb Up (SOLO) - Concerto Moon	http://guitarflash.me/?gfcMus=8X5358F0D1TJ
World Long Gone - Scars on Broadway	http://guitarflash.me/?gfcMus=U65X224CADK6
Money Talks - AC-DC	http://guitarflash.me/?gfcMus=FG7WPEC12LBM
Rap God - Eminem	http://guitarflash.me/?gfcMus=G8BHDBY0J0G3
[Suzumiya Haruhi] God knows... - Aya Hirano	http://guitarflash.me/?gfcMus=ILL7C55FLUVV
Emerald Sword - Rhapsody of Fire	http://guitarflash.me/?gfcMus=LV2W0RL1KHAQ
I Will Live Again (HIGH QUALITY) - ARCH ENEMY	http://guitarflash.me/?gfcMus=MD48LHXIMTRR
Trafico Cultural - Mr Catra E Os Templarios	http://guitarflash.me/?gfcMus=P5PUDWBMP3C1
Im in Miami Bitch - LMFAO	http://guitarflash.me/?gfcMus=BT5W5UQF0ATE
No puedo borrar esto xd - no jugar uwu	http://guitarflash.me/?gfcMus=0NSILNPBU4X6
Angel of Salvation - Galneryus	http://guitarflash.me/?gfcMus=7OWPI9T9DOVA
Ruby - Kaiser Chiefs	http://guitarflash.me/?gfcMus=E6CNWN2CRIAE
Invisible man (Solo) - Queen	http://guitarflash.me/?gfcMus=GYVB2Q9JTFIY
Buried Alive - Avenged Sevenfold	http://guitarflash.me/?gfcMus=BURVPPFQ3283
Behold The Crown - After The Burial	http://guitarflash.me/?gfcMus=F6X2YAF8VPU0
Bumblee Bee Vlad Filth 150% speed - Schmutz06	http://guitarflash.me/?gfcMus=M5EO9B0N9QKQ
Popular Monster - Falling In Reverse	http://guitarflash.me/?gfcMus=PV3XNLLOT3FE
Go Go Power Rangers - Buckethead	http://guitarflash.me/?gfcMus=UI1IMIFE7HLU
Tappings *O*/ - Slender GF	http://guitarflash.me/?gfcMus=WMUFQPBBHFG7
Born To Lead - Falling In Reverse	http://guitarflash.me/?gfcMus=7D2Q13B2A1JC
Test Zigzag - GodelGF	http://guitarflash.me/?gfcMus=HCHINC22HUWP
Crazy Train - Ozzy Osbourne	http://guitarflash.me/?gfcMus=MB83JVXVBBRG
The Negative One - Slipknot	http://guitarflash.me/?gfcMus=87NKUUCPR23Q
Wonderland - Flip	http://guitarflash.me/?gfcMus=DQ6K1HU1FL5N
Te Quiero Puta - Rammstein	http://guitarflash.me/?gfcMus=ALOT1EFCEQ9M
Cry Of The Brave - Dragonforce	http://guitarflash.me/?gfcMus=3JYKR9RP0QVU
One Solo Expert - Metallica	http://guitarflash.me/?gfcMus=J0YHD93OH60G
Champagne Bath - Sonata Arctica	http://guitarflash.me/?gfcMus=6RQROY2CNCLA
Skrillex - Cinema - ManausGF	http://guitarflash.me/?gfcMus=66G50PWKLBY5
Hunting High And Low - Stratovarius	http://guitarflash.me/?gfcMus=8QDAWWAL6XBI
Nymphetamine - Cradle of Filth	http://guitarflash.me/?gfcMus=XSSEAHNE1GA0
My Religion TESTER - Javi Boss	http://guitarflash.me/?gfcMus=C9FLJ4GSEIMJ
RAINBOW BUNCHIE!! - :v	http://guitarflash.me/?gfcMus=R8HCITKMDH79
Plain Asia - Touhou	http://guitarflash.me/?gfcMus=00QTE5PX7FX8
Fiddlers - John 5	http://guitarflash.me/?gfcMus=P4VVJLLKGBB7
Hannya Shingyo - Miku Hatsune	http://guitarflash.me/?gfcMus=3PXE90XWDT21
Electronic Slight Of Hand - Buckethead	http://guitarflash.me/?gfcMus=P5M4N1VU23C0
NNRT Sakura Luminance - Levaslater Ryu	http://guitarflash.me/?gfcMus=PK4I3YKETOR1
Needles CA - John 5 INVERTIDA	http://guitarflash.me/?gfcMus=985CQL0AKAI9
Revolution Is My Name - Pantera	http://guitarflash.me/?gfcMus=3BBMHCMOG5CJ
Dimrain47 - At the Speed of Light - Dimrain47	http://guitarflash.me/?gfcMus=HF3WL47D6SYS
Motherland - Chris Mike	http://guitarflash.me/?gfcMus=NEQBC4IJCBI3
Peace Sells - Megadeth	http://guitarflash.me/?gfcMus=KK9NQMREX0X6
I Miss You - Blink-182	http://guitarflash.me/?gfcMus=8A0SBU7P99J6
Be Yourself - Audioslave	http://guitarflash.me/?gfcMus=617SEDD4ETUE
Chasing The Light - Nautiluz	http://guitarflash.me/?gfcMus=9YNOYXWN0BLF
Power of the Triforce - DragonForce	http://guitarflash.me/?gfcMus=ANGRB4OC1WMS
Save Me - Avenged Sevenfold	http://guitarflash.me/?gfcMus=BT538UWB77H2
Imperium - Machine Head	http://guitarflash.me/?gfcMus=L807U1BIBKYS
Hook In Mouth  - Megadeth	http://guitarflash.me/?gfcMus=KAYYDX4BBLYH
Lifeline - Thousand Foot Krutch	http://guitarflash.me/?gfcMus=LLTYU5NIE9CF
Hotel California  - Gabriella Quevedo	http://guitarflash.me/?gfcMus=OWACFHH8DT30
Slaves To Substance - Suicide Silence	http://guitarflash.me/?gfcMus=6J9YTBTUUG0R
[Naruto Shippuden] Blue Bird - Ikimono Gakari	http://guitarflash.me/?gfcMus=L84JM5I5T2MK
Another Opening	http://guitarflash.me/?gfcMus=HUF6865A92QO
Parte Tensa Speed Metal Messiah - LoisGF	http://guitarflash.me/?gfcMus=4HS534K1URW9
Trilogy Suite Op. 5 - Yngwie Malmsteen	http://guitarflash.me/?gfcMus=H5NY7182TKDC
Black Hearted Soul - Angra	http://guitarflash.me/?gfcMus=1Q35IK1AA1P8
Rebellion - Linkin Park	http://guitarflash.me/?gfcMus=P8685Y51OSFX
This Calling - All that Remains (sem sp)	http://guitarflash.me/?gfcMus=55QGL94NFRWF
Peacemaker - Green Day	http://guitarflash.me/?gfcMus=M6A7BFWA6JLB
Retaliator - Scar Symmetry	http://guitarflash.me/?gfcMus=4QF1YXPPKC5W
Como Yo Nadie Te Ha Amado  - Bon Jovi	http://guitarflash.me/?gfcMus=U9ISIK1B790C
Help - The Beatles	http://guitarflash.me/?gfcMus=0RE0A4Q2CQ08
Inside The Winter Storm - DragonForce	http://guitarflash.me/?gfcMus=9FV2MLU7D4DM
Hit The Lights - Metallica	http://guitarflash.me/?gfcMus=Y7V9JAITIM3M
Ievan Polkka - Hatsune Miku	http://guitarflash.me/?gfcMus=DSN2OFGXF6KV
Burn In Hell - Twisted Sister	http://guitarflash.me/?gfcMus=NGAJ4B36DA9P
Te Quiero Puta - Rammstein	http://guitarflash.me/?gfcMus=UI3E1CYP8DWV
Once In A Lifetime - DragonForce	http://guitarflash.me/?gfcMus=283WVH57OC8I
Diary Depresiku - Last Child	http://guitarflash.me/?gfcMus=GL53AE54ER53
Free Bird Cover Solo lml - Lynyrd Skynyrd Ft	http://guitarflash.me/?gfcMus=FVNC2KAOFF2N
Good Girls Bad Guys - Falling In Reverse	http://guitarflash.me/?gfcMus=WW7YH7IQ5QPV
SOLO GUITAR - POP THE SUN	http://guitarflash.me/?gfcMus=MSI5JCAVJ281
True Friends - Bring Me The Horizon	http://guitarflash.me/?gfcMus=IWVSEIG1SY6W
Fatality - Xenogenocide	http://guitarflash.me/?gfcMus=0VMNKOV3P9HL
Always - blink182	http://guitarflash.me/?gfcMus=U5ENMCIKABUQ
Chop Suey Treino Fim Prolongado - Adriano Hip	http://guitarflash.me/?gfcMus=XE2AUGUF22KQ
Bleach Abertura 1 - Projeto Remake	http://guitarflash.me/?gfcMus=VPQIAHKQK5HT
Real - Bumblefoot	http://guitarflash.me/?gfcMus=449R2TQK2S6J
Handshake With Hell - Arch Enemy	http://guitarflash.me/?gfcMus=4X9F9INXMWCM
Here To Stay - Korn	http://guitarflash.me/?gfcMus=ENCH1A1NYHRO
Storm The Sorrow - Epica	http://guitarflash.me/?gfcMus=P0ID941CY97B
Gory Head Stump - Buckethead	http://guitarflash.me/?gfcMus=AHFFLKBL0SGV
Panamericano - ---	http://guitarflash.me/?gfcMus=AAMU806HRBLI
White Washed - August Burns Red	http://guitarflash.me/?gfcMus=UYIMRO1A6G1L
Final Masquerade - Linking Park	http://guitarflash.me/?gfcMus=LK11INOMDBA9
Gakuen Toshi Asterisk S2 Opening - Shiena Nis	http://guitarflash.me/?gfcMus=C6X7B8U78YIY
Keep It Hellish - Hellish War	http://guitarflash.me/?gfcMus=S8ANFEWKLCVD
HERO ~Kibou no Uta~ Latino - DRAGON BALL Z	http://guitarflash.me/?gfcMus=LIDM1B391RKI
From the Inside - Linkin Park	http://guitarflash.me/?gfcMus=VF5F2Q5Y4SK8
Solo This War is Ours - Adriano Hipy	http://guitarflash.me/?gfcMus=L0HHR2WFBCEA
Creep - Radiohead	http://guitarflash.me/?gfcMus=C507VTB9UK6M
Already Over - red	http://guitarflash.me/?gfcMus=SA2GM40P1LLW
Like A Villain - Bad Omens	http://guitarflash.me/?gfcMus=D28IXNTQGSHR
varzea - varzea	http://guitarflash.me/?gfcMus=G9CXASV3RRR6
Micro-Aggressions - Animals As Leaders	http://guitarflash.me/?gfcMus=FXEI9RBUFYRG
The Price Of Beauty - Suicide Silence	http://guitarflash.me/?gfcMus=BSEP1FG5EHSM
Naruto Shippuden Opening 16	http://guitarflash.me/?gfcMus=IU3672UW6VH1
Halo Theme Mjolnir Mix - O Donnell, Salvatori	http://guitarflash.me/?gfcMus=QOXCCOV2W7XC
ELECTRO BILADA - Mreagglepoop	http://guitarflash.me/?gfcMus=6Q1JNBHWGC7H
Our Last Night - Middle Of The Night(cover)	http://guitarflash.me/?gfcMus=534T7FR4PUU2
Brewer In The Air - Buckethead	http://guitarflash.me/?gfcMus=OPISIQ4BD57A
People = Shit - SLIPKNOT	http://guitarflash.me/?gfcMus=MFLW5WBL1RJN
Hysteria - Muse	http://guitarflash.me/?gfcMus=0BXQ2YX96TWU
IDOL [Oshi No ko] - YOASOBI	http://guitarflash.me/?gfcMus=A3W1M270LLD6
Bone Saw - Xavlegbmaofffassssitimiwoamndu...	http://guitarflash.me/?gfcMus=U05JI25B4SQA
Tender Surrender - Steve Vai	http://guitarflash.me/?gfcMus=EXT0N68JXQDV
Diver - NICO Touches the Walls	http://guitarflash.me/?gfcMus=Y5DY0D3SOYC1
Blaze Heatnix - Megaman X6	http://guitarflash.me/?gfcMus=4UNSEARHJKXW
False Desire - Forever In Combat	http://guitarflash.me/?gfcMus=MJ4RAASAF3XB
Kevin o Chris - Evoluiu -	http://guitarflash.me/?gfcMus=P3401L7YMSX1
El Sueño De La Gitana - Rata Blanca	http://guitarflash.me/?gfcMus=EDXASH13MOIL
SOLO Utopia - Schmutz 06	http://guitarflash.me/?gfcMus=M57PW3A0PY9J
Miles of Machine - Jeff Loomis	http://guitarflash.me/?gfcMus=SW9KG7RYD7WM
War of The Angels - Rusty Cooley	http://guitarflash.me/?gfcMus=BEOOSX8SFL31
Monsters - Matchbook Romance	http://guitarflash.me/?gfcMus=X0FSFCAPCSIK
The Arms Of Sorrow - Killswitch Engage	http://guitarflash.me/?gfcMus=IUA1DIOT5YGJ
Ever Fallen In Love - Thursday	http://guitarflash.me/?gfcMus=D7JDTKANP499
Dammit - Blink-182	http://guitarflash.me/?gfcMus=88FSG4D8LN57
The Godfather - Slash	http://guitarflash.me/?gfcMus=RLEFS9D1OT71
[Attack on Titan:Final] UNDER THE TREE - SiM	http://guitarflash.me/?gfcMus=8Y0PV9I6NP73
Pacific Rim - Eric Calderone	http://guitarflash.me/?gfcMus=IHFD2CIDG6FV
Devil May Cry	http://guitarflash.me/?gfcMus=3OYBHA3HL621
Ta Tranquilo, Ta Favoravel Versao Metal - O M	http://guitarflash.me/?gfcMus=FRFUU1BJ9T9W
Evil Has No Boundaries - Slayer	http://guitarflash.me/?gfcMus=VPN2TE8KPRH2
Lutar Pelo Que  Meu - Charlie Brown Jr	http://guitarflash.me/?gfcMus=1LY74EPRE2KV
For Whom The Bells Tolls - Metallica	http://guitarflash.me/?gfcMus=39M8W9BGQSXR
Op.10 No.6 In G Flat Major - Vitalij Kuprij	http://guitarflash.me/?gfcMus=V2JNEUJMLVIQ
Beautiful Remains - Black Veil Brides	http://guitarflash.me/?gfcMus=5TKF9IPS4HMT
The Game  - Dragonforce	http://guitarflash.me/?gfcMus=I0D4UO788U9I
[Nightcore] Make A Move - Icon For Hire	http://guitarflash.me/?gfcMus=EAJO7P5EPDQ1
Beyblade  Opening 1	http://guitarflash.me/?gfcMus=WL3GG02BU931
Rasgando a Madrugada - MC Léo da Baixada	http://guitarflash.me/?gfcMus=V7MQV121OSBP
War of the Stars - Foxwave	http://guitarflash.me/?gfcMus=5NSNVO5N2TQS
For Stevie Wonders Eyes Only (Braille) - Brin	http://guitarflash.me/?gfcMus=F3E21CUHM1L0
The Raising Fighting Spirit - No Artist Set	http://guitarflash.me/?gfcMus=FUW40VP98FOU
Over The Mountain - Ozzy Osbourne	http://guitarflash.me/?gfcMus=95UVTX5CXIPU
[Bleach] chAngE - Miwa	http://guitarflash.me/?gfcMus=2NJ58FNU90YW
Trilogy Suite Op. 5 - Yngwie Malmsteen	http://guitarflash.me/?gfcMus=LK20KFEIR3Y9
Cereal Metal - Massacration	http://guitarflash.me/?gfcMus=K958G56DF7AA
El Quinto Sol - Arcadia Libre	http://guitarflash.me/?gfcMus=GF9VFI7TIQAB
233 - 433	http://guitarflash.me/?gfcMus=HBIEYEWI4YKQ
Solo Once In Lite - Dragonforce	http://guitarflash.me/?gfcMus=00TGX9809QLM
Age Of The Red Moon - Rhapsody Of Fire	http://guitarflash.me/?gfcMus=QEUO8H9QGSMU
Salvation Suicide - Angra	http://guitarflash.me/?gfcMus=8GALSPNAOJ01
Natsu Matsuri - Hatsune Miku [Watamote!]	http://guitarflash.me/?gfcMus=GHOOL40KUTP6
20th Century Boy - Buckethead	http://guitarflash.me/?gfcMus=PK64M23FVYFF
Solo Raise My Sword - Galneryus	http://guitarflash.me/?gfcMus=JOYEYOE5VMNC
Hello Hello Hello - Good Morning America	http://guitarflash.me/?gfcMus=PXX7BD1Y4P5O
Naruto Shippuden Opening 9	http://guitarflash.me/?gfcMus=23RT33X52N4D
Adios - Rammstein	http://guitarflash.me/?gfcMus=J2OPFXN4O5D8
Sweet Sacrifice - Evanescence	http://guitarflash.me/?gfcMus=TGQU8SD8KQS5
Cracktivy Jones - Pixies	http://guitarflash.me/?gfcMus=W6JGIYUQ1D0L
Boku no Hero Academia S2 Opening 2 - Amazaras	http://guitarflash.me/?gfcMus=2P9G1S4O8NCO
Classico - Tenacious D	http://guitarflash.me/?gfcMus=0Y96QYN0EOJC
AKATSUKI - BABYMETAL	http://guitarflash.me/?gfcMus=TIEAP5YMVBJV
Jessica - The Allman Brothers Band	http://guitarflash.me/?gfcMus=P75KBYHS2NR8
Beyond This Life - Dream Theater	http://guitarflash.me/?gfcMus=FETX1CTG57US
Inflikted - Cavalera Conspiracy	http://guitarflash.me/?gfcMus=RVJ4H2GEST77
Vile Stage - Megaman X3 OST	http://guitarflash.me/?gfcMus=BFICEGV9VQ4K
Dont Ask Dont Tell - Chelsea Grin	http://guitarflash.me/?gfcMus=RH4B5DKPUPFW
Radio/Video - System Of A Down	http://guitarflash.me/?gfcMus=6KY9PGYJ8V2K
upr lv - 111	http://guitarflash.me/?gfcMus=3UYP1B1ISPWX
Victim Of Fate - Helloween	http://guitarflash.me/?gfcMus=CXA77U5WIWBO
Solo A Scars Of Yesterday  - LoisGF	http://guitarflash.me/?gfcMus=Y7W7RKNFPY3M
Opening 4 - Naruto Shippuden	http://guitarflash.me/?gfcMus=EV18DPFJ4P0C
Shepherds Commandment - Dying Fetus	http://guitarflash.me/?gfcMus=XYIHAQ57TDTM
Blow Me Away - Breaking Benjamin	http://guitarflash.me/?gfcMus=3O2Q155IVBPS
Treino Pessoal OGAP 2 - Adriano Hipy	http://guitarflash.me/?gfcMus=DGSFAIKMBLV8
Race With Destiny - Vinnie Moore	http://guitarflash.me/?gfcMus=RGB9JD08T9E3
Devils Island - Megadeth	http://guitarflash.me/?gfcMus=74BFME4CBCNX
Calvin Harris - Well Be Coming Back - ManausG	http://guitarflash.me/?gfcMus=96M3155HX2FN
Fever - Bullet For My Valentine	http://guitarflash.me/?gfcMus=M4OA4M9CVTIB
New Born - Muse	http://guitarflash.me/?gfcMus=5D8KNXPVLIU7
Full Moon - Sonata Artica	http://guitarflash.me/?gfcMus=7KPW6PHCS8RA
Garnachas - Vete A La Versh	http://guitarflash.me/?gfcMus=NKKTV72DECPG
Decode - Paramore	http://guitarflash.me/?gfcMus=6D60HW77D9IG
Cheio do espirito Santo - Thalles roberto	http://guitarflash.me/?gfcMus=1VIC7LPS1T5H
Utopia 150% speed - Schmutz06	http://guitarflash.me/?gfcMus=MT8IQSQ2BQWH
Foreclosure of a Dream - Megadeth	http://guitarflash.me/?gfcMus=PFXUD0UF4QYB
Narcisista Por Excelencia - Pxndx	http://guitarflash.me/?gfcMus=3J288KLVN9V8
No Scared - One Ok Rock	http://guitarflash.me/?gfcMus=AJ1AU4OEPB6V
Crush My Battle Opponents Balls - Dethklok	http://guitarflash.me/?gfcMus=P91X7BIODRG6
Forbidden City - Marty Friedman	http://guitarflash.me/?gfcMus=8VKTV6554849
Solo - Valley Of The Damned - Dragonforce	http://guitarflash.me/?gfcMus=Q8VVNXDONWSO
Break It Down (D-Generation X) - Jim Johnston	http://guitarflash.me/?gfcMus=CA42IARDYVCY
When The Water Breaks - Liquid Tension Experi	http://guitarflash.me/?gfcMus=BJSM83KBBK8C
café com leite - Leo, Finn, Mateus	http://guitarflash.me/?gfcMus=PYMW2IOY9VUP
Decode - Paramore	http://guitarflash.me/?gfcMus=0FATFXMDG4ON
Asylum - Disturbed	http://guitarflash.me/?gfcMus=JT7U68EA28G3
solo - dragonforce	http://guitarflash.me/?gfcMus=LOB63RR3RNFD
La Muralla Verde - Enanitos Verdes	http://guitarflash.me/?gfcMus=H29BO029B1AS
Solo Demonstrarion - Syu - Galneryus	http://guitarflash.me/?gfcMus=TOGISHWOXB1T
Heart Of The Storm - Dragonforce	http://guitarflash.me/?gfcMus=0B7ERQR8YCJF
OficinaG3 - Alguns solos - ManausGF	http://guitarflash.me/?gfcMus=T6AXRXO2SRJO
Dont Need You - Bullet For My Valentine	http://guitarflash.me/?gfcMus=FN3RH1MFYJH4
She Wolf - Megadeth	http://guitarflash.me/?gfcMus=O0V5AYUP8AHC
Phanton of the Opera - Iron Maiden	http://guitarflash.me/?gfcMus=7PXBLJL376J1
Frozen Brains Tell No Tales - Buckethead	http://guitarflash.me/?gfcMus=ASME3U466N3H
Real - Bumblefoot	http://guitarflash.me/?gfcMus=IN8VLG28I7MA
Ronald  McRolld  - Chart By Everson	http://guitarflash.me/?gfcMus=6BGNRAG7TDSP
Saturday - The Enemy	http://guitarflash.me/?gfcMus=Y70LE6FBEVEE
Sick of It - Skillet	http://guitarflash.me/?gfcMus=SKBDTHO3ML87
Hit The Lights - Black Tide	http://guitarflash.me/?gfcMus=XU6LW0W4C82G
Charge - Celesty	http://guitarflash.me/?gfcMus=OGYD4YCSIYYE
Fun with patterns - Schmutz06	http://guitarflash.me/?gfcMus=8UQ08NBSG5E2
I Used To Have A Best Friend (But Then He Gav	http://guitarflash.me/?gfcMus=AMGVJNAX1EMG
Holdin On (Skrillex and Nero Remix) - I See M	http://guitarflash.me/?gfcMus=TP57MD9KHAEV
Smooth Criminal - Alien Ant Farm	http://guitarflash.me/?gfcMus=JBBO2HN76DLU
Critical Acclaim - Avenged Sevenfold	http://guitarflash.me/?gfcMus=8BV5AXXHX5V4
Far Beyond The Sun - Yngwie Malmsteen	http://guitarflash.me/?gfcMus=HIG55UR82S39
Billie Jean - Michael Jackson	http://guitarflash.me/?gfcMus=90KY6BS1WJXD
Sunset di Tanah Anarki - S.I.D	http://guitarflash.me/?gfcMus=IGNESM9DTY2P
Loser - Falling In Reverse	http://guitarflash.me/?gfcMus=KNO7KOSO3NOP
Pull Harder On The Strings Of Your Martyr - T	http://guitarflash.me/?gfcMus=WOLGUV5LA2HC
Alive - Pearl Jam	http://guitarflash.me/?gfcMus=PTJPVD11S3OR
Entre dos Tierras - Héroes del Silencio	http://guitarflash.me/?gfcMus=UPX5JGOI5T4P
Wizards in Winter - Nev Plays	http://guitarflash.me/?gfcMus=KIS3FP1WJJ6X
Black Dragon - Luca Turilli	http://guitarflash.me/?gfcMus=W4V03EY83LXU
Solo Para Amarte - Rata Blanca	http://guitarflash.me/?gfcMus=613KR018I2J9
Summit - Skrillex	http://guitarflash.me/?gfcMus=ETDLV4E501AY
Attack Attack - The Family	http://guitarflash.me/?gfcMus=FC08LDLQIM6A
Killer Queen - Queen	http://guitarflash.me/?gfcMus=1CJXHINT97Y5
Farewell Ballad - Zakk Wylde	http://guitarflash.me/?gfcMus=S6TXXQADM6SI
For Whom The Bells Toll - Metallica	http://guitarflash.me/?gfcMus=GAW7JT6X1LIG
Inside The Fire - Disturbed	http://guitarflash.me/?gfcMus=7DY5E825TX7X
Minute of madness (ft. TheEruptionOffer) - Si	http://guitarflash.me/?gfcMus=AMKB692TPCX7
Andres_Calamaro_-_Flaca	http://guitarflash.me/?gfcMus=TQXW2DHA4U4F
Continuar - Oficina G3	http://guitarflash.me/?gfcMus=TMUKPHXL2DMT
Hate Me - Children Of Bodom	http://guitarflash.me/?gfcMus=OAVB3MKLNV53
Its Been So Long  - The Living Tombstone	http://guitarflash.me/?gfcMus=FHWBT33CFIC2
Breaking Point - Parkway Drive	http://guitarflash.me/?gfcMus=9V854UVETNTU
Invocation of Apocaliptcal Demon - SlenderGFC	http://guitarflash.me/?gfcMus=CTVPRU5Y6BUR
Dying To Believe - Parkway Drive	http://guitarflash.me/?gfcMus=R649K9GFGLRS
Mobscene - Marilyn Manson	http://guitarflash.me/?gfcMus=KBSS1HXMYOOO
Romance Is Dead - Parkway Drive	http://guitarflash.me/?gfcMus=KJFWTSTH2L8X
Monody  - TheFatRat ft Laura Brehm  METAL	http://guitarflash.me/?gfcMus=KOI0CYBV5I2W
Bangarang - Skrillex	http://guitarflash.me/?gfcMus=K7EYI8BSN0KI
Bad Romance - Halestorm	http://guitarflash.me/?gfcMus=F2L8DS16YXWT
BOSS Waza Craft  - John5	http://guitarflash.me/?gfcMus=RQNSBU8MHKNR
lvl 2 - No Artist Set	http://guitarflash.me/?gfcMus=2V5ISPU4WQJS
Falling Away From Me - KoRn	http://guitarflash.me/?gfcMus=VIOIO7TVJ3Y7
On the Double - Michael Angelo Batio	http://guitarflash.me/?gfcMus=FPR615XOPUVV
Love The Life - Argos	http://guitarflash.me/?gfcMus=LSPSOJNRPY7X
SummerBass - S3RL feat  Tamika	http://guitarflash.me/?gfcMus=Q643H9AK9O35
Cloak of Lies - Black Fast	http://guitarflash.me/?gfcMus=IFHCEAKG50W8
Lepo Lepo versão metal - O Metaleiro	http://guitarflash.me/?gfcMus=1V7061IEECUJ
Next 2 You - Buckcherry	http://guitarflash.me/?gfcMus=MGFPW7TS3MVT
Theres No Escape - Galneryus	http://guitarflash.me/?gfcMus=GE89G04U32AL
Nothing To Say (2da Guitarra) - Slas Feat M S	http://guitarflash.me/?gfcMus=FNYJXG1FHJT0
Winter Madness - Wintersun	http://guitarflash.me/?gfcMus=FLI0JSK3OAFR
This Is Punk!! - Punk-O-Matic	http://guitarflash.me/?gfcMus=4NUCA98YBK37
Chart Treino 2 - LoisGF	http://guitarflash.me/?gfcMus=GDFC1RF4NBLE
Angels and Demons - Angra	http://guitarflash.me/?gfcMus=PDFLPBPIVBJP
Neptune - Metallicais1337	http://guitarflash.me/?gfcMus=PAVH6MQGUSSQ
The Looking Glass - Dream Theater	http://guitarflash.me/?gfcMus=N3D6ICIAUJKN
Monster - Reol	http://guitarflash.me/?gfcMus=1NLQAOGO3HMM
Punk Rock Song - Bad Religion	http://guitarflash.me/?gfcMus=LR1DPDC75LHI
Hero - Skillet	http://guitarflash.me/?gfcMus=TLVKR8NGH5AT
Vodka - Korpiklaani	http://guitarflash.me/?gfcMus=JH7V06ACH64M
Save Me - Avenged Sevenfold	http://guitarflash.me/?gfcMus=Y3Q5KAA87VA0
Ichirin No Hana SOLO - BLEACH	http://guitarflash.me/?gfcMus=U5DPGS3UHRJP
Track On Fire - Vitalij Kuprij	http://guitarflash.me/?gfcMus=PQ40XBTVGI9K
The Simpsons Theme - Green Day	http://guitarflash.me/?gfcMus=VDO0VMA8C15M
Top 10  Solos - Sum 41	http://guitarflash.me/?gfcMus=G7HMRJUIAPEV
Goku Vs Jiren - Dragon Ball Super	http://guitarflash.me/?gfcMus=E3NFFKWY85KA
Hikari [K ON] - Death Devil	http://guitarflash.me/?gfcMus=VLBWOPO2NSPA
In The End - Black Veil Brides	http://guitarflash.me/?gfcMus=VWCWCLI7GO1E
Lintang - Netral	http://guitarflash.me/?gfcMus=UC8WBP05DREH
Beyond The Flames - Lost In Thought	http://guitarflash.me/?gfcMus=TBNKPDETOP0J
So Far Away - Avenged Sevenfold	http://guitarflash.me/?gfcMus=L1C1QE58SEQU
visita - Enjambre DEMO	http://guitarflash.me/?gfcMus=C1JN1RA0PWF3
Blitzkrieg - Yngwie Malmsteen	http://guitarflash.me/?gfcMus=FJRQKVOIW2PY
Welcome To Violence - John 5	http://guitarflash.me/?gfcMus=46X6J6CXDCWB
Fire Dance - Stratovarius	http://guitarflash.me/?gfcMus=P3YU9PGCWGAV
Amor de Primavera - Armandinho	http://guitarflash.me/?gfcMus=38PYPVF3SLLT
In Bloom - Nirvana	http://guitarflash.me/?gfcMus=JM320LND7QBF
Zetsubou Plantation - Yousei Teikoku	http://guitarflash.me/?gfcMus=JWKJLHU860VM
We Will Rock You - Queen	http://guitarflash.me/?gfcMus=GSWQFO4MFW0F
Lost Souls In Endless Time - DragonForce	http://guitarflash.me/?gfcMus=DHOX9TRETM8S
7 Mil notes impossible part 2 - _Madruga	http://guitarflash.me/?gfcMus=ANFU2TJQSLMR
5 Minutes Alone  - Pantera	http://guitarflash.me/?gfcMus=WYW1GUXA5SF1
Best Is Yet To Come - Red	http://guitarflash.me/?gfcMus=RY8CY5LRC8WB
Chaos - Schmutz06	http://guitarflash.me/?gfcMus=15VRDWHJQ0Q8
Guitar Solo Collection - K ON	http://guitarflash.me/?gfcMus=I0EWX7F3THWV
Amanecer - Holykrons	http://guitarflash.me/?gfcMus=GIMV2R0J0D25
Throw Away Your Television - Red Hot Chili Pe	http://guitarflash.me/?gfcMus=I5JVQFSXJIEU
Resurrection - Metallicais1337	http://guitarflash.me/?gfcMus=KA2BLHVU6HYL
Senseless Massacre - Rings Of Saturn	http://guitarflash.me/?gfcMus=753DV4DCWI14
Fight Fire with Fire - Metallica	http://guitarflash.me/?gfcMus=QI40VLI323FL
Dragonforce - Scars of Yesterday [www.slider.	http://guitarflash.me/?gfcMus=DL3DUD73YS0P
Trail of broken hearts - Dragonforce	http://guitarflash.me/?gfcMus=BVLOG0XW6VK9
Patterns 3 - Schmutz06	http://guitarflash.me/?gfcMus=D94FLJEAYX09
Necropocalypse - Infant Annihilator	http://guitarflash.me/?gfcMus=XXTW6SWVNARJ
The Ransom - Escape The Fate	http://guitarflash.me/?gfcMus=BN77WM6UMNNV
Im Broken - Pantera	http://guitarflash.me/?gfcMus=XQW39M7RWS92
When Two Are One - Atreyu	http://guitarflash.me/?gfcMus=FPVNY111S2UB
Im Not Okay - My Chemical Romance	http://guitarflash.me/?gfcMus=3I1JELXM248I
Eyes Of Horror - Amon Amarth	http://guitarflash.me/?gfcMus=Q75PHQDJOD3V
Catalyst - Slayer	http://guitarflash.me/?gfcMus=BB6BFI8GFHNF
ERUPTION ULTIMO SP - Luccas_FC	http://guitarflash.me/?gfcMus=T26SUP5CWSE2
Kill The Crown - Salt The Wound	http://guitarflash.me/?gfcMus=6SH4Y79DTTYP
Sexy Boy - Shawn Michaels	http://guitarflash.me/?gfcMus=TU7ESIWIX2KT
Poison - Alice Cooper	http://guitarflash.me/?gfcMus=2CD0M5ODW8NM
Tetris Dupstep  - New Plays Albertto Mejorad	http://guitarflash.me/?gfcMus=WMW9A2BDCV48
Blue - Yngwie Malmsteen	http://guitarflash.me/?gfcMus=K46BN3PPNUGG
Be Yourself - Audioslave	http://guitarflash.me/?gfcMus=5BTK1NV64V3E
The Rock City Boy- Fairy Tail	http://guitarflash.me/?gfcMus=L85DMW241WMX
Beyblade Opening - Beyblade	http://guitarflash.me/?gfcMus=5X0VS9FLTUPP
The Game - Dragonforce	http://guitarflash.me/?gfcMus=K0OCTQ2HUNOS
METRALLETAS AZUL -  ANDRES CAGUA	http://guitarflash.me/?gfcMus=REJHAV88081J
Walk This Way - Aerosmith	http://guitarflash.me/?gfcMus=OFATGUUNKPW0
Throne - Bring Me The Horizon	http://guitarflash.me/?gfcMus=LK75F2TYV7AF
The Remedy - Polaris	http://guitarflash.me/?gfcMus=6GJ11FA1G3MA
Opening 3 - Fairy Tail	http://guitarflash.me/?gfcMus=9342SQHWCTCC
Sidewinder - Avenged Sevenfold	http://guitarflash.me/?gfcMus=TBJ64RMX0ROR
Buried In These Walls - Blessthefall	http://guitarflash.me/?gfcMus=3LH2BFNRLJN3
Onion rings  - Callum White	http://guitarflash.me/?gfcMus=X3QXK1T8EQAD
st - No Artist Set	http://guitarflash.me/?gfcMus=2U7FKKFQSO7H
Silent Hill Guitar Medley - FamilyJules7X	http://guitarflash.me/?gfcMus=V6TUD1NFUAXJ
Eyeless - Bring Me The Horizon Slipknot cover	http://guitarflash.me/?gfcMus=P84JT5RLTURK
A Candlelit Dinner With Inamorta - Asking Ale	http://guitarflash.me/?gfcMus=HSLGPE7P7PE5
Preludio Obsesivo - Rata Blanca	http://guitarflash.me/?gfcMus=VJK0T2GDUONR
Down to Mexico - Paul Gilbert	http://guitarflash.me/?gfcMus=PODYWVPG2OVF
I Said NOOOOOOOOOOOOO! - MLP: FIM :v :v :v !@	http://guitarflash.me/?gfcMus=RDN051LPONCY
Victory Solo X  150Speed - Schmutz	http://guitarflash.me/?gfcMus=3UX41SXJD1W7
Bite Of The Mosquito - John Petrucci And Jord	http://guitarflash.me/?gfcMus=KX6W42QOGAMK
Stratosphere Final - Stratovarius	http://guitarflash.me/?gfcMus=0FE4S1SN4J0R
Jump Man - Buckethead	http://guitarflash.me/?gfcMus=87STUAOXHVQI
Towel In The Kitchen - Buckethead	http://guitarflash.me/?gfcMus=25KPK4BQV6GK
You Only Live Once - The Strokes (U-R)	http://guitarflash.me/?gfcMus=B00DW9EV9N1S
The Washing Away of Wrong - John 5	http://guitarflash.me/?gfcMus=VH3HCMA6NNKJ
Necromance Theatre(Best Version) - Pinkly Smo	http://guitarflash.me/?gfcMus=7T6XXUHYYHOE
Two Steps twice - Foals	http://guitarflash.me/?gfcMus=R2ONVPUV4IC9
Body Breakdown - Dragonforce	http://guitarflash.me/?gfcMus=TFSOR5CAE7G6
La Leyenda Del Hada y El Mago - Rata Blanca	http://guitarflash.me/?gfcMus=2GH8A32ILUT9
La Storia Della Arcana Famiglia Opening - Hit	http://guitarflash.me/?gfcMus=BYECHX5BYFY5
Never Coming Back - Battlecross	http://guitarflash.me/?gfcMus=9Q292CEXWBCU
T bone - un nogie	http://guitarflash.me/?gfcMus=XU4R38U858K3
Divergence - PV MEJIBRAY	http://guitarflash.me/?gfcMus=0OT8DVNP2HXV
Asobi Asobase Ending Inkya Impulseft - ft. Ik	http://guitarflash.me/?gfcMus=VFCA870V2VJQ
Megitsune - BABYMETAL	http://guitarflash.me/?gfcMus=EC9R2LT3ANS6
What Would You Do (Lead) - Seether	http://guitarflash.me/?gfcMus=MAINHYWGC6E1
DRAGON BALL SUPER OP LATINO.mp3 - No Artist S	http://guitarflash.me/?gfcMus=86Y1406QF1DC
Damaged - John 5	http://guitarflash.me/?gfcMus=K6NSB0BNNFUP
Amazonia - Gojira	http://guitarflash.me/?gfcMus=FY7DTJEBN9SM
Hell Above - Pierce The Veil	http://guitarflash.me/?gfcMus=I3VA9UQJFSOH
Helena - My Chemical Romance	http://guitarflash.me/?gfcMus=Q4J2OA7X0TC6
The Flame of Youth - DragonForce	http://guitarflash.me/?gfcMus=FKKN04D9CSE6
Monsters - Matchbook Romance	http://guitarflash.me/?gfcMus=2162235XDMD1
Im Not Okay (I Promise) - My Chemical Romance	http://guitarflash.me/?gfcMus=GPEEXJEG12XT
WHATS UP PEOPLE Death Note - Maximum The Horm	http://guitarflash.me/?gfcMus=O7E2XR5VO9P5
Still Echoes - Lamb Of God	http://guitarflash.me/?gfcMus=JS9NSB37BGR4
Alsatia - Galneryus	http://guitarflash.me/?gfcMus=S0LSW7MYTFC2
Ize Of the World - The Strokes	http://guitarflash.me/?gfcMus=LOAD3084KSF1
Blue Bird - Ikimonogakari	http://guitarflash.me/?gfcMus=RDOWDBPBWYCY
The Way It Ends - Prototype	http://guitarflash.me/?gfcMus=L5PYXLWLHY71
Fracture - Kamisys	http://guitarflash.me/?gfcMus=RFFT9YY0O4DH
Solos - Varios Artistas	http://guitarflash.me/?gfcMus=W407SI0YE5WY
Point of No Return - Syu	http://guitarflash.me/?gfcMus=6WXMV1YIE9EA
Metralhadora Versão Falsete - MC Melody	http://guitarflash.me/?gfcMus=CPJRMF2GWI3M
Smoke - Suicide Silence	http://guitarflash.me/?gfcMus=BO08KFF73VCP
Astarotte no Omocha! Opening - Aimi	http://guitarflash.me/?gfcMus=G6QGKCUDA6P3
I Stand Alone - Godsmack	http://guitarflash.me/?gfcMus=RA9CM1EW648F
Future Never Dies  - Galneryus	http://guitarflash.me/?gfcMus=GTTTMTJYK0DQ
Soothsayer - Buckethead	http://guitarflash.me/?gfcMus=8X7O8H8T7II9
Soul Of A Robot - John 5	http://guitarflash.me/?gfcMus=S38A693RXM2S
Killing Cone - Buckethead	http://guitarflash.me/?gfcMus=7ABS97R8WO5U
Bring me to Life - Evanescence	http://guitarflash.me/?gfcMus=A247YIDNXJO0
Beyond The Universe - Nautiluz	http://guitarflash.me/?gfcMus=AQYWR2XIMNOQ
Burn My Heart - Galneryus	http://guitarflash.me/?gfcMus=B4CB2OHEJGSY
Angel Of Salvation - Galneryus	http://guitarflash.me/?gfcMus=F3HIHE7NHELR
Square Hammer - Ghost	http://guitarflash.me/?gfcMus=PCEQSBVE388C
Ungrateful - Escape the Fate	http://guitarflash.me/?gfcMus=8POR4ADQE5W4
Ragatanga - Rouge	http://guitarflash.me/?gfcMus=81QJWG6K9FKL
Domination - Pantera	http://guitarflash.me/?gfcMus=PF0ITCNLR9XP
Alesana - _The Thespian_ (Video) - AUDIO - MP	http://guitarflash.me/?gfcMus=47LV9A0YIJMC
Monster Trill - TheEruptionOffer	http://guitarflash.me/?gfcMus=M12Q148AK64K
Battle of the Studio Speakers -  Callum Whyte	http://guitarflash.me/?gfcMus=YMJJ1WCFTIT6
Valley Of The Damned - Dragonforce	http://guitarflash.me/?gfcMus=90J1X1NFO7XD
Gimme Chocolate - Babymetal	http://guitarflash.me/?gfcMus=JM8I19GLOPXU
Musterion - Joe Satriani	http://guitarflash.me/?gfcMus=BMF4G514FRX3
Carol of the Bells Meets Metal - 331 Erock	http://guitarflash.me/?gfcMus=S3ASHS070FPJ
Requiem - Avenged Sevenfold	http://guitarflash.me/?gfcMus=XSGA4LH9DKOO
Doki Doki Morning - Babymetal	http://guitarflash.me/?gfcMus=FENVXF8ESRKN
On The Way To Ainor - Rhapsody Of Fire	http://guitarflash.me/?gfcMus=XBNMBFOLIJH7
Heres Come Vi League Of Legends - Nicki Taylo	http://guitarflash.me/?gfcMus=0W9F5A4C1VUM
Believe - Asking Alexandria	http://guitarflash.me/?gfcMus=HE1JGB6OQONP
Der Riese | Beauty of Annihillation - Elena S	http://guitarflash.me/?gfcMus=8H3HBP2VI2C7
Addicted To That Rush - Mr. Big	http://guitarflash.me/?gfcMus=O5S7LG27KYB5
Rats - Ghost	http://guitarflash.me/?gfcMus=N7SM1483KWNK
Once in a Lifetime - DragonForce	http://guitarflash.me/?gfcMus=LYOG3AN3V5OG
Dragon Ball Z Goes Metal - Charlie Parra	http://guitarflash.me/?gfcMus=UDVIV2REW9RV
Eye Of The Storm - Bullet For My Valentine	http://guitarflash.me/?gfcMus=N1UVXF381VT2
Haz Tu Jugada - Rata Blanca	http://guitarflash.me/?gfcMus=CQE7AGYR0ASJ
Guille Theme - Charlie Parra	http://guitarflash.me/?gfcMus=0KAFY81FFTI7
Breaking Point - Bullet For My Valentine	http://guitarflash.me/?gfcMus=POGFDX2MW1V6
Burn - Michael Angelo Batio	http://guitarflash.me/?gfcMus=N9FMI77IAWE8
Going To Hell - The Pretty Reckless	http://guitarflash.me/?gfcMus=VRFT3U1KJSUL
Fast As A Shark - Accept	http://guitarflash.me/?gfcMus=X695VFNO7W1B
Light Up The Night - Symphony X	http://guitarflash.me/?gfcMus=I8RMCA9FCBIV
Mantan - Stand Here Alone	http://guitarflash.me/?gfcMus=LQ7I5L8PVBFB
Puedes Contar Conmigo - Mago De Oz	http://guitarflash.me/?gfcMus=HIJKOPT9CXQ1
Finisterra - Mago De Oz	http://guitarflash.me/?gfcMus=24P6LR4YE540
Gran Mago - Saratoga	http://guitarflash.me/?gfcMus=82IP7EVLNQXE
Die Rise | We All Fall Down - Kevin Sherwood	http://guitarflash.me/?gfcMus=0JOEMNHPJE5J
Bleach Number One - Hazel Fernandes	http://guitarflash.me/?gfcMus=SS139NST7L4V
Shepherd Of Fire - Avenged Sevenfold	http://guitarflash.me/?gfcMus=5E7HBNEF786J
Sis. Anger - BABYMETAL	http://guitarflash.me/?gfcMus=YMFAIBPECI62
Agent Orange - Sodom	http://guitarflash.me/?gfcMus=FN3SEAWKKQT4
Uptown Funk - Mark Ronson feat.Bruno Mars	http://guitarflash.me/?gfcMus=OBSRB9WYD9HO
EMP SOLO - DragonFore	http://guitarflash.me/?gfcMus=NA9A4PUYQ2FR
FUNK DO GAS - HORA DE AVENTURA. - No Artist S	http://guitarflash.me/?gfcMus=1NNJT1FQXXAN
Schism - TOOL	http://guitarflash.me/?gfcMus=12DNS8IHPI09
Speed metal messiah - Joe stump	http://guitarflash.me/?gfcMus=V49R60JGSEVV
Go Go Go - Nightcore	http://guitarflash.me/?gfcMus=MSEQWQH0U5WA
GH3- Black Hole (Preview) - Tuyo Mio GF Ernes	http://guitarflash.me/?gfcMus=3MEBMK90XJN2
Crushcrushcrush  - Paramore	http://guitarflash.me/?gfcMus=0NXPBRQ26NWB
Sakit Jiwa - NTRL	http://guitarflash.me/?gfcMus=23UFOX62IPFR
223 - No Artist Set	http://guitarflash.me/?gfcMus=8M1IPXY89IU0
Blitzkrieg Bop - The Ramones	http://guitarflash.me/?gfcMus=PEX0IRQ6PGAY
Wings Of Liberty - DragonForce	http://guitarflash.me/?gfcMus=9MSVKQKC4LV4
A Winters Tale - Queen	http://guitarflash.me/?gfcMus=LF1CM3X4YBS3
When Everydays The Weekend - Asking Alexandri	http://guitarflash.me/?gfcMus=0ITSSUPOUW4Y
Scars of Yesterday - DragonForce	http://guitarflash.me/?gfcMus=TWXAQWV25YAC
Tonight - Rock Bones	http://guitarflash.me/?gfcMus=XODVDNW9H1UF
GUITA BATTLE VS SLASH  - GUITAR HERO III	http://guitarflash.me/?gfcMus=YXDII3UMW664
Meets Metal - Requiem for a Dream	http://guitarflash.me/?gfcMus=PE1K8EOXKBAD
Broken Frames - Eyes Set To Kill	http://guitarflash.me/?gfcMus=XYMRQK1DWKSQ
Stratovarius - Stratofortress.mp3 - No Artist	http://guitarflash.me/?gfcMus=S89Q74R0D0VD
A Draco Tale - DragonForce	http://guitarflash.me/?gfcMus=JBYJYE7XW9NJ
Worms For The Garden - Buckethead	http://guitarflash.me/?gfcMus=N653D0RYMNL6
Quarantine - InfamousColin	http://guitarflash.me/?gfcMus=74KY3NCO4DAU
opening 1 - pokemon	http://guitarflash.me/?gfcMus=FPTYO8MLY37W
Can You Feel My Heart - Bring Me The Horizon	http://guitarflash.me/?gfcMus=L7DDFXIYTIWR
New Years Day - U2	http://guitarflash.me/?gfcMus=LCGOULRIAS2D
X Japan - Kurenai (SOLO)	http://guitarflash.me/?gfcMus=IBHLYNDIW4KD
Hit The Lights - Metallica	http://guitarflash.me/?gfcMus=L8681PMF3SXX
Shadow Moses - Bring Me The Horizon	http://guitarflash.me/?gfcMus=4N18A6N5G3PP
... And Justice For All - Metallica	http://guitarflash.me/?gfcMus=EXOTVAHW8FPQ
Sacristy - Jeff Loomis	http://guitarflash.me/?gfcMus=K2ITF18WJMPP
Stream of Consiousness - Dream Theater	http://guitarflash.me/?gfcMus=23V9LX06BSQ5
Plateau - Nirvana KH	http://guitarflash.me/?gfcMus=RRFVT429481L
Bodom Beach Terror - Children Of Bodom	http://guitarflash.me/?gfcMus=Y4KXBKTF9QN7
Farewell Ballad - Zakk Wylde	http://guitarflash.me/?gfcMus=20BJ008AGSCF
4 Words - Bullet For My Valentine	http://guitarflash.me/?gfcMus=NQJA9PLORD7D
Found a Way - Drake Bell	http://guitarflash.me/?gfcMus=J3II687BQ0PF
AQUATIC AMBIENCE   DONKEY KONG COUNTRY - MAGA	http://guitarflash.me/?gfcMus=E77FQPAE85BL
Pull Harder On The Strings Of Your Martyr - T	http://guitarflash.me/?gfcMus=XRMHDBX3BPBH
Tiempo Atras - D Formes	http://guitarflash.me/?gfcMus=QESX0FK60LNH
Mute - Drowning Pool	http://guitarflash.me/?gfcMus=7QHPGRCLF3YA
l Hate Everything About You - Three Days Grac	http://guitarflash.me/?gfcMus=IUU61TKCMYOU
Soulless 5 - ExileLord	http://guitarflash.me/?gfcMus=Q7WY09O637GC
Come And Get It - John Newman	http://guitarflash.me/?gfcMus=S0QROUWKRLYK
Una sonrisa al atardecer - Akash	http://guitarflash.me/?gfcMus=XSO1L46MXQB8
The Devil In I - Slipknot	http://guitarflash.me/?gfcMus=YJXQ4N92JAQT
PPAP Pen Pineapple Apple Pen - PIKO TARO	http://guitarflash.me/?gfcMus=3FJC37379XGK
Valley 7sp - dragonfodase	http://guitarflash.me/?gfcMus=33J8QD4I26SH
Ice Cream Man - Van Halen	http://guitarflash.me/?gfcMus=G47AMLV0GMMG
Débil Meta - Mamonas Assassinas	http://guitarflash.me/?gfcMus=B7TPDCRU5RJJ
Formula Neon - Aeon Bridge	http://guitarflash.me/?gfcMus=T6HYWMY0JYIT
Bards Revenge Nivel 6 - Aeon Bridge	http://guitarflash.me/?gfcMus=O36IFWU93E9R
88 - Sum 41	http://guitarflash.me/?gfcMus=OF5JFGIGUV97
Ultimate Battle - Dragon Ball Super	http://guitarflash.me/?gfcMus=88FQLNSXE7G7
Heaven - YTPMV	http://guitarflash.me/?gfcMus=EKWT1G5N75OG
Charlie Parra - Mr Crowley - Ozzy Osbourne	http://guitarflash.me/?gfcMus=5D9AXQ3CGGIL
It Never Ends - Bring Me The Horizon	http://guitarflash.me/?gfcMus=2XUSNU1SA7LK
Rock Box - Run DMC ~Todo mundo odeia o Chris~	http://guitarflash.me/?gfcMus=XBK3J20Y8VTS
Thunderstruck - AC/DC	http://guitarflash.me/?gfcMus=K8E1COV3TF9H
Canon Rock - NeoGeoFanatic	http://guitarflash.me/?gfcMus=BIVC0POXDCVE
Soul Of A Robot - John 5	http://guitarflash.me/?gfcMus=KEF720ST2EER
Going To Hell - The Pretty Reckless	http://guitarflash.me/?gfcMus=EJ4QI7A1KHBN
Ranbu No Melody - SID (Bleach season 13 openn	http://guitarflash.me/?gfcMus=N61OQEY3YQAE
Dont Jump - Tokio Hotel	http://guitarflash.me/?gfcMus=SJJ4B0DG7RUQ
PDA - Interpol	http://guitarflash.me/?gfcMus=3V0G9CP48WVB
Otro Día Para Ser - Hermetica	http://guitarflash.me/?gfcMus=0HXBO036KBFE
The Fire Still Burns - DragonForce	http://guitarflash.me/?gfcMus=WGVYC7R13FXA
farewell ballad solo - Zakk wylde	http://guitarflash.me/?gfcMus=Y3K3HCP6UGYT
Popcorn - Crazy Frog	http://guitarflash.me/?gfcMus=4NW1NSCAKBEL
This Means War - Avenged Sevenfold	http://guitarflash.me/?gfcMus=CSXE5F8AF276
Chart Treino  - LoisGF	http://guitarflash.me/?gfcMus=0EDHVAFJ4MO2
My Final Fantasy - Jarvis9999	http://guitarflash.me/?gfcMus=NVRSDHVYJ7C3
Flyers - Bradio	http://guitarflash.me/?gfcMus=IAEAOCV4MGW9
No Thank You! - Houkago Tea Time (K-On!)	http://guitarflash.me/?gfcMus=RS9OKELG62ES
ABC - Polyphia	http://guitarflash.me/?gfcMus=VBXSR70XQ94U
Between The Hammer And The Anvil - Judas Prie	http://guitarflash.me/?gfcMus=47MUFTFOB3XD
Carry On - Angra	http://guitarflash.me/?gfcMus=E6FAGQKDTTXS
My Apocalypse - Escape The Fate	http://guitarflash.me/?gfcMus=ATITE86EAS43
Road Of Resistance - Babymetal	http://guitarflash.me/?gfcMus=WEAU66N21JVN
Sea Of Fate - Rhapsody Of Fire	http://guitarflash.me/?gfcMus=28WOPJE95Y9P
The Ultimate Aids Challenge 3365 notes :v :D	http://guitarflash.me/?gfcMus=LYPA31733YOT
Despair - MintJam	http://guitarflash.me/?gfcMus=HUF2YMJO8KR2
We Are The Nightmare - Arsis	http://guitarflash.me/?gfcMus=8566J8296QC5
Hey Tayo (Rock) - The Little Bus	http://guitarflash.me/?gfcMus=VFE0G8NGI2J4
Classico - Tenacious D	http://guitarflash.me/?gfcMus=MVYFLGYQ4VYY
Smoke - Suicide Silence	http://guitarflash.me/?gfcMus=3N5MYJ5WJSOH
1406 (Studio Version) - Mamonas Assasinas	http://guitarflash.me/?gfcMus=DNQ17FTQ9XE3
Viento - Caifanes	http://guitarflash.me/?gfcMus=5E7MHFA6SXI7
With You ReAnimation - Linkin Park	http://guitarflash.me/?gfcMus=Q4HE8XDQCBDR
Poison - Endeverafter	http://guitarflash.me/?gfcMus=BSDYSDRKYBS8
Peephole - System Of A Down	http://guitarflash.me/?gfcMus=HR17GDWUXVNU
Decadence - Disturbed	http://guitarflash.me/?gfcMus=JT0Y5AY4WPSK
La Bamba - Los Lobos	http://guitarflash.me/?gfcMus=JC0CX5QX44NW
Rock You Like a Hurricane - Scorpions	http://guitarflash.me/?gfcMus=SJJAE0JCEPIE
Psychobilly Freakout - Reverend Horton Heat	http://guitarflash.me/?gfcMus=N2M6E6O02WIH
Inverted 3 - Nick33	http://guitarflash.me/?gfcMus=57L0ITLKI1M0
Lived And Learned - Marc Rizzo	http://guitarflash.me/?gfcMus=KJFU0B97V6KY
Serrana - Jason Becker	http://guitarflash.me/?gfcMus=YJSKBRIGUX4O
The One - Babymetal	http://guitarflash.me/?gfcMus=TMOIMJDJQWBO
Again - Flyleaf	http://guitarflash.me/?gfcMus=I2PDCO18O3OY
Left Behind - Slipknot	http://guitarflash.me/?gfcMus=8ON57J0ME7LE
Carry On - Avenged Sevenfold	http://guitarflash.me/?gfcMus=8L3AFTD0XIU2
Still Counting - Volbeat	http://guitarflash.me/?gfcMus=3FOG1L9IRTGP
The synth wars -  Jack OReilly	http://guitarflash.me/?gfcMus=QXH1L6PUQYUV
DNA Uber Solo / Super Impossible 9999 - -Loud	http://guitarflash.me/?gfcMus=MLM4OOSLF7DW
Smoke Em If You Got Em - Parkway Drive	http://guitarflash.me/?gfcMus=W33XIDFQ25W1
N.N.Y - Vinnie Moore	http://guitarflash.me/?gfcMus=1AW988Q1CT9R
Little Sister - Queens Of The Stone Age	http://guitarflash.me/?gfcMus=P4PYMFV9QKCO
Black Widow Of La Porte - John 5	http://guitarflash.me/?gfcMus=7QL1BN93CCA2
Roça Roça 2  - MC Brinquedo	http://guitarflash.me/?gfcMus=X83QMHQUHMEU
Violent Revolution - Kreator	http://guitarflash.me/?gfcMus=OS07QLOWJOAU
Solos Medley - Dragonforce	http://guitarflash.me/?gfcMus=TAPII90HJMN8
Teringat Apa Yang Kau Berikan - Last Child	http://guitarflash.me/?gfcMus=BO3O1HSDX9CG
Angeles y Demonios - Adrian Barba	http://guitarflash.me/?gfcMus=7U0QO5161C1L
Demon Speeding - Rob Zombie	http://guitarflash.me/?gfcMus=6GKQC8OHB2AN
Enigma Machine - Dream Theater	http://guitarflash.me/?gfcMus=TBIFXHN8YDCE
Sugar - System Of A Down	http://guitarflash.me/?gfcMus=0UUHAP62AX3S
Dear God - Avenged Sevenfold	http://guitarflash.me/?gfcMus=6BL1JFNTBUGH
(S)aint - Marilyn Manson	http://guitarflash.me/?gfcMus=WV8TYRSWKEPW
Peppers Ghos - Buckethead	http://guitarflash.me/?gfcMus=EWRKNWMKB7DS
Nottingham Lace - Buckethead	http://guitarflash.me/?gfcMus=CDPODIOU27QO
Songs Compilation  - Foreground Eclipse	http://guitarflash.me/?gfcMus=EQW7N9SJTH7D
The Duel - Rusty Cooley	http://guitarflash.me/?gfcMus=RN0G8KMLY2AO
Philia ( Solo ) - Versailles	http://guitarflash.me/?gfcMus=9QYRL92R1XD4
What the 20 - Metea11	http://guitarflash.me/?gfcMus=OB0KJGGQQ348
Skillet - Sick Of It.mp3 - No Artist Set	http://guitarflash.me/?gfcMus=OTQ9S1TCXJN1
I Am The Fire - Halestorm	http://guitarflash.me/?gfcMus=3KN9K55KJOAV
Solo de guitarra  - destructivo	http://guitarflash.me/?gfcMus=G1KLDAY6J9W3
Come on - Mushroomhead	http://guitarflash.me/?gfcMus=CTSX4RF2W3JQ
570 - Motionless In White	http://guitarflash.me/?gfcMus=0DOTWUNXQ4Y0
DragonHeart - Gods of Ice	http://guitarflash.me/?gfcMus=EI7J5BYXTOMO
My Plague - Slipknot	http://guitarflash.me/?gfcMus=43HOJKWXF5SQ
The Way It Ends - Prototype	http://guitarflash.me/?gfcMus=TTEHD99RICUN
Animal I Have Become  - Three Days Grace	http://guitarflash.me/?gfcMus=20D7GB1G4CCT
Wait And Bleed - Slipknot	http://guitarflash.me/?gfcMus=NN5KEE4EUJG6
Mandatory Suicide - Slayer	http://guitarflash.me/?gfcMus=Y7V3J12TPH3Y
Push Pull Destroy LastSP ExpertHard - Adriano	http://guitarflash.me/?gfcMus=9XVEI7BVYAVY
Nanatsu no Taizai Ending 01	http://guitarflash.me/?gfcMus=86TP6CJE40EJ
Everlong - Foo Fighters	http://guitarflash.me/?gfcMus=EUBT91O8QSXW
Temple of Fire - Power Quest	http://guitarflash.me/?gfcMus=84AMJVUHOP0K
Waidmanns Heil - Rammstein	http://guitarflash.me/?gfcMus=UTA4NVQ0FMVV
21 Guns - Green Day	http://guitarflash.me/?gfcMus=ANCELR7LX8M1
The Lords Of Chaos - Symphony X	http://guitarflash.me/?gfcMus=5HNXE0JAK8X4
22 Acacia Avenue - Iron Maiden	http://guitarflash.me/?gfcMus=XMQBDVL2L54P
Hu Ha Antifa - NordFront	http://guitarflash.me/?gfcMus=QVXLSPO7WT4M
Liquor & Love Lost - Bring Me The Horizon	http://guitarflash.me/?gfcMus=U14G4Y4YAQEM
Return To Hangar - Megadeth	http://guitarflash.me/?gfcMus=X0C8PPCXGXI6
Aqui No Es Donde - Resorte	http://guitarflash.me/?gfcMus=XD51JB97P3KS
Under The Influence Solos - Juninho Pipoqueir	http://guitarflash.me/?gfcMus=BVPW3C9S2NWE
Hollywood Whore - Papa Roach	http://guitarflash.me/?gfcMus=6FNI2339Y29P
God Damn - Avenged Sevenfold	http://guitarflash.me/?gfcMus=LTKEICFTEG7H
We Are The Champions - Queen	http://guitarflash.me/?gfcMus=E9RJTYPIW9P8
The Unforgiven III - Metallica	http://guitarflash.me/?gfcMus=54SG6UJP3DK4
Deep Affection - Galneryus	http://guitarflash.me/?gfcMus=XMM0I0OKOVSW
Savior [Guitar Remix] - Cole Rolland.	http://guitarflash.me/?gfcMus=7KLIJ3PG5AFI
Angeles Fuimos - Dragon Ball Z Adrian Barba	http://guitarflash.me/?gfcMus=MQQBI6LHXDUI
Not Alone - All That Remains	http://guitarflash.me/?gfcMus=OCRQTF6R5FI1
Gimme Chocolate - Babymetal	http://guitarflash.me/?gfcMus=38SM7799G4L8
Never Too Late - Three Days Grace	http://guitarflash.me/?gfcMus=KUPF4GAOH3I0
Changes - Mike Orlando	http://guitarflash.me/?gfcMus=F8O8JO83ML24
We Are Number One But Its Metal - Eric Calder	http://guitarflash.me/?gfcMus=HJD998HPS3RK
Whats Left Of Me - Blessthefall	http://guitarflash.me/?gfcMus=N2KCTTPX7GUG
[MHA: Final Season] THE REVO - Porno Graffitt	http://guitarflash.me/?gfcMus=535NO01B6IU3
Trolls in the Dark - Rhapsody of Fire	http://guitarflash.me/?gfcMus=NFBMGMENSKWC
The Unicorn Invasion Of Dundee - Gloryhammer	http://guitarflash.me/?gfcMus=OVAMN9JU6G3A
BYo.mp3 - No Artist Set	http://guitarflash.me/?gfcMus=UVU3MEADH1XU
Smoke On The Water - Deep Purple	http://guitarflash.me/?gfcMus=7IW6TGYHKFPQ
Solo #1 - Maxi Canalla	http://guitarflash.me/?gfcMus=5LWF550IDFEI
Spiritual Healing - Death	http://guitarflash.me/?gfcMus=PHKPPBX471DC
Fallen - Symphony X	http://guitarflash.me/?gfcMus=LP9CL7HWC0FC
Soy un Cacahuate - Sponge Bob Square Pants by	http://guitarflash.me/?gfcMus=1MP7BC9WLGA2
Caraphernelia - Pierce The Vei	http://guitarflash.me/?gfcMus=8NXQ3U9B0AJY
Arpeggios From Hell - Tina S	http://guitarflash.me/?gfcMus=UI38XBST2G98
Forgotten Past - Leprosy	http://guitarflash.me/?gfcMus=EFTHOKLY5M7V
Adrenalin Rush - George Bellas	http://guitarflash.me/?gfcMus=EC8VQKYMNJ56
Envy - lemonxreaperGH	http://guitarflash.me/?gfcMus=GTVM66I1FF1S
Payphone - Maroon 5	http://guitarflash.me/?gfcMus=0IOHXYS7YNS7
Nobody Leaves - Orden Ogan	http://guitarflash.me/?gfcMus=JB6D4T1UUCM3
[Log Horizon] MAN WITH A MISSION - database f	http://guitarflash.me/?gfcMus=PSTBQOAQE6NC
Mother Machine Gun - Mushroomhead	http://guitarflash.me/?gfcMus=N03RIXXHT048
Not My Funeral - Children Of Bodom	http://guitarflash.me/?gfcMus=M4JY9QCUYK7I
Soulless 2 - ExileLord	http://guitarflash.me/?gfcMus=50NGDM7UDC44
Raise My Sword - Galneryus	http://guitarflash.me/?gfcMus=55UXJ670JXWU
Preludio Obsesivo - Rata Blanca	http://guitarflash.me/?gfcMus=GAXYO45N20TT
Enter The Machine - Arch Enemy	http://guitarflash.me/?gfcMus=RVJ5EAQJE2I7
Eagle Fly Free Solo - Helloween	http://guitarflash.me/?gfcMus=84ANH45MAWBK
Avalancha - Heroes Del Silencio	http://guitarflash.me/?gfcMus=9F0FCXCXGSDE
Nevereverland - Nano	http://guitarflash.me/?gfcMus=9AR63V3XOKWA
DNA - Sidney 600	http://guitarflash.me/?gfcMus=WDJU2YTR8WTH
We Are All We Have - The Casualties	http://guitarflash.me/?gfcMus=Y8QSIMQM0NG7
ReI - The Oral Cigarettes	http://guitarflash.me/?gfcMus=5NNI4SE2DI4O
Dancing Dead - Avenged Sevenfold	http://guitarflash.me/?gfcMus=IRRT24UDCSOL
Introducao Guitar Flash - Adriano Hipy	http://guitarflash.me/?gfcMus=BS7XMOGM83T3
Fingerbang (MDK) - Geometry Dash	http://guitarflash.me/?gfcMus=0OLF1WE2AUMC
Megalith - MAKHLVK	http://guitarflash.me/?gfcMus=KUHMSH12PG8G
The Dark Eternal Night - Dream Theater	http://guitarflash.me/?gfcMus=NJSLAX1VKRN0
Lightbringer - Pentakill	http://guitarflash.me/?gfcMus=7FJ6776R3SXX
Immortal - TheSuperMarioBros2 (ft. Plumato)	http://guitarflash.me/?gfcMus=QSC7VXIV8V2J
Last Man Standing - Hammerfall	http://guitarflash.me/?gfcMus=R53HHQ8LTY3F
Moto Psycho - Megadeth	http://guitarflash.me/?gfcMus=JJSS369GC4IM
Around The World  - Red Hot Chili Peppers	http://guitarflash.me/?gfcMus=UEULK0XXA54U
Sonically Stomped - Mike Orlando	http://guitarflash.me/?gfcMus=XW02K1TFE0QD
Dream sequence - Exilelord	http://guitarflash.me/?gfcMus=683SBSJ9WGDI
Burning Bridges - Crystallion	http://guitarflash.me/?gfcMus=8KC633X44ES9
The Aftermath - Escape The Fate	http://guitarflash.me/?gfcMus=9IGX9R3318SX
Dragon Ball Super  - Dragon Ball	http://guitarflash.me/?gfcMus=DSQU8RG0AM8W
When I Come Around - green day	http://guitarflash.me/?gfcMus=PGPSPHSB5P0H
Run for Your Life - Bullet For My Valentine	http://guitarflash.me/?gfcMus=R53KQAS7TG33
Adventure Of A Lifetime - Coldplay	http://guitarflash.me/?gfcMus=R51X9X016X4O
Vou Cantar - Restart	http://guitarflash.me/?gfcMus=LLS5UD4I6FC3
Mama Said - Metallica	http://guitarflash.me/?gfcMus=E75JENGXL1NK
Caraphernelia - Pierce The Veil	http://guitarflash.me/?gfcMus=S8GKFBBRQUJW
Deu onda - MC G15	http://guitarflash.me/?gfcMus=TNHL5S86DKOH
Stylo - Gorillaz	http://guitarflash.me/?gfcMus=O6R4CWGLKHCH
Thunderstruck - AC DC	http://guitarflash.me/?gfcMus=XLT33Q0T964Q
Indestructible - Disturbed	http://guitarflash.me/?gfcMus=FQHQ9TUUAPLX
Sayonara Moon Town - Scenarioart	http://guitarflash.me/?gfcMus=TI929R4T1DQR
Dominion - Rusty Cooley	http://guitarflash.me/?gfcMus=4Y0LGPN4MG2F
Cherry Pie - Warrant	http://guitarflash.me/?gfcMus=QJYQSFH0XH4T
Somethings Triggered 3MSC - Cecilia Krull	http://guitarflash.me/?gfcMus=7QIGM1BBGHAN
Shout - Black Tide	http://guitarflash.me/?gfcMus=PO9K7I8PYYWN
Vengeance - Yngwie Malmsteen	http://guitarflash.me/?gfcMus=4L7KON0O0XO6
Speed Metal Messiah - Joe Stump	http://guitarflash.me/?gfcMus=5R25MSKVV177
Dusk Dismantled - Trivium (nerf)	http://guitarflash.me/?gfcMus=9AW4WA3E0J7S
The Light That Blinds - Shadows Fall	http://guitarflash.me/?gfcMus=U3Q5G2QNKVS0
Deceiver of the Gods - Amon Amarth	http://guitarflash.me/?gfcMus=J2QAKY6SWEOY
Arpeggios From Hell - Tina S	http://guitarflash.me/?gfcMus=X3YWY19QDB9J
Brick By Boring Brick - Paramore	http://guitarflash.me/?gfcMus=Y8QYLMWH7L4T
Sugar Desafio - Adriano Hipy	http://guitarflash.me/?gfcMus=189TTNUIF371
Vegetas Revenge - Schmutz06	http://guitarflash.me/?gfcMus=VVNAD6QL46BC
115 - Elena Siegman	http://guitarflash.me/?gfcMus=TV25R3LA89W1
Theory Of Everything 2 - Geometry Dash	http://guitarflash.me/?gfcMus=HE5X5ONFTEMH
Combo Solos 1# - Wrath Man	http://guitarflash.me/?gfcMus=GMXXV68KN269
Oh Love - Green Day	http://guitarflash.me/?gfcMus=32PF03LB0BFA
All Star - smash mouth	http://guitarflash.me/?gfcMus=1W8R9JQ90YJW
Closer (Underchart) - Lacuna Coil	http://guitarflash.me/?gfcMus=A5G9CI1R8TGS
Sahabat Sejati - Sheila On 7	http://guitarflash.me/?gfcMus=A787O00N9RHY
Hysteria (Def Leppard Cover) - Asking Alexand	http://guitarflash.me/?gfcMus=Y9PQ4KPA6M4J
War Eternal - Arch Enemy	http://guitarflash.me/?gfcMus=TW4KRC79USW4
Silent Scream - Slayer	http://guitarflash.me/?gfcMus=F9I0DQH5483B
Welcome to the Family - Avenged Sevenfold	http://guitarflash.me/?gfcMus=RGD4X6KJU6P4
Pianists Nightmare - Metallicais1337	http://guitarflash.me/?gfcMus=USFFLJDCPNUN
El Martillo - Caramelos de Cianuro	http://guitarflash.me/?gfcMus=T29CN3SY6G2G
Guitar Flash - Andragonia	http://guitarflash.me/?gfcMus=E809E94QV80R
Re:make - One Ok Rock	http://guitarflash.me/?gfcMus=W94FGGE43R2L
Im Alive - Helloween	http://guitarflash.me/?gfcMus=4B0KPJGWMA2V
Boulevard Of Broken Dreams  - Green day	http://guitarflash.me/?gfcMus=PYSX87YW04TV
Impulse - An Endless Sporadic	http://guitarflash.me/?gfcMus=BEL6IDBDDRFA
Imposible - Rusty Cooley	http://guitarflash.me/?gfcMus=FPUQQQVFLPUA
Dreaming 24-7 - Scar Symmetry	http://guitarflash.me/?gfcMus=RLDNQQ4627JN
Promised Land - Avantasia	http://guitarflash.me/?gfcMus=OJHNQNHPQED0
Antisocialmedia - Adam Nitti	http://guitarflash.me/?gfcMus=2250N14LJK1C
8 Pillars of Steel - Michael Angelo Batio	http://guitarflash.me/?gfcMus=RRYAC502LTXI
Self Vs. Self - Pendulum	http://guitarflash.me/?gfcMus=KHWKDM4ANP6D
On The Backs of Angels - Dream Theater	http://guitarflash.me/?gfcMus=VURWHUOOT3ME
Berzerker - After The Burial	http://guitarflash.me/?gfcMus=ARRSA2C5H62X
ScarsSoloNonSTOP! - Bruh	http://guitarflash.me/?gfcMus=O420H0RV07AC
Dark Matter - Rusty Cooley	http://guitarflash.me/?gfcMus=DLY20GAL2JOW
I Wont Give In - Asking Alexandria	http://guitarflash.me/?gfcMus=7I0MAJCMFSPI
Our Worlds Collide - Dead By April	http://guitarflash.me/?gfcMus=5NMP1A57QVGB
Minds of the Mad - Exilelord	http://guitarflash.me/?gfcMus=4UR04ES8U5W2
Chokotto Love - Babymetal	http://guitarflash.me/?gfcMus=TWY7070MDBAC
Fast Violin Solo - Samvel Yervinyan	http://guitarflash.me/?gfcMus=90MIE31LKKW4
7mo HR - Dying Fetus	http://guitarflash.me/?gfcMus=OM2CCM8LLDRP
Assassin - Muse	http://guitarflash.me/?gfcMus=VKI16PBGSBC4
Want You Bad - The Offspring	http://guitarflash.me/?gfcMus=NUR1UJ26K6CE
Night Eternal - Moonspell	http://guitarflash.me/?gfcMus=LF311N2F724G
Chop Suey - Tongo	http://guitarflash.me/?gfcMus=WDIWVGE2EDIH
Thank You For The Venom - My Chemical Romance	http://guitarflash.me/?gfcMus=5TLEC9FNI9AT
Thrift Shop - Macklemore ft. Ryan Lewis	http://guitarflash.me/?gfcMus=QN772P61IUKJ
Headbanger - Babymetal	http://guitarflash.me/?gfcMus=BMBRL94MIIMA
Im Not a Vampire - Falling In Reverse Solo	http://guitarflash.me/?gfcMus=W5T2DA4FNFX6
Troopers of the Stars - Dragonforce	http://guitarflash.me/?gfcMus=95QI4KNKUSQ3
The Sun Is Dead - Dragonforce	http://guitarflash.me/?gfcMus=HXUU58CGLN6V
Final Wars - Buckethead	http://guitarflash.me/?gfcMus=4PKIWUS2OI4B
The Hand - Halestorm	http://guitarflash.me/?gfcMus=2NGJLKFXSXNH
Whistle - BLACKPINK	http://guitarflash.me/?gfcMus=ARGAS955VFM1
METRALHAS IM THE ONE 5X - LuccasFC	http://guitarflash.me/?gfcMus=B1VPSKGRKRPQ
Mum - John Charles Fiddy	http://guitarflash.me/?gfcMus=4LB5E9YGVSNK
SOY FEMINISTA MODERNA - ZORMAN	http://guitarflash.me/?gfcMus=W1EMRQORIA79
The Devil In I - Slipknot	http://guitarflash.me/?gfcMus=TOETFXSEOKPG
The Stage - Avenged Sevenfold	http://guitarflash.me/?gfcMus=THKIV3PJFOIO
Far Beyond The Sun - Yngwie Malmsteen	http://guitarflash.me/?gfcMus=38U6E0GT45LY
Don Tetto  - Adicto Al Dolor Lagrimas	http://guitarflash.me/?gfcMus=JB9YQO9QCEXH
Beethoven Virus - Diana Boncheva	http://guitarflash.me/?gfcMus=NMBPTM0WL9EY
Psycho - Red Velvet	http://guitarflash.me/?gfcMus=XTEHK9H8I41N
Bloodlines - Dethklok	http://guitarflash.me/?gfcMus=C8I6CH4FO59Y
Cuntcrusher - infant annihilator	http://guitarflash.me/?gfcMus=JMDGUNF21N9C
Struggle For The Freedom Flag - Galneryus	http://guitarflash.me/?gfcMus=2WYBJ0EA0LW0
2023 EM UMA MSICA - Lucas Inutilismo	http://guitarflash.me/?gfcMus=6IA32UEGUX0F
Treino Metralha Over 1.2 :) - sei la	http://guitarflash.me/?gfcMus=NNSAU3OJM7CV
Kaj Dak - Nick420	http://guitarflash.me/?gfcMus=7UW9BTDVKQPU
Tenacious D_ Master Exploder.mp3 - No Artist	http://guitarflash.me/?gfcMus=HIF8VKMMUG39
Gold Dragon - Buckethead	http://guitarflash.me/?gfcMus=32Y4N4PFE2ET
Rainmaker - Iron Maiden	http://guitarflash.me/?gfcMus=UPQCA84PRYG7
A Moment Of Clarity - Death	http://guitarflash.me/?gfcMus=XK063WV17TQW
Dancing Dead - Avenged Sevenfold	http://guitarflash.me/?gfcMus=UBD96LWMA1P9
All These Things I Hate (Revolve Around Me) -	http://guitarflash.me/?gfcMus=57DF4C335RN3
Poison - Alice Cooper	http://guitarflash.me/?gfcMus=EGLK42QPDIWO
The Enemy Inside - Dream Theater	http://guitarflash.me/?gfcMus=P3W0S576HSBU
Rain Of A Thousand Flames - Rhapsody Of Fire	http://guitarflash.me/?gfcMus=CTWITDETSXJ5
This Means War - Avenged Sevenfold	http://guitarflash.me/?gfcMus=86MU3NECKO31
Seasons - DragonForce	http://guitarflash.me/?gfcMus=IXKKJP5DR78M
Lords of Summer - Metallica	http://guitarflash.me/?gfcMus=LK3PV8RXL2MN
Shigatsu Wa Kimi No Uso Opening 2 - Koala	http://guitarflash.me/?gfcMus=L0I9TK6AXY2N
Dragonforce - Scars of Yesterday [www.slider.	http://guitarflash.me/?gfcMus=RMAWX40J0FVL
Best Feeling - Aleks Tunka	http://guitarflash.me/?gfcMus=I5A9XV94C74A
song -	http://guitarflash.me/?gfcMus=1HOQAIKO62GH
Kick Me - Sleeping With Sirens	http://guitarflash.me/?gfcMus=049PGRHR7YPV
parte tensa I Dark Matter - no	http://guitarflash.me/?gfcMus=HGV11LC4EOOM
Slaves To Substance - Suicide Silence	http://guitarflash.me/?gfcMus=0PKISM9H3INC
E.P.M(Extreme Power Metal) - DragonForce	http://guitarflash.me/?gfcMus=BYBU4LI1IUME
[The Winner Anime] Supermassive Black Hole -	http://guitarflash.me/?gfcMus=EKVVS6020SOG
Scarified - Paul Gilbert	http://guitarflash.me/?gfcMus=TJ2YI1BHF9WX
The Bull - Massacration	http://guitarflash.me/?gfcMus=X9VM4H5GB5R2
First Date - Blink 182	http://guitarflash.me/?gfcMus=VM1HTMWDTVQC
Fuckingham Palace - Detroit Metal City	http://guitarflash.me/?gfcMus=D5LDGWGKRHKX
From The Inside - Linkin Park	http://guitarflash.me/?gfcMus=Q9M8X6JQUE64
Sweet Home Alabama - Lynyrd Skynyrd	http://guitarflash.me/?gfcMus=MLQGJKP3CGOO
Miracle - Heavenly	http://guitarflash.me/?gfcMus=N3GUVWML3AV1
Du Hast - Rammstein	http://guitarflash.me/?gfcMus=3JTFWLB9VMLP
A Candlelit Dinner With Inamorta - Asking Ale	http://guitarflash.me/?gfcMus=63XTFSHISN8J
Black Widow PARTE TENSA - Luccas_FC	http://guitarflash.me/?gfcMus=U8WR60HLBTLO
Eleven Blue Egyptians - Jason Becker	http://guitarflash.me/?gfcMus=T84KF81EOO98
Kizuna - Galneryus	http://guitarflash.me/?gfcMus=VN0H92GB6A3O
Best Song Ever - One Direction	http://guitarflash.me/?gfcMus=VKI69PHC080Q
Radiant Eclipse - Avenged Sevenfold	http://guitarflash.me/?gfcMus=4G57FI7VC8UL
Ultimate Charts - Solos	http://guitarflash.me/?gfcMus=0HWKIP4GJW31
Born To Lead - Falling In Reverse	http://guitarflash.me/?gfcMus=LV16RPXG5ABC
Power of the Ninja Sword - Dragonforce	http://guitarflash.me/?gfcMus=WNOCPJF4JRS1
Hallelujah - Rammstein	http://guitarflash.me/?gfcMus=MQUKY0IM0KTN
Argos - Ozielzinho	http://guitarflash.me/?gfcMus=AC9PKBA5ULYI
Ich will  - Rammstein	http://guitarflash.me/?gfcMus=9UBKQHOAIL5M
Reaching Into Infinity FULL ALBUM - Dragonfor	http://guitarflash.me/?gfcMus=XK2SM0E294EB
Genjou destruction - Spyair	http://guitarflash.me/?gfcMus=L0KY5DKQRXP1
Eye Of The Tiger - Survivor	http://guitarflash.me/?gfcMus=17L43J7IAVHY
Mirajane Satan Soul Theme - Fairy Tail	http://guitarflash.me/?gfcMus=W0RRFFL3EYS8
Solo Medley - Scar Symmetry	http://guitarflash.me/?gfcMus=P1DQ3OCEUK88
Speeding - Steve Vai	http://guitarflash.me/?gfcMus=3JVABEVKXIWP
Hereafter - DGM	http://guitarflash.me/?gfcMus=IBCG50W2S098
Anna Molly - Incubus	http://guitarflash.me/?gfcMus=SU4IKOTAW1QS
Cryonix - Sky_Delta	http://guitarflash.me/?gfcMus=NADL2DHB23EJ
The Reeling - Passion Pit	http://guitarflash.me/?gfcMus=3YE8X5RNC5BH
Plug in Baby - Muse	http://guitarflash.me/?gfcMus=H7FYB72CM7FI
My Spirit Will Go On - DragonForce	http://guitarflash.me/?gfcMus=PFP5VI52IKCR
Crimson no Binetsu - Rias Gremory (CV: Yoko H	http://guitarflash.me/?gfcMus=H3W46TKN8V0T
Writing On The Walls - Underoath	http://guitarflash.me/?gfcMus=9DDR0VPA6NY0
Heartbreak Armageddon - Dragonforce	http://guitarflash.me/?gfcMus=678ACGCGFF0X
Hopeless - Breaking Benjamin	http://guitarflash.me/?gfcMus=ILUVY69I0LUG
Guitars Suck - Bumblefoot	http://guitarflash.me/?gfcMus=E7851IOU34YY
Fury of the Storm Solo Invertido - Jorge Rive	http://guitarflash.me/?gfcMus=9Q7EU85JLN00
I Wont Give In Metrallas - Asking Alexandria	http://guitarflash.me/?gfcMus=MU3XHLC8SBAE
Kill The King - Rainbow	http://guitarflash.me/?gfcMus=4G74QK1CYCIL
Battery - Metallica	http://guitarflash.me/?gfcMus=LV5KG3F780A4
Demo 2013/3 - Syu	http://guitarflash.me/?gfcMus=D90TYO6DHVOU
When The Sun Burns Red - Kreator	http://guitarflash.me/?gfcMus=T904EJ866PLS
Losing Track of Time - Deventter	http://guitarflash.me/?gfcMus=O7KYUWU7E0ON
They Say - Scars On Broadway	http://guitarflash.me/?gfcMus=WX1M6HV20NFF
Radio/Video - System Of A Down	http://guitarflash.me/?gfcMus=XW1YSBX0MCQD
The conjuring - MEGADETH	http://guitarflash.me/?gfcMus=2LPMPW690SL0
Demons - Darkest Hour	http://guitarflash.me/?gfcMus=99XBH40HFAU4
Togainu no Chi Opening - GRANRODEO	http://guitarflash.me/?gfcMus=M8SCRC6HRAN9
Falling Away From Me - Korn	http://guitarflash.me/?gfcMus=A76PBNDDS668
Judgement Day - DragonForce	http://guitarflash.me/?gfcMus=WDH4TX57SQT4
Soldiers 5sp - DF	http://guitarflash.me/?gfcMus=I4P3059QHN1N
Prodigy - Schmutz06	http://guitarflash.me/?gfcMus=3Y941QLCT9CC
Master of Puppets Solo Expert - Adriano Hipy	http://guitarflash.me/?gfcMus=JKRQO484I37Y
Ride Two Horses At Once You Should Get Out Of	http://guitarflash.me/?gfcMus=9LWEFVXTS07J
El Lagarto - Alejandro Silva	http://guitarflash.me/?gfcMus=BDPJ7QS4GHE2
Chernobyl - Especimen	http://guitarflash.me/?gfcMus=C0MFQMOREWE4
WHEELS IN MOTION - MIKE ORLANDO	http://guitarflash.me/?gfcMus=GIOKDKEYUCPI
Trinity seven Opening - ZAQ	http://guitarflash.me/?gfcMus=VF81OLDUKVVM
Undefined Paradox [ Verse 3 - Mini Solo B ] -	http://guitarflash.me/?gfcMus=6LS2GRHQAQEQ
I Am God - Fraser Edwards	http://guitarflash.me/?gfcMus=OBUFOS0AMYT3
God Knows - Aya Hirano - Haruhi Susumiya	http://guitarflash.me/?gfcMus=WSRJVN320KYY
Cest Impossible (Offer MEGA Remix) - JPrez44	http://guitarflash.me/?gfcMus=9F32V2U0I41R
The GAG Quartet - le Internet Medley OVER 40	http://guitarflash.me/?gfcMus=DV9OJNDFHHYL
The Promised neverland OP song Full -	http://guitarflash.me/?gfcMus=YEMSG1WRIAYC
Ultra Super Hyper Miracle Romantic - Yuka Igu	http://guitarflash.me/?gfcMus=A5NALY2KDT3Y
Rise Of The Tyrant - Arch Enemy	http://guitarflash.me/?gfcMus=GBWX5JPKFE65
Ohmwrecker - Pentakill	http://guitarflash.me/?gfcMus=WIL284HPOP0F
Shout - Black tide	http://guitarflash.me/?gfcMus=C3F2UBL1L8G0
Beelzeboss - Tenacious D	http://guitarflash.me/?gfcMus=8OPTICE2869R
Unravel - Tokyo Ghoul	http://guitarflash.me/?gfcMus=7LKF8SE0P1RU
An Evaporation - Polyphia	http://guitarflash.me/?gfcMus=TRRUYFW8SFS9
Perfect Weapon - Black Veil Brides	http://guitarflash.me/?gfcMus=QKSFDX4GEM5D
Lose Yourself - Eminem	http://guitarflash.me/?gfcMus=TC8T0EPNXIQT
Sleepwalking - Bring Me The Horizon	http://guitarflash.me/?gfcMus=OYTJ7P2VESTL
Under The Bridge - Red Hot Chili Peppers	http://guitarflash.me/?gfcMus=BFE3XMY4SI4G
IT Is The End - Ice Nine Kills	http://guitarflash.me/?gfcMus=VQF69VDCWN7V
Killpop - Slipknot	http://guitarflash.me/?gfcMus=CQBOYV1CXH5S
Rondo A La Turca - Dragonland	http://guitarflash.me/?gfcMus=EU0FB77OI3CY
Razorblade Meltdown - DragonForce	http://guitarflash.me/?gfcMus=KX1L7E4C59MR
Sad Statue - System of a Down	http://guitarflash.me/?gfcMus=LHN2SM62GWUF
ANNOYING TRIBUTE - SlenderGFCharts	http://guitarflash.me/?gfcMus=DEBUVU4AJCG0
By The Way  - Red Hot Chili Peppers	http://guitarflash.me/?gfcMus=JPM3RKR0FK1E
Carolyn - Black Veil Brides	http://guitarflash.me/?gfcMus=C6PFWIVP2KKF
The Pride Of The Tyrant - Rhapsody Of Fire	http://guitarflash.me/?gfcMus=4EHX16RD7LSH
Altitudes - Jason Becker	http://guitarflash.me/?gfcMus=VEEARRFXPH7F
oa - Tom Morello	http://guitarflash.me/?gfcMus=MAM0CUTW8FOT
Mortal Kombat Meets Metal - Eric Calderone	http://guitarflash.me/?gfcMus=F5AE0FL9CWXX
The Negative One  - SLIPKNOT	http://guitarflash.me/?gfcMus=0CWTSOSOXHWT
The Castle - John 5	http://guitarflash.me/?gfcMus=TQX1AW3V5C42
Nada De Nada De Nada De Seu Madruga Professor	http://guitarflash.me/?gfcMus=NY6IBK34VRRA
Jordan (150% Speed) - Buckethead	http://guitarflash.me/?gfcMus=5R20H1O5ACVK
Fucking Speed Guitar Solo - NeoGeo Fanatic	http://guitarflash.me/?gfcMus=B49QFU9H3DHJ
Four - Buckethead	http://guitarflash.me/?gfcMus=90KX92IVBBLD
To The Stage - Asking Alexandria	http://guitarflash.me/?gfcMus=L28ISH2UP7RF
Sekuat Hatimu - Last Child	http://guitarflash.me/?gfcMus=0L8LIMR806J6
Killpop - Slipknot	http://guitarflash.me/?gfcMus=L4SCNYECKN6S
Bury the Light  - Victor Borba	http://guitarflash.me/?gfcMus=582P5HOUI27V
Tetris - Dubstep - ManausGF	http://guitarflash.me/?gfcMus=QH452DETNRR9
Xenhenhem - Gilderlan Andre	http://guitarflash.me/?gfcMus=J2NT4VSN21P8
Etude in A minor, Op. 25, No. 11 Winter Wind	http://guitarflash.me/?gfcMus=SNMLTNRVUYN0
Life After The End Of The World - Ringworm	http://guitarflash.me/?gfcMus=87J9GS6G4MRM
Wake Me Up When September Ends - Green day	http://guitarflash.me/?gfcMus=KHR9IQ7SQGUK
Solo Psychosocial - facebookcomOmegaChart	http://guitarflash.me/?gfcMus=XYNPW3G3P55Q
City Of Gold - Dragonforce	http://guitarflash.me/?gfcMus=N8N60GGU3X15
Crawling - Linkin Park	http://guitarflash.me/?gfcMus=T2W8G8MTIJG5
Black Fire - Dragonforce	http://guitarflash.me/?gfcMus=OVFQLOP7OC2F
Arch Enemy - The World is Yours [HQ Stream Ne	http://guitarflash.me/?gfcMus=XNJ9PDKXM46V
Guitar Battle Vs. Tom Morello - Tom Morello	http://guitarflash.me/?gfcMus=01PSWCYQYMXK
Build a Bitch - Bella Poarch	http://guitarflash.me/?gfcMus=RH3FQK1DTT4V
Your Nightmare Has Come - Zombie Vs Plants	http://guitarflash.me/?gfcMus=IYDHYXT47XWS
Inside The Winter Storm - Dragonforce	http://guitarflash.me/?gfcMus=W2DPGOTBV6I8
Ten Thousand Feet - I See Stars	http://guitarflash.me/?gfcMus=URQ4S6XIR0HV
In Dreams Of Terror - Evile	http://guitarflash.me/?gfcMus=V00FLMYYKWR5
In A Skyforged Dream - Dragonforce	http://guitarflash.me/?gfcMus=AC6838W0080R
The Force Of Courage - Galneryus	http://guitarflash.me/?gfcMus=DIG2OBW62IXL
Go!!! - Flow	http://guitarflash.me/?gfcMus=UQQ74G9Y6A5J
Titan - Jason Richardson	http://guitarflash.me/?gfcMus=81T6HJOMBP80
1,320 - Megadeth	http://guitarflash.me/?gfcMus=GJID4VW6W63P
Solo Suite 2 - L O I S	http://guitarflash.me/?gfcMus=I23FN3M26IMA
lejos.mp3 - No Artist Set	http://guitarflash.me/?gfcMus=2NCCVGE7HDOD
Infectus - Tobu 3 Seguidas	http://guitarflash.me/?gfcMus=V3IJ5BX1LEI3
Spit Out The Bone - Metallica	http://guitarflash.me/?gfcMus=D5OX6JECMCKC
La Posada De Los Muertos - Mago de oz	http://guitarflash.me/?gfcMus=WBSOURTL8D4O
Ungrateful - Escape The Fate	http://guitarflash.me/?gfcMus=5MV9IJDKJW38
Se fode - Felipe Araujo	http://guitarflash.me/?gfcMus=7XEBGGBLR755
Balls To The Wall - Accept	http://guitarflash.me/?gfcMus=T7DE8118O5JF
Dragon Ball Z Budokai 3	http://guitarflash.me/?gfcMus=O870A84QP8RB
Cousins - Vampire Weekend	http://guitarflash.me/?gfcMus=4NYKVLJU7CEC
Blue - Yngwie Malmsteen	http://guitarflash.me/?gfcMus=LK4IVYBXTVM1
Arm Breaker - Exilelord	http://guitarflash.me/?gfcMus=5VALW4AVGFNX
Delineate - HeleneGH	http://guitarflash.me/?gfcMus=7DPMU84WM5W1
In The Dragons Den - Symphony X	http://guitarflash.me/?gfcMus=85TYLM0QQ6PU
Someday - We Are Harlot	http://guitarflash.me/?gfcMus=I68EK2OSBBRA
Raining Blood (Banjo) - Slayer	http://guitarflash.me/?gfcMus=WHVM67F9PKL0
Hellrider - Judas Priest	http://guitarflash.me/?gfcMus=Y7YT9WHLDH31
The Ripper - Judas Priest	http://guitarflash.me/?gfcMus=QC8VPMQCJXWT
The Accuser - Metal Allegiance	http://guitarflash.me/?gfcMus=1M0M3NBP1LK0
EPM Solo - DragonForce	http://guitarflash.me/?gfcMus=I8U3SDLL7OIN
7eitgeist - 7for4	http://guitarflash.me/?gfcMus=XYNO0U6X4WSQ
Fairy Tail Opening 16	http://guitarflash.me/?gfcMus=MWU4OSCESU07
My God Given Right - Helloween	http://guitarflash.me/?gfcMus=LXVKKA9H1MBA
The Worst- - Black Poison	http://guitarflash.me/?gfcMus=L4WWDLC4GI57
Sibylline Origin - Jeff Loomis	http://guitarflash.me/?gfcMus=O7D5PG0AGWP5
Orange Dream... - Border of Nightmares	http://guitarflash.me/?gfcMus=N0197D12R6GH
Undiminished - Hatebreed	http://guitarflash.me/?gfcMus=VON7064BBGTP
Black Rain - Soundgarden	http://guitarflash.me/?gfcMus=M695WCWYCI9N
The Worst In Me - Bad Omens	http://guitarflash.me/?gfcMus=6NJAHF36GPSJ
Unrestrained Growth - Buckethead	http://guitarflash.me/?gfcMus=EP04IV3237I2
[Medaka Box] Ohanabatake in Tsuretette - Aki	http://guitarflash.me/?gfcMus=AHFEOC0GFK4V
Lightning Strikes Again - Metal Squad	http://guitarflash.me/?gfcMus=NM6KYYKGH54T
Bangarang  - Skrillex	http://guitarflash.me/?gfcMus=GYYNC1PY3363
Viking Kong - Racer X	http://guitarflash.me/?gfcMus=ONU9SUWB14HV
Abertura - Zatch Bell	http://guitarflash.me/?gfcMus=CUNH1CXY0C8B
Circle - Slipknot	http://guitarflash.me/?gfcMus=QC589BX6VFWF
GAS PEDAL  - CAKED UP	http://guitarflash.me/?gfcMus=4IQ4MAUTMYXL
Train of Consequences - Megadeth	http://guitarflash.me/?gfcMus=61596K5JRRUN
Night Train  - Guns n roses	http://guitarflash.me/?gfcMus=5FWWDKFU6EKY
Digimon Opening 1 (Butterfly)	http://guitarflash.me/?gfcMus=1PEFSGDA5U06
A Little Piece Of Heaven Live In The LBC - Av	http://guitarflash.me/?gfcMus=QVT91KHLFCHT
The Last Fight - Bullet For My Valentine	http://guitarflash.me/?gfcMus=4FE6E32GXEHF
Victim Of Fate - Helloween	http://guitarflash.me/?gfcMus=GXYYI22PHXID
Mala Gente - Juanes	http://guitarflash.me/?gfcMus=BT6UAD66ST6F
First Shot - KoRn	http://guitarflash.me/?gfcMus=TMOPMSTKI2BB
Hit The Lights - Black Tide	http://guitarflash.me/?gfcMus=UYILUFQ6L8OL
[Attack on Titan:Final Seasons] The Rumbling	http://guitarflash.me/?gfcMus=6TEJ9KALYYYB
Unsung - Helmet	http://guitarflash.me/?gfcMus=JDT0JNDEK9OG
The Middle - Jimmy Eat World	http://guitarflash.me/?gfcMus=AN9Q5FDFAPNM
2nd Sucks - A Day To Remember	http://guitarflash.me/?gfcMus=191VCWP52QKT
Throne - Bring Me The Horizon	http://guitarflash.me/?gfcMus=AQTNQMLBWT2Y
We Drink Your Blood - PowerWolf	http://guitarflash.me/?gfcMus=MWPSTVFWWLOE
Sad Statue - System Of A Down	http://guitarflash.me/?gfcMus=4L7LMVATL616
The Unforgiven II - Metallica	http://guitarflash.me/?gfcMus=1SPQ153OEPGL
Carry On - Angra	http://guitarflash.me/?gfcMus=3KRLF122GXLO
Michael Angelo Batios Tribute to Randy - Mich	http://guitarflash.me/?gfcMus=9D8H383XUM08
Undefined Paradox - fyighfreak	http://guitarflash.me/?gfcMus=5X0TXSUBNF2Q
St Anger - Metallica	http://guitarflash.me/?gfcMus=O99CIRVBK4QF
Heart In A Cage - The Strokes	http://guitarflash.me/?gfcMus=H3XTHMX43UN7
Real - Bumblefoot	http://guitarflash.me/?gfcMus=S43OYTESUX3Q
Empyreal - Sylosis	http://guitarflash.me/?gfcMus=0H2PDDKWN1E6
21 Guns - Green Day	http://guitarflash.me/?gfcMus=METMME0XLY67
The Haunting - Set It Off	http://guitarflash.me/?gfcMus=ASNBC59RDY3I
Surfing With the Alien - Joe satriani	http://guitarflash.me/?gfcMus=9JBO9DQVBF56
Atlas, Rise! - Metallica	http://guitarflash.me/?gfcMus=H6M2YQ3HM8EC
Born To Lead - Falling In Reverse	http://guitarflash.me/?gfcMus=6P51L7K9KJ7W
First Date - Blink-182	http://guitarflash.me/?gfcMus=ABE5NQR8RCAX
marcha turca - mago de oz	http://guitarflash.me/?gfcMus=QLITFU5WDRJS
Battle Of Omega - Hironobu Kageyama	http://guitarflash.me/?gfcMus=K6PCJSI8BGUG
570 - Motionless In White	http://guitarflash.me/?gfcMus=07MO5S0C4D5P
Prayer Of The Refugee - Rise Against	http://guitarflash.me/?gfcMus=3JW2GOUAYW84
Under The Influence - Rusty Cooley	http://guitarflash.me/?gfcMus=UXM5NTESVUC1
Galaxy Dash - LemonxreaperGH	http://guitarflash.me/?gfcMus=9BNLDA57SPWV
Medusa - Burning In Hell	http://guitarflash.me/?gfcMus=WTOR7SOACKYX
Por Mil Noches - AIRBAG	http://guitarflash.me/?gfcMus=CL9BPR7IAQB7
Punk Rock Love - The Casualties	http://guitarflash.me/?gfcMus=ABF2V1WT0OAY
Dead Star - Muse	http://guitarflash.me/?gfcMus=CM43LK5G660F
Black Hole - Schmutz06	http://guitarflash.me/?gfcMus=1CI0B094FNN5
City Of Gold - DragonForce	http://guitarflash.me/?gfcMus=2HF7S9BBD1TK
Highly Strung - Orianthi and Steve Vai	http://guitarflash.me/?gfcMus=I11UI24DX9BJ
Ritual - Black Veil Brides	http://guitarflash.me/?gfcMus=QN8XBRULX2KX
Lobotomizing The Masses - Deep In Hate	http://guitarflash.me/?gfcMus=8CXNLHUW0YJU
Power Rangers Meets Metal - 331Erock	http://guitarflash.me/?gfcMus=0KGM8WI8DY60
Domination  - Pantera	http://guitarflash.me/?gfcMus=7O1W8EU0O9UF
Unravel - TK From Ling Tosite Sigure	http://guitarflash.me/?gfcMus=R7SQDVDA7F57
Rustys Freestyle Shred - Rusty Cooley	http://guitarflash.me/?gfcMus=TJARU0L47V8H
Bulls in the Bronx - Pierce The Veil	http://guitarflash.me/?gfcMus=TYR5COYIDABI
Psychobilly Freakout - Reverend Horton Heat	http://guitarflash.me/?gfcMus=KYSOPNYYRW0L
10 Epic Clichés in Power Metal  - Charlie Par	http://guitarflash.me/?gfcMus=LNEVY5LL98QF
This Cocaine Makes Me Feel Like Im On This S	http://guitarflash.me/?gfcMus=JFF2V8W3GO34
Warriors Guitar Version - Imagine Dragons	http://guitarflash.me/?gfcMus=QMHSX1FP5XJ4
Matyr Of The Free Word - Epica	http://guitarflash.me/?gfcMus=CION02PS108I
The Call of Ktulu - Metallica	http://guitarflash.me/?gfcMus=XJ79NO7AR32Q
Solo Da Free Bird.mp3 - Victor hugo	http://guitarflash.me/?gfcMus=X18NXCOB6BVQ
Good Girls Bad Guys - Falling In Reverse	http://guitarflash.me/?gfcMus=PIF5F4JAOKP9
Musisi - GOD BLESS	http://guitarflash.me/?gfcMus=H40GH513HJNX
Speeding - Steve Vai	http://guitarflash.me/?gfcMus=KJIIGN2DJOKD
Animario - Martin Garrix	http://guitarflash.me/?gfcMus=W4226BKAF190
Lost in Hollywood - system of a down	http://guitarflash.me/?gfcMus=VRFVXCLUP8IL
Rattlehead - Megadeth	http://guitarflash.me/?gfcMus=U6B20H9OT9JC
Abertura - Ben 10	http://guitarflash.me/?gfcMus=0BYO7HD0YE9U
Monster - Paramore	http://guitarflash.me/?gfcMus=5WXAP0MR0E20
Endless Story - Galneryus	http://guitarflash.me/?gfcMus=V6QBLN0SKNB4
Lost - Avenged Sevenfold	http://guitarflash.me/?gfcMus=9OH94UVKUWAV
The Brotherhood Of Melancholy - Kris Norris	http://guitarflash.me/?gfcMus=FS7WVGFYNNM3
Sword Art Online Opening 1	http://guitarflash.me/?gfcMus=W87053CUYM20
Planet Of The Grapes ADAPTADA - Berried Alive	http://guitarflash.me/?gfcMus=2AQBDTQK1VX9
Eruption (In 20 Different Styles) - Van Halen	http://guitarflash.me/?gfcMus=WMW3715H5YFK
Seaw Vi Na Tee - Bodyslam	http://guitarflash.me/?gfcMus=GECL85BGKJXD
Triciclo Perú - Charlie Parra	http://guitarflash.me/?gfcMus=21715UUSRE11
Original Song - Juliana Vieira	http://guitarflash.me/?gfcMus=9UEBGC327L4N
Dragon Ball Z Budokai Tenkaichi 3 Versión Lat	http://guitarflash.me/?gfcMus=GOPQ2VBP3BVS
Two Birds, One Stone - Drop Dead, Gorgeous	http://guitarflash.me/?gfcMus=65GA5ISB81BS
War Of Change  - Thousand Foot Krutch	http://guitarflash.me/?gfcMus=9SN5953V72FV
Riot - Bullet For My Valentine	http://guitarflash.me/?gfcMus=LJ6CFBBYNCA2
No Me Arrepiento De Este Amor - Boca Del Pozo	http://guitarflash.me/?gfcMus=B7XXWXEUMR7O
E.P.M - DragonForce	http://guitarflash.me/?gfcMus=NFBGDL8RLM9P
Castle - Super Mario World	http://guitarflash.me/?gfcMus=EWO1VJXX1KPD
Savior - Rise Against	http://guitarflash.me/?gfcMus=EGMHDCUBLUWP
Victim Of Fate - Helloween	http://guitarflash.me/?gfcMus=HGVX9VHPM1OM
Tocar e Palhetar Treino 1 - Victor Severo de	http://guitarflash.me/?gfcMus=0L8JN67YSPU6
Fire with Fire - Edu Falaschi	http://guitarflash.me/?gfcMus=CX38VNF9X50I
Posso Pressentir o Perigo e o Caos - Dragon B	http://guitarflash.me/?gfcMus=V8GKJKUDCV1V
Megitsune - Babymetal	http://guitarflash.me/?gfcMus=G7JD1KJ4QWEA
Escape - The Devil Wears Prada	http://guitarflash.me/?gfcMus=YH9DGS8XE6P2
Carry On (Feat. Jake Luhrs) - Blessthefall	http://guitarflash.me/?gfcMus=77W8KN6OKKPA
Caprici Di Diablo - Yngwie Malmsteen	http://guitarflash.me/?gfcMus=3FI9UNIL9GHW
Uber Song [Adaptada] - -Loudy-Rioty-	http://guitarflash.me/?gfcMus=MLJN8LGGKTD5
The Ectopic Stroll - Between the Buried and M	http://guitarflash.me/?gfcMus=TP8L9Y2G67QN
Give Me A Chance - Black Tide	http://guitarflash.me/?gfcMus=BDXIMQ8MF2D8
Select y Start - Tourista	http://guitarflash.me/?gfcMus=2OBFN69M92OC
Mysterious - Bleach	http://guitarflash.me/?gfcMus=LQ6KWB35OYGB
Sunset di Tanah Anarki - Superman Is Dead	http://guitarflash.me/?gfcMus=KM1JO1PX5WNN
Malphas - Future Palace	http://guitarflash.me/?gfcMus=V1PTMK1FJ25J
Feuer Frei - Rammstein	http://guitarflash.me/?gfcMus=M7402PGH8EXI
Hysteria - NANO	http://guitarflash.me/?gfcMus=E3TNLIOWRIJ3
Roulette - Bon Jovi	http://guitarflash.me/?gfcMus=97AQWR88VSHP
Unbreakable - Stratovarius	http://guitarflash.me/?gfcMus=UKRLK7TX7KB0
Disasterology - Pierce The Veil	http://guitarflash.me/?gfcMus=F1SCUSNJ5GJM
Temptation Through The Night - Galneryus	http://guitarflash.me/?gfcMus=GCRN7V384D7D
The Flood - Escape The Fate	http://guitarflash.me/?gfcMus=MQMSN18Y8XJ4
Seasons - Dragonforce	http://guitarflash.me/?gfcMus=QTEK1QKKO0DM
En Nombre De Dios - Rata Blanca	http://guitarflash.me/?gfcMus=CG2TLYW8IW6H
The Time And The Test - Tony Macalpine	http://guitarflash.me/?gfcMus=8BXW0SC9M6V6
The World Is Yours - Arch Enemy	http://guitarflash.me/?gfcMus=CE939QFDA45X
Symphony Of The Night - Dragonforce	http://guitarflash.me/?gfcMus=T4MHCDSJV0HX
She Builds Quick Machines - Velvet Revolver	http://guitarflash.me/?gfcMus=1VHNVSBC7UH4
constant motion solo - Juninho pipoqueiro	http://guitarflash.me/?gfcMus=1TRB66LDMYRC
Last Train Home  - Clannad After Story OST An	http://guitarflash.me/?gfcMus=MLLBOX9M8CDJ
En Esta Habitacion - Libido	http://guitarflash.me/?gfcMus=Y4HAU909L8NS
Michael Jackson - Beat It (solo) - VanderNinj	http://guitarflash.me/?gfcMus=S0SKBXLH1TBL
Coma - Bullet For My Valentine	http://guitarflash.me/?gfcMus=RHWHW61XHUSD
27 Needles - John 5	http://guitarflash.me/?gfcMus=O6OPNJYTHRCP
Destruction Preventer - Sonata Arctica	http://guitarflash.me/?gfcMus=UGHCORF0DXI8
Butterfly - Tragicomico	http://guitarflash.me/?gfcMus=SYTHJ8Q285BM
Helter Skelter - The Beatles	http://guitarflash.me/?gfcMus=K7JBACIF5G8A
Legend of Zelda Ocarina of Time  - Chalie par	http://guitarflash.me/?gfcMus=CX52F0EBSLNJ
Holding On - Dragonforce	http://guitarflash.me/?gfcMus=IU8B2PADA0R6
Jason Becker rips	http://guitarflash.me/?gfcMus=0CU5F4PDOQLG
Fight Til The Bitter End - Black Tide	http://guitarflash.me/?gfcMus=UT51NPVTHY8P
After Dark - Asian Kung Fu Generation	http://guitarflash.me/?gfcMus=QU5S2E50UYRF
1986 and the War of the Fallen Heroes - Bless	http://guitarflash.me/?gfcMus=GVFPSL7XUPFR
2020 EM UMA MUSICA - Inutilismo	http://guitarflash.me/?gfcMus=PYK6TG0ESPUC
TTFAF PACK - Adriano Hipy	http://guitarflash.me/?gfcMus=ODA3REM5S4KA
Concerto - Cacophony	http://guitarflash.me/?gfcMus=JN32WTXIRXME
Cry of Achilles - Alter Bridge	http://guitarflash.me/?gfcMus=JQMTD9ANTDP4
La Casa - Caramelos De Cianuro	http://guitarflash.me/?gfcMus=6HIYMD9ON2AM
Ambrosia - Alesana	http://guitarflash.me/?gfcMus=J52NM6GHCQSE
Daydreamer - meganeko	http://guitarflash.me/?gfcMus=1QTHIC4H4Y9C
36 - System Of A Down	http://guitarflash.me/?gfcMus=9F0A9X639VOQ
Gasolina - Daddy Yankee	http://guitarflash.me/?gfcMus=F4ICEE1RAGW4
Line In The Sand - Motorhead	http://guitarflash.me/?gfcMus=PCGN4DPUPCVD
For Whom the Bell Tolls - Metallica	http://guitarflash.me/?gfcMus=HRV3IXQIE0OP
Domination - Pantera	http://guitarflash.me/?gfcMus=2W1X33WC2VKE
Fucking Guitar Solo - NeoGeoFanatic	http://guitarflash.me/?gfcMus=VS688KRVWPV1
Back in Black - AC/DC	http://guitarflash.me/?gfcMus=3O3MC60YIFDS
Dark Funeral - My Dark Desires - No Artist Se	http://guitarflash.me/?gfcMus=G7K39M8O63EN
metris - yokese	http://guitarflash.me/?gfcMus=4HVOVH9N5FKN
Skyrim Meets Metal - Eric Calderone	http://guitarflash.me/?gfcMus=1IM4QF1N4RS3
Scars Of Yesterday Solo - Dragonforce	http://guitarflash.me/?gfcMus=VTTQXFYV9QMF
Piratas del Caribe - Jarek Bunos	http://guitarflash.me/?gfcMus=SHQKY0BLR4TU
A Place For My Head - Linkin Park	http://guitarflash.me/?gfcMus=3UYO43QE7IKX
Chemical Warfare - Slayer	http://guitarflash.me/?gfcMus=OF4SA6JQTHXT
More than a Feeling - Boston	http://guitarflash.me/?gfcMus=FY312E7P6R5U
kingdom hearts 2.8 - Utada Hikaru	http://guitarflash.me/?gfcMus=XSN5A2B6BMM7
Kissing The Shadows - Children Of Bodom	http://guitarflash.me/?gfcMus=EBCJRH8UYNR8
Anthem - Smashface	http://guitarflash.me/?gfcMus=XV5ILOLMWYES
Dracula - Iced Earth	http://guitarflash.me/?gfcMus=CT0XD8GU337W
Moonlight_Blue_-_Doraemon_Song.mp3 - No Artis	http://guitarflash.me/?gfcMus=5PABIU7LUK6O
Emerald Sword - Rhapsody Of Fire	http://guitarflash.me/?gfcMus=62WEIBKFKVVG
violent revolution - Kreator	http://guitarflash.me/?gfcMus=UBE5HNR3W5DA
Youre Not Alone - Of Mice & Men	http://guitarflash.me/?gfcMus=2164VKP7J210
Solos Death Devil - facebookcomOmegaChart	http://guitarflash.me/?gfcMus=MU97KREBXVL7
Open Your Heart - Sonic Adventure	http://guitarflash.me/?gfcMus=32Y5KC0J0AQT
Minority - Green Day	http://guitarflash.me/?gfcMus=HXWFB9T5TWIM
Strike Of The Ninja - DragonForce	http://guitarflash.me/?gfcMus=3QLYTCP6WAGE
Balls To The Wall - Accept	http://guitarflash.me/?gfcMus=4KABHA5C3QC8
Thoroughly At Home - Animals As Leaders	http://guitarflash.me/?gfcMus=91JWR9RO3HLP
Fuzz Universe - Paul Gilbert	http://guitarflash.me/?gfcMus=DP7LL3B326SB
The Devil Went Down to Finland - Puppetz	http://guitarflash.me/?gfcMus=5243IYILW9JC
Duelo de guitarras - no artista	http://guitarflash.me/?gfcMus=ADX5IGLQFYOX
Miss Murder - AFI	http://guitarflash.me/?gfcMus=74EV3HGH6PMO
Pack Free Bird - Lynyrd Sskynyrd	http://guitarflash.me/?gfcMus=62X5OKJ5LA8T
The Challenger (SOLO) - Andragonia	http://guitarflash.me/?gfcMus=TSQNEL05DN5X
The Promised Flag - Galneryus	http://guitarflash.me/?gfcMus=YGDUHG16W5CH
Battle of the studio speakers - Callum Whyte	http://guitarflash.me/?gfcMus=JXA4QE2KC2XO
Shred Collab Part 1 - Youtube Guitarist	http://guitarflash.me/?gfcMus=KCP2BLJUAOOM
Botellero - Pibes Chorros	http://guitarflash.me/?gfcMus=NWDUP1FNFMQQ
Guitar Battle - Tom Morello	http://guitarflash.me/?gfcMus=S424WJLY1HF0
Sounds Of Impalement - John 5	http://guitarflash.me/?gfcMus=NLENJQVP2FEN
You are not alone Instrumentalcover - Michael	http://guitarflash.me/?gfcMus=WCMHL3CSA8HV
The Last Journey Home - Dragonforce	http://guitarflash.me/?gfcMus=CFCEJ2VSJRS2
Mega Man X3 OST - X Intro Stage	http://guitarflash.me/?gfcMus=AAILOEKGABXD
[Himouto! Umaru-chan] Kakushinteki Metamaruph	http://guitarflash.me/?gfcMus=T6EFPURFWXJ4
Im Just a Kid - Simple Plan	http://guitarflash.me/?gfcMus=VTX7HA1WJVA7
El Ataque De Las Chicas Cocodrilo - Hombres G	http://guitarflash.me/?gfcMus=XO5A5OTHWB8J
Não Acredito - Os Seminovos	http://guitarflash.me/?gfcMus=GTRBB9LJI6P0
Battle of the Studio Speakers - Callum Whyte	http://guitarflash.me/?gfcMus=N1RMETH8JV6W
Breed - Nirvana	http://guitarflash.me/?gfcMus=FEKDMUBYRXWW
Guren - Naruto Shippuden	http://guitarflash.me/?gfcMus=IC3O6OHHY0M1
One More Light - Linkin Park	http://guitarflash.me/?gfcMus=HGU8X33AR219
New Divide - Linkin Park	http://guitarflash.me/?gfcMus=DCD1IGP8DURB
Filthy Frank Loves Sexting - Rubem Junior	http://guitarflash.me/?gfcMus=NRBKR7WB76KS
Perdido - Warcry	http://guitarflash.me/?gfcMus=J9H5MQVHBXVY
W.A. Mozart - Dr.Viossy	http://guitarflash.me/?gfcMus=TBHGVPXCKLOE
Electrodynamix - Geometry Dash	http://guitarflash.me/?gfcMus=0M41S1TG4BJR
I Wouldnt Mind - He is We	http://guitarflash.me/?gfcMus=X902Q3WC023T
Dust To Dust - The Misfits	http://guitarflash.me/?gfcMus=4A6P4RDFD01O
Follow - Breaking Benjamin	http://guitarflash.me/?gfcMus=YQQ4H0W60MMJ
Freak On A Leash - Korn	http://guitarflash.me/?gfcMus=U8U2U736HUXB
La voz Dormida - sei la	http://guitarflash.me/?gfcMus=YMGVKKI860TR
Radioactive - Imagine Dragons	http://guitarflash.me/?gfcMus=UC73U5QXW4EG
Alive  - POD	http://guitarflash.me/?gfcMus=UN76CH5CXFEK
Huehuehuehuehue - Kenny Tweek	http://guitarflash.me/?gfcMus=QRIE5N0O61OC
TREINO TYP Escalas descendentes - 14 BIS	http://guitarflash.me/?gfcMus=35A9SS9XG16M
The Kiss Of Judas - Stratovarius	http://guitarflash.me/?gfcMus=YO1VFBCQTM8R
Wind God Girl - Demetori	http://guitarflash.me/?gfcMus=2SLE81V2W9ST
Going Under - Evanescence	http://guitarflash.me/?gfcMus=T80AHKE1DM9G
Tapion Theme Guitar Cover - Dragon Ball Z  Fe	http://guitarflash.me/?gfcMus=2D60DNNLR81H
Perfect - Simple Plan	http://guitarflash.me/?gfcMus=TBLVFK1DUQC6
De musica Ligera  - Soda stereo	http://guitarflash.me/?gfcMus=VEEBP1P3AOIE
watashi ga motenai no wa dou kangaetemo omaer	http://guitarflash.me/?gfcMus=U02WYXMA1H3V
Lost in Hollywood - system of a down	http://guitarflash.me/?gfcMus=HAUO9A9IYRUP
Empty Bed - Saint Punk	http://guitarflash.me/?gfcMus=8PFBEQ1SERA7
IN THE END (SOLO) - Black Veil Brides	http://guitarflash.me/?gfcMus=OHTYWR4T7F0X
Vegetas Revenge - Schmutz06	http://guitarflash.me/?gfcMus=8RCEJ4P942YI
Empyreal - Sylosis	http://guitarflash.me/?gfcMus=E6A5L44WPPMN
King For A Day - Pierce The Veil	http://guitarflash.me/?gfcMus=ENBEP0Q7J841
Desafio lml mas dificil que Uber Song - Kouno	http://guitarflash.me/?gfcMus=H5M74IY88XPY
Sad But True - Metallica	http://guitarflash.me/?gfcMus=MEQ80S82W1UF
Claymation Courtyard - Buckethead	http://guitarflash.me/?gfcMus=PPCWF2Y9TUWR
The Werewolf Of Westeria - John 5	http://guitarflash.me/?gfcMus=39M7001B5LMS
Time Leaper - Hinkik	http://guitarflash.me/?gfcMus=AMJDWYW9H0X7
Wheels in motion Solo Overcharted - Mike Orla	http://guitarflash.me/?gfcMus=R6X7HBVD46GM
Pack Cry For Eternity - Dragonforce	http://guitarflash.me/?gfcMus=R9A9X39DS8VG
Return To Hangar - Megadeth	http://guitarflash.me/?gfcMus=LOD2HKBFTJQE
Soundtrack - Top Gear	http://guitarflash.me/?gfcMus=4S5BU4UFXR7O
Soulless - Exilelord	http://guitarflash.me/?gfcMus=JFGTXQ6X3BQH
Let me Hear You Scream - Ozzy Osbourne	http://guitarflash.me/?gfcMus=AU96OGCGH9HJ
[Tokyo Ghoul] Unravel - TK from	http://guitarflash.me/?gfcMus=XWVVS53TPN48
Trainning You Hand 2 - Suchakree	http://guitarflash.me/?gfcMus=4LADBQPL9607
I Caught Myself - Paramore	http://guitarflash.me/?gfcMus=S4YJ7XN75MGL
Something From Nothing - Foo Fighters	http://guitarflash.me/?gfcMus=4S1X2YNSGAJW
Creep - Radiohead	http://guitarflash.me/?gfcMus=MNANFK0LR83B
Cryin - Aerosmith	http://guitarflash.me/?gfcMus=YKLGTSW2OGHU
The Fire Cadenza - Lawson Rollins	http://guitarflash.me/?gfcMus=1K9R58D6TOUH
[Frieren:Beyond Journeys End ] The Brave   -	http://guitarflash.me/?gfcMus=FNXMP5VT97TY
The Nameless - Slipknot	http://guitarflash.me/?gfcMus=TTHYTCLWDPUE
Youre The Only - Galneryus	http://guitarflash.me/?gfcMus=F3L3715FD9K6
Cowboys From Hell - Michael Angelo Batio  (Di	http://guitarflash.me/?gfcMus=L79TNKUCJV9D
Patterns 2++ (chart by oSuchakree) - Schmuts0	http://guitarflash.me/?gfcMus=V7J596S48P0B
Nottingham Lace - Buckethead	http://guitarflash.me/?gfcMus=K1GB4GBHHT2Y
Brand New World - Opening 1 Gakusen Toshi Ast	http://guitarflash.me/?gfcMus=Q11R2L20REXK
Give Me The Night - DragonForce	http://guitarflash.me/?gfcMus=47MOCS9S55AP
Harry Potter Version Metal - Hancer Abdir	http://guitarflash.me/?gfcMus=EFW48N408XUA
The Loneliness of the Long Distance Runner -	http://guitarflash.me/?gfcMus=0OPYTA2OKHAQ
Sourced Autonomy - Buckethead	http://guitarflash.me/?gfcMus=16PMXOK0YBSE
No Way Out - Annihilator	http://guitarflash.me/?gfcMus=SQ6ID3AW4CEB
Snakes ft. We Are The Empty - Dear Agony	http://guitarflash.me/?gfcMus=MFR13BGWJNIS
Extreme Power Metal - Dragonforce	http://guitarflash.me/?gfcMus=668FFGICMCOL
Join The Club - Bring Me The Horizon	http://guitarflash.me/?gfcMus=FRC9862NRQXI
Prometheus (I Am Alive) - Symphony X	http://guitarflash.me/?gfcMus=VY0DEYL0M5LS
In the End - Linkin Park	http://guitarflash.me/?gfcMus=618OPF7K1XIE
The Stage - Avenged Sevenfold	http://guitarflash.me/?gfcMus=CTQFT7IMVAV0
Chinese Democracy - Guns N Roses	http://guitarflash.me/?gfcMus=EKQP32YBO9PB
Realm of the Mad God Main Theme - DECA Games	http://guitarflash.me/?gfcMus=5IHQ5A3HM3BB
Trilogy 9° SP - Yngwie Malmsteen	http://guitarflash.me/?gfcMus=04BC0U0S99CA
[RWBY] Caffeine - Sandy Lee Casey	http://guitarflash.me/?gfcMus=OR4KJQVJ26XM
Sick of it - Skillet	http://guitarflash.me/?gfcMus=R7KY2W4NFSUN
Guren No Yumiya - Makoto (LK Cover)	http://guitarflash.me/?gfcMus=THLE74K02S6P
512 - Lamb of God	http://guitarflash.me/?gfcMus=KM0POA6XW3NB
Real - Bumblefoot	http://guitarflash.me/?gfcMus=B58N1R859C5V
Doomswitch - Make Them Suffer	http://guitarflash.me/?gfcMus=U0AP8662ECPE
Hino Brasileiro - Solo Guitarra	http://guitarflash.me/?gfcMus=YT9CPM1QE0PI
Nottingham Lace - Buckethead	http://guitarflash.me/?gfcMus=451Q8RBP97VP
Requiem - Avenged Sevenfold	http://guitarflash.me/?gfcMus=6AJGEE643L4Q
Starting Over - Killswitch Engage	http://guitarflash.me/?gfcMus=0HSYVUVJ2URM
The Voice Commanding You - Angra	http://guitarflash.me/?gfcMus=JS9IMJ7GPQFH
8th Commandment - Sonata Artica	http://guitarflash.me/?gfcMus=WW3I146KADQ4
megaman.mp3 - No Artist Set	http://guitarflash.me/?gfcMus=SG2W0LJ1EL4S
Meus Proprios Meios - oficina g3	http://guitarflash.me/?gfcMus=S43T5LAJGNFD
In The End - Black Veil Brides	http://guitarflash.me/?gfcMus=O98PIASC5EQP
False Ideals - Xentrix	http://guitarflash.me/?gfcMus=RXFBADBFW07H
Ijime,Dame,Zettai - Babymetal	http://guitarflash.me/?gfcMus=VH01VJX1SALR
Vultures - Axewound	http://guitarflash.me/?gfcMus=P79W34OEK5E0
Lift Me Up - Five Finger Death Punch	http://guitarflash.me/?gfcMus=VN2YND4LMVFF
All My Life - Foo Fighters	http://guitarflash.me/?gfcMus=9SU1CT7XQCPE
To Be Continued -	http://guitarflash.me/?gfcMus=3SB9OIUUAQI7
Faded [Alan Walker Metal Cover] - Leon Ramon	http://guitarflash.me/?gfcMus=V2HV8KKWLH6D
Hold The Line  - Toto	http://guitarflash.me/?gfcMus=Y4LTMMNVVUB7
Coffee Mug - Silverstein	http://guitarflash.me/?gfcMus=2O9K6KYFTDOB
Jason Becker - Altitudes - Leonardo Monte	http://guitarflash.me/?gfcMus=I09L0JTQIGX3
This is War - Thirty Seconds to Mars	http://guitarflash.me/?gfcMus=4YYO8FJIE42F
Calling - Dead By April	http://guitarflash.me/?gfcMus=DRTE154MJ9UC
Amigo - Ataque 77	http://guitarflash.me/?gfcMus=E76IHF5S1TBK
Boku no Hero Academia Opening 2 Peace Sign (C	http://guitarflash.me/?gfcMus=J60RB4L1PM5D
This War is Ours - Escape The Fate	http://guitarflash.me/?gfcMus=7N25PG17O8UQ
Mera Mera Senorita - Broken by the Scream	http://guitarflash.me/?gfcMus=4XBXK3LDOP0D
Welcome To Paradise - Green Day	http://guitarflash.me/?gfcMus=5F3YGI1WITU5
The Aftermath  - Escape The Fate	http://guitarflash.me/?gfcMus=WCGDNN6HRCIQ
The Big Black (Uber Song) - The Quick Brown F	http://guitarflash.me/?gfcMus=XD8L9X7YLXJ7
Blinded In Chains - Avenged Sevenfold	http://guitarflash.me/?gfcMus=GA8EHF8GH54Q
Megitsune - BABYMETAL	http://guitarflash.me/?gfcMus=ET9G49NJAOMT
Salvation Suicide - Angra	http://guitarflash.me/?gfcMus=8VI4KDQP99GU
Whispers - All That Remains	http://guitarflash.me/?gfcMus=P30JKIUSRFX9
Human Violence - Suicide Silence	http://guitarflash.me/?gfcMus=YC76AOK0XDJ4
Super Mario Bros 3 - Bboynoe	http://guitarflash.me/?gfcMus=2BHNN2WM7DBP
Captain Tsubasa  - SuperCampeones	http://guitarflash.me/?gfcMus=6AOQFSHCSERJ
Nemesis Pack - Adriano Hipy	http://guitarflash.me/?gfcMus=UAG52875JQ1Y
Splendid Cradle Solo - LolNames	http://guitarflash.me/?gfcMus=D0I749DWH530
The Power And Fury - Heavenly	http://guitarflash.me/?gfcMus=XMK8CPPUNHHJ
Holiday in Cambodia - Dead Kennedys	http://guitarflash.me/?gfcMus=DIBOW7PJJ1AT
Pokémon Medley - Game Freak	http://guitarflash.me/?gfcMus=QIA3WREA0Q2R
Dont Say Lazy - Sakurakou	http://guitarflash.me/?gfcMus=AHJSAXSC4IFN
Hearts Burst Into Fire - Bullet For My Valent	http://guitarflash.me/?gfcMus=JVJ3PYX5X8KJ
Blinded in Chains - Avenged Sevenfold	http://guitarflash.me/?gfcMus=GBO27T1MVYDM
Far Beyond The Sun - Yngwie Malmsteen	http://guitarflash.me/?gfcMus=BVOA3U6TMYWO
70cm Shihou No Madobe - RottenGraffty	http://guitarflash.me/?gfcMus=T9Y681SFC5AS
Op Boku No Hero Academia Season 1 The Day - P	http://guitarflash.me/?gfcMus=6O8WGUURT9IL
Lavender Town - Pokémon	http://guitarflash.me/?gfcMus=YFK52HSG9JNX
Before the Mourning Son - Monte Pittman	http://guitarflash.me/?gfcMus=VG5AVY98I38K
From So Far Away - All Shall Perish feat Rust	http://guitarflash.me/?gfcMus=SK7VVLLQIE8S
Gurenge  - LiSA	http://guitarflash.me/?gfcMus=3GDSQ80ICP6H
We Gotta Power - Rasengan	http://guitarflash.me/?gfcMus=IYL1F72H0YJP
Leni - Crystal Castles	http://guitarflash.me/?gfcMus=M67LOKOEOH9W
Leave Out All The Rest - Linkin Park	http://guitarflash.me/?gfcMus=ABGS42LFFUAC
This Means War - Avenged Sevenfold	http://guitarflash.me/?gfcMus=NVJ05AB76CPJ
Epidox - Exilelord	http://guitarflash.me/?gfcMus=O8EXO8J9NRPI
The Beginning - One Ok Rock	http://guitarflash.me/?gfcMus=0R69TM2OQJDO
-Clannad Ending-	http://guitarflash.me/?gfcMus=6D4B74SQJAU3
Metal is the Law - Massacration	http://guitarflash.me/?gfcMus=RMA24VVAL589
Immortalized - Disturbed	http://guitarflash.me/?gfcMus=HV8UQW3VAF48
The Signal Fire - Killswitch Engage	http://guitarflash.me/?gfcMus=G1PWBXKJUAVV
Face of the Storm - Edu Falaschi	http://guitarflash.me/?gfcMus=0EE75B45JTOF
Honjutsu Mankai Watashi Iro - Hayate No Gotok	http://guitarflash.me/?gfcMus=SDKNWHT6TRCU
Home - Breaking Benjamin	http://guitarflash.me/?gfcMus=GIIIANSWIVED
Haunted - Evanescence	http://guitarflash.me/?gfcMus=SPFI9WGMBPD6
This Game Op - No Game No Life	http://guitarflash.me/?gfcMus=VOU16MY89JS9
IF TWENTY ONE PILOTS HAD A GUITARIST Morph. -	http://guitarflash.me/?gfcMus=PGEH8X3BB4J7
War Of The Angels - Rusty Cooley	http://guitarflash.me/?gfcMus=Q77DX37PBV3A
Peace Sells - Megadeth	http://guitarflash.me/?gfcMus=C0RKLA58I1P9
Corazon Espinado - Santana featuring Mana	http://guitarflash.me/?gfcMus=MMK9AV9AEB1V
Kiseki No Hono Yo Moeagare! - Hironobu Kageya	http://guitarflash.me/?gfcMus=MJXVADD3AKBS
The Flood - Escape The Fate	http://guitarflash.me/?gfcMus=7B6E20JAL56E
T.A.Z - Black Label Society	http://guitarflash.me/?gfcMus=SUKB2VCH8KUI
DISCORD - Kinetic Typography	http://guitarflash.me/?gfcMus=DRSJMCJBIDJB
The D.R.E.A.M - TheMetea11	http://guitarflash.me/?gfcMus=FGBFKJPIQ0M2
Product Of A Murderer - Of Mice And Men	http://guitarflash.me/?gfcMus=UYDG0SAOH5DG
The Second Stone - Epica	http://guitarflash.me/?gfcMus=IGMFPVJHF7DP
Metal Bucetation - Massacration	http://guitarflash.me/?gfcMus=SJEYGCW03NJL
Dear God - Avenged Sevenfold	http://guitarflash.me/?gfcMus=NKGH33URWU2O
Labios Rotos - Zoe	http://guitarflash.me/?gfcMus=I4LQ802406EV
Happy - Metal Cover - Paulo Cuevas	http://guitarflash.me/?gfcMus=3CYC8GAOLB2K
universal mind - Liquid Tension Experiment	http://guitarflash.me/?gfcMus=9W5988LUKYI6
Is This Love - Whitesnake	http://guitarflash.me/?gfcMus=0PLHVDYCHABC
Deadlocked - Geometry Dash	http://guitarflash.me/?gfcMus=1JEV0VTNXS6M
In Your Words - Lamb of God	http://guitarflash.me/?gfcMus=0VESK8I9R203
Solo B Scar Of Yesterday - LoisGF	http://guitarflash.me/?gfcMus=BY4UU5H8DU08
Dark horizon - Operatika	http://guitarflash.me/?gfcMus=O0SMYFWA7HTL
facil - No Artist Set	http://guitarflash.me/?gfcMus=2724TYWC2PJ5
Gateless Gate - Buckethead	http://guitarflash.me/?gfcMus=D6F4DQEHMV95
Eruption - Eddie Van Halen	http://guitarflash.me/?gfcMus=ELQEU9WOVLP1
Fairies Wear Boots - Black Sabbath	http://guitarflash.me/?gfcMus=B4FLIJDJMOR3
Soldier Side - System of a Down	http://guitarflash.me/?gfcMus=RDT8BYCN81BR
SAD - No Artist Set	http://guitarflash.me/?gfcMus=FUVEO3CTEG1H
Can t Stop - Red Hot Chili Peppers	http://guitarflash.me/?gfcMus=23TOGWHG3JFE
Faceless - Red	http://guitarflash.me/?gfcMus=J53J1Y0SEM5F
Confia Na Tua Amiguinha - MC Don Juan	http://guitarflash.me/?gfcMus=BN6ANC19FCNV
Limit Break x Survivor Goes Metal - Charlie P	http://guitarflash.me/?gfcMus=UGKXAMNWT1TM
One In The Chamber & The End Of The Beginning	http://guitarflash.me/?gfcMus=5GWS41T96WKB
sounds of impalement - John5	http://guitarflash.me/?gfcMus=F7OEMOEYTIPR
Hilang Harapan - Stand Here Alone	http://guitarflash.me/?gfcMus=RS3NEOAJFUFM
Faces Imploding - Rings Of Saturn	http://guitarflash.me/?gfcMus=7XG6U9VWT3G6
Under Threat - Galneryus	http://guitarflash.me/?gfcMus=4WETGPVWXFB3
Temper Temper - Bullet For My Valentine	http://guitarflash.me/?gfcMus=RG9R62DWDO2B
Suggestions - System Of A Down	http://guitarflash.me/?gfcMus=FOU20JX2DCUK
Six Trillion Years and Overnight Story - Nico	http://guitarflash.me/?gfcMus=NGBB7TC10WW2
Remembered - Firewind	http://guitarflash.me/?gfcMus=8OMFVQM6J9X0
Desafio SP - Adriano Hipy	http://guitarflash.me/?gfcMus=XP41QDC5A5V8
Crazy Ladder Practice! - xPlasticJoe/JFretsGH	http://guitarflash.me/?gfcMus=YJXV9F5S6Y3G
Shadow Moses - Bring Me The Horizon	http://guitarflash.me/?gfcMus=KIOOS481VLU6
Sidneys Fanatical Uber Solo - Sidney600	http://guitarflash.me/?gfcMus=81M683OT6PLT
Spit On Your Grave - Sinergy	http://guitarflash.me/?gfcMus=PT6LRQL5PAWG
Solo Nemesis - Adriano Hipy	http://guitarflash.me/?gfcMus=JO0C47TUP60D
Profugos - Soda Stereo	http://guitarflash.me/?gfcMus=DNJ71Y0TBUFJ
Embrace The Evil - Upon this dawning	http://guitarflash.me/?gfcMus=7EOPJ6AG0190
Calling - Strung Out	http://guitarflash.me/?gfcMus=BC5G1PN5DLCE
Pariah - Bullet For My Valentine	http://guitarflash.me/?gfcMus=HQXV52FFN80R
The Neversoft Intro - Neversoft	http://guitarflash.me/?gfcMus=MKQRPL2TPB0Y
The Cosmic Challange - Aladdinhu	http://guitarflash.me/?gfcMus=UEQFVVW7YK5Q
Painkiller - Judas Priest	http://guitarflash.me/?gfcMus=X9S8IVCKM7GA
Lockene - TheEruptionOffer	http://guitarflash.me/?gfcMus=928KNVUF18NR
We Will Rock You - Queen	http://guitarflash.me/?gfcMus=WJIGL99S7NN1
Hitori Janai - Projeto Remake	http://guitarflash.me/?gfcMus=P6KH4XDT0ROL
Ritual - Black Veil Brides	http://guitarflash.me/?gfcMus=SNSNWLDX7FY5
Snuff - Slayer	http://guitarflash.me/?gfcMus=1GWTX1LS54FB
TheFatRat - Unity.mp3 - No Artist Set	http://guitarflash.me/?gfcMus=I2SYYJ94651D
Immaculate Misconception - Motionless In Whit	http://guitarflash.me/?gfcMus=9OKUQP4HB0LA
All Hope is Gone - Slipknot	http://guitarflash.me/?gfcMus=3EUO7J1GB7FI
Spit It Out - Slipknot	http://guitarflash.me/?gfcMus=BH2IC7UMPA67
God Knows - Aya Hirano	http://guitarflash.me/?gfcMus=AP3GJFL5WAC6
A Minha Escolha - The Kira Justice	http://guitarflash.me/?gfcMus=VGE1DHXL3AU4
Because, It`s Midnite - Limozeen (GH80s)	http://guitarflash.me/?gfcMus=HDH8CSAKAF9F
Rollercoaster - Direc-T	http://guitarflash.me/?gfcMus=NWJWSY1PR31V
Xepher - Tatsh	http://guitarflash.me/?gfcMus=PXQE0ERCC3T5
What Were You Expecting - Halestorm	http://guitarflash.me/?gfcMus=U6460JUHOQWS
A Venutian Spring ( Solo ) - Angel Vivaldi	http://guitarflash.me/?gfcMus=L0MNJXN11O1F
Minds Of The Mad (Metralhas Vermelhas [SP]) -	http://guitarflash.me/?gfcMus=ROPQ1Y3FXPNG
X - X Japan	http://guitarflash.me/?gfcMus=EVU759FQYPD6
Her voice resides - Bullet for My Valentine	http://guitarflash.me/?gfcMus=981W4Y8EVC7I
Decode - Paramore	http://guitarflash.me/?gfcMus=DUII9ONE36LS
Dynamo Theme - Megaman X5 OST	http://guitarflash.me/?gfcMus=6BJ9E5O4AG44
Exceptional - Unisonic	http://guitarflash.me/?gfcMus=N2M18ES9G77U
Guitar Suck - Bumblefoot	http://guitarflash.me/?gfcMus=J4B9IGO6YSRY
Welcome to the Black Parade - My Chemical Rom	http://guitarflash.me/?gfcMus=M3K1NSD7SLJ6
Go Beyond!! - Ryu* Vs. Sota	http://guitarflash.me/?gfcMus=OA51NVYTNTFN
Youre Gonna Go Far, Kid - The Offspring	http://guitarflash.me/?gfcMus=JU0QN8RVWQT9
TONGO - Pan con aji - LeTongue	http://guitarflash.me/?gfcMus=6LNVOVQ5KERM
Minutos Instrumental - Ricardo Arjona	http://guitarflash.me/?gfcMus=06WBXCJ6CNFA
Dragon Ball Super Ending 01 - -	http://guitarflash.me/?gfcMus=NFGM5HYDBYVU
Unbreakable - Stratovarius	http://guitarflash.me/?gfcMus=NWMIFT9M85DA
De Música Ligera - Soda Stereo	http://guitarflash.me/?gfcMus=6BFRG8MQ795O
Soy un Cacahuate - Bob Esponja	http://guitarflash.me/?gfcMus=48MI9S3XX8M3
Intro Dragon Ball Z - Abel Baca Perez	http://guitarflash.me/?gfcMus=8WD1MYLDQDHP
Abigail - Motionless In White	http://guitarflash.me/?gfcMus=KAVENC6JFQ03
Impulse  - An Endless Sporadic	http://guitarflash.me/?gfcMus=2NJC5WE0NDBJ
The Last Journey Home - Dragonforce	http://guitarflash.me/?gfcMus=MN8618CABMRK
Rise Of The Tyrant - Arch Enemy	http://guitarflash.me/?gfcMus=B3L5UHH8JW36
Knives And Pens - Black Veil Brides	http://guitarflash.me/?gfcMus=XKXK1N37DC36
A Nightmare to Remember - Dream Theater	http://guitarflash.me/?gfcMus=9TL6LRWY5O37
The Game Solo - Dragonforce	http://guitarflash.me/?gfcMus=OW7PUEY7BIFL
The Judas Kiss - Metallica	http://guitarflash.me/?gfcMus=SYR06W3RRKYU
TTFAF (Quarto SP) - DragonForce	http://guitarflash.me/?gfcMus=1SVNXBS05GF4
Pray for Plagues - Bring Me The Horizon	http://guitarflash.me/?gfcMus=MWOVKLABO9OE
Sleeping Giant - Mastodon	http://guitarflash.me/?gfcMus=CON3HBYXSREE
Venom Love - Jacky Vincent	http://guitarflash.me/?gfcMus=VR6DECNMIF8O
Berserk (2016) opening - 9mm Parabellum Bulle	http://guitarflash.me/?gfcMus=EFMLLVGWLCVD
hipno - dj tiesto	http://guitarflash.me/?gfcMus=NVMGLCOC2POB
Insisto - Ciro y Los Persas	http://guitarflash.me/?gfcMus=BB3WSWGKQKCN
Motivation - Sum 41	http://guitarflash.me/?gfcMus=NJRSA7HWDWNN
Stockholm Syndrome - Muse	http://guitarflash.me/?gfcMus=3QNMAOICKTGS
A Parenthesis In Eternity - Scar Symmetry	http://guitarflash.me/?gfcMus=9F2BQRWAIOOE
Hunting For Witches - Bloc Party	http://guitarflash.me/?gfcMus=LTITDBX457VR
This Is Gonna Hurt - Hoobastank	http://guitarflash.me/?gfcMus=CLA81S2YWUY8
Go To Hell, For Heavens Sake - Bring Me The H	http://guitarflash.me/?gfcMus=XJ6GNWNBJ82D
Solo Cry For Eternity Amarelas - Adriano Hipy	http://guitarflash.me/?gfcMus=R4HKBYJMJ91F
Hit The Lights - Metallica	http://guitarflash.me/?gfcMus=LK0BAM02W4BV
Carry On - Avenged Sevenfold	http://guitarflash.me/?gfcMus=TIIMH968ER6O
Lifelines - I Prevail	http://guitarflash.me/?gfcMus=XTG6V2VND3O1
Eyes Of The Dead - Machine Head	http://guitarflash.me/?gfcMus=N3CH7J5U0KW9
Savage Curtain - Symphony X	http://guitarflash.me/?gfcMus=UY9W8EM27HP2
Speed of Light - Stratovarius	http://guitarflash.me/?gfcMus=SLWA1AC2WBA8
A Skull Full Of Maggots - Cannibal Corpse	http://guitarflash.me/?gfcMus=VS632RV5B0KD
Pejantan Tangguh - Sheila On 7	http://guitarflash.me/?gfcMus=PE2D858WS6AQ
The Nameless - Slipknot	http://guitarflash.me/?gfcMus=ASGG9G4PTOR0
Penguasa - Power Metal	http://guitarflash.me/?gfcMus=ASLGXCOGC3RH
Theres Fear In Letting Go - I Prevail (Wagsii	http://guitarflash.me/?gfcMus=9K3LLTPRBD6C
brutal - Olivia Rodrigo	http://guitarflash.me/?gfcMus=01WR8JPEJE9Q
Promise Me - Dead by April	http://guitarflash.me/?gfcMus=5MUNI1AL473H
Glory To The World - Lovebites	http://guitarflash.me/?gfcMus=W5T0JSJ6G0A6
Hyperspeed Neoclassic Shred Wizards - The Tra	http://guitarflash.me/?gfcMus=TW002P9HYXXP
Dash - Bumblefoot	http://guitarflash.me/?gfcMus=09B2SN1G9G7H
Matyr Of The Free Word - Epica	http://guitarflash.me/?gfcMus=0IFSXQVESLCB
Tonight Te Voy A Violar - Wismichu feat Weebo	http://guitarflash.me/?gfcMus=1PG6XPC069CJ
The Last Journey Home - Dragonforce	http://guitarflash.me/?gfcMus=UAIP79PTR0CO
Metralhas 2 lines Left Hand - Uchiha GF	http://guitarflash.me/?gfcMus=G5U0DPI0KSCI
Broken Youth - Bad Omens	http://guitarflash.me/?gfcMus=BT2HL1NFP46N
Get Low - Dillon Francis  DJ Snake	http://guitarflash.me/?gfcMus=JWLGUR0TEBVM
Red Hot Chili Peppers - Under The Bridge (Vid	http://guitarflash.me/?gfcMus=9NKY09P3BHLW
Soulless 4 ( Hard and Expert ) - ExileLord	http://guitarflash.me/?gfcMus=QO10T1P8KPXQ
Inferno - Marty Friedman	http://guitarflash.me/?gfcMus=U3NKON31B95K
Burning Heart ft. Alissa White-Gluz - Dragonf	http://guitarflash.me/?gfcMus=OA0PP8CHCSGU
Holiday  - Green Day	http://guitarflash.me/?gfcMus=HRYN8KOAAUN4
Rondo Alla Turca - Mozart	http://guitarflash.me/?gfcMus=CG057ETXA6U3
Eagle Fly Free - Helloween	http://guitarflash.me/?gfcMus=9CGISITX8GM2
Dear God  - Avenged Sevenfold	http://guitarflash.me/?gfcMus=DYUGHWFRRQ1Y
Saints and Sinners - Bullet For My Valentine	http://guitarflash.me/?gfcMus=HSSCS3CQQ0OO
Openings Anime Latino - The Coverss	http://guitarflash.me/?gfcMus=AAM189NHKGL5
Im Not Okay (I Promise) - My Chemical Romance	http://guitarflash.me/?gfcMus=IU92AQYYP6RJ
Johnny Boy - Santiano	http://guitarflash.me/?gfcMus=D6JCWC0I4VWA
Deer Dance - System Of A Down	http://guitarflash.me/?gfcMus=OF4RDX9L99LT
Desafio SP 4 - Adriano Hipy	http://guitarflash.me/?gfcMus=3QQ9TR2DM447
Vortex - Charlie Parra	http://guitarflash.me/?gfcMus=V0U3QQ2IONGC
I Wanna Be Somebody - W.A.S.P.	http://guitarflash.me/?gfcMus=21B7WQLEHQO6
Guitar Solos - Andragonia	http://guitarflash.me/?gfcMus=IEVJRGLX8AO7
Entropy - Exilelord	http://guitarflash.me/?gfcMus=MPY73NHPPH5P
Road Confused part - Need to use rapgod cause	http://guitarflash.me/?gfcMus=5PBYFLKPVHHF
Ouais - Stuck in the Sound	http://guitarflash.me/?gfcMus=S5VRH29FHLGJ
21 Guns - Green Day	http://guitarflash.me/?gfcMus=4TTSNQR9PKK3
Gates Laboratory - Megaman X6	http://guitarflash.me/?gfcMus=EJ0EQ33E30OV
Los malaventurados no lloran - Pxndx	http://guitarflash.me/?gfcMus=D6JJWKGIW2WW
trainning you hand - No Artist Set	http://guitarflash.me/?gfcMus=OCKTTHQK0WUI
Mz. Hyde - Halestorm	http://guitarflash.me/?gfcMus=M2WBUW0C9N55
Blast Hornet Theme - Mega Man X3	http://guitarflash.me/?gfcMus=KDFHARUGU1E2
Sky High - Kirby	http://guitarflash.me/?gfcMus=K8BFPTN6DCW3
Raiz - Gustavo Cerati	http://guitarflash.me/?gfcMus=32UP1HXJP533
La llorona - El cuervo de poe	http://guitarflash.me/?gfcMus=SNTL24SO1YB5
17th century chicken pickin - Impellitteri	http://guitarflash.me/?gfcMus=9DH6P9719DXR
K-On_  _ Yui Solo - Yui Hirasawa	http://guitarflash.me/?gfcMus=8BSJDNLQ5JQE
La Cantata Del Diablo - Mago De Oz	http://guitarflash.me/?gfcMus=BN6BLLBE0J0U
Puppets 3 (The Grand Finale) [Feat. Dani Filt	http://guitarflash.me/?gfcMus=XQYVVPVO61K3
From Chaos To Eternity - Rhapsody Of Fire	http://guitarflash.me/?gfcMus=Y9O0YAQK57S6
Since U Been Gone - A Day to Remember	http://guitarflash.me/?gfcMus=UWN72VF4OWNO
Monster - Meg and Dia	http://guitarflash.me/?gfcMus=IWWOPKBHF3TX
La voz de los 80 - Los Prisioneros	http://guitarflash.me/?gfcMus=WOO3B8YRXKHQ
Cross The Line ENGLISH - AmaLee	http://guitarflash.me/?gfcMus=00XTMLPQCFKE
Crush The World - Command6	http://guitarflash.me/?gfcMus=0TTVB743V843
Glacial Storm 3 - Maldevius	http://guitarflash.me/?gfcMus=1TL850P6PB57
Hold Me Forever - Buckethead	http://guitarflash.me/?gfcMus=0S5DIK784FPN
linkin park - numb	http://guitarflash.me/?gfcMus=B62HR3RCB6I3
Alerion - Asking Alexandria	http://guitarflash.me/?gfcMus=8DIVXBVMOJX5
Blackened - Metallica	http://guitarflash.me/?gfcMus=LEW41PM92JHX
Army Of Noise - Bullet For My Valentine	http://guitarflash.me/?gfcMus=A08XBQXDNWYP
Ran - Buckethead	http://guitarflash.me/?gfcMus=KEAV4C6HQDFY
Hi High - LOONA	http://guitarflash.me/?gfcMus=YC11F15JTA8Y
The Hero - Jam Project	http://guitarflash.me/?gfcMus=RA43LL3OGALM
Solo Cry For Eternity - Adriano Hipy	http://guitarflash.me/?gfcMus=0RDB0BCLHRCU
Jitter - Katawa Shoujo	http://guitarflash.me/?gfcMus=LWWHVC4XNQ0A
Batman Meets Metal - Eric calderone	http://guitarflash.me/?gfcMus=PU94WB2HR837
Fire Hive - Knife Party	http://guitarflash.me/?gfcMus=3KQQYGRV0ALN
Walk On Water - Blessthefall	http://guitarflash.me/?gfcMus=FPT0LHWPKBJW
Guitarra Humana O Retorno - Trio Da Huanna	http://guitarflash.me/?gfcMus=C8J3KS91WH9Y
La Leyenda del Hada y El Mago  - Rata Blanca	http://guitarflash.me/?gfcMus=KR9X145T43RE
Sol y luna - Akash	http://guitarflash.me/?gfcMus=AJ6GM0F0ENT1
SOLO DNA UBER SOLO Hardest Section (You Cant	http://guitarflash.me/?gfcMus=D9718EN6F1BN
Helena  - My Chemical Romance	http://guitarflash.me/?gfcMus=NWHCNXI1JTP6
Sad Statue - System Of A Down	http://guitarflash.me/?gfcMus=RVOA9X70I6TC
Emerald Sword - Rhapsody of Fire	http://guitarflash.me/?gfcMus=XGNC49O9IQBE
One -  Metallica	http://guitarflash.me/?gfcMus=IVUBKS9S00IT
Wave Of Babies - Animals As Leaders	http://guitarflash.me/?gfcMus=IH9EAP8RJYRE
The Most Insane Fingers in the World?? - No A	http://guitarflash.me/?gfcMus=PAOL3XLFBII8
O que pensa que eu sou - Banda Djavu	http://guitarflash.me/?gfcMus=4CPRTYR7724O
World is Mine Live Show - Hatsune miku	http://guitarflash.me/?gfcMus=YGHG4B93D8NV
Hijo De La Luna - Stravaganzza	http://guitarflash.me/?gfcMus=Q5ETICF0GGDD
Playing With Fire - Dead By April	http://guitarflash.me/?gfcMus=8TTRWIQL45E3
Not The American Average  - asking alexandria	http://guitarflash.me/?gfcMus=USD2E0MSURUJ
Wonderwall - Oasis	http://guitarflash.me/?gfcMus=365YU5ML5Y7U
Not Invincible - Bullet For My Valentine	http://guitarflash.me/?gfcMus=SBSUQSQ1EIMC
Too Much, Too Young, Too Fast - Airbourne	http://guitarflash.me/?gfcMus=JLJN4DWUYSV5
So Far Away - Avenged Sevenfold	http://guitarflash.me/?gfcMus=9THYWNV8T442
Wizards in Winter - Trans-Siberian Orchestra	http://guitarflash.me/?gfcMus=U9H1G2RGKMCY
Openings Anime Latino 2 - The Covers	http://guitarflash.me/?gfcMus=M12LUCCJYGSW
The Adults Are Talking - The Strokes	http://guitarflash.me/?gfcMus=B9JT6HROBAXO
Jowls - Buckethead	http://guitarflash.me/?gfcMus=5873RMFE0OCN
DNA Uber Solo 9 -  imposible  de pasar	http://guitarflash.me/?gfcMus=FT0WK8PB3VCW
Propuesta indecente  - romeo santos	http://guitarflash.me/?gfcMus=FNYLRWLONYI0
Hey! Smith!! - Smith With Mon	http://guitarflash.me/?gfcMus=1PDNM6FK4GOS
No More - Dreamcatcher	http://guitarflash.me/?gfcMus=DPEMRRL0SERH
Carry On - Angra	http://guitarflash.me/?gfcMus=4CVVREWJQX3T
Sandstorm - Darude	http://guitarflash.me/?gfcMus=WL9JH6XISXP6
Unicorn Zombie Apocalypse - BORGORE  SIKDOPE	http://guitarflash.me/?gfcMus=87P6EXVRTCQ5
Thanks for the Memories - Fall Out Boy	http://guitarflash.me/?gfcMus=06UKS3KGB93W
Pain - Three Days Grace	http://guitarflash.me/?gfcMus=1FYNELU0LREC
Stick Stickly - Attack Attack!	http://guitarflash.me/?gfcMus=DAQCA5SFHI2W
Marigold - Periphery	http://guitarflash.me/?gfcMus=E13HBJYVC66A
Dig Up Her Bones - The Misfits	http://guitarflash.me/?gfcMus=LFYP30F3V15O
Carry On - Angra	http://guitarflash.me/?gfcMus=Y05OS2KNBIJW
Ooh La - The Kooks (U-R)	http://guitarflash.me/?gfcMus=FS3HCLDXDIYB
Embryonic Anomaly - Rings Of Saturn	http://guitarflash.me/?gfcMus=CB29YXSC4FOX
Big Bad Moon - Joe Satriani	http://guitarflash.me/?gfcMus=D2BYEQ6VB6GI
World So Cold - Three Days Grace	http://guitarflash.me/?gfcMus=DOBAGG5KJQ4D
Face - BECK	http://guitarflash.me/?gfcMus=G9C4DS2YYPFS
Dear God - Avenged Sevenfold	http://guitarflash.me/?gfcMus=YD2P90SSGEWO
Attack - 30 Seconds To Mars	http://guitarflash.me/?gfcMus=RGBGJLH8LFEP
Z.I.T.O - Angra	http://guitarflash.me/?gfcMus=860YAIKG9KPC
Fall In The Dark - Galneryus	http://guitarflash.me/?gfcMus=SUOJLHYHPKHM
The Heretic Anthem - Slipknot	http://guitarflash.me/?gfcMus=PHJRJSIDEH1B
City of Delusion - Muse	http://guitarflash.me/?gfcMus=POC0QCAQ84KF
Catharsis - Alesana	http://guitarflash.me/?gfcMus=Q76NMAS9HXFV
Bloody Tears  - Castlevania	http://guitarflash.me/?gfcMus=Y4I9W1P500CS
Black Diamond - Stratovarius	http://guitarflash.me/?gfcMus=UKVYAJBOA9AR
Megalovania - Undertale	http://guitarflash.me/?gfcMus=BY91JAIYNEYD
Ano Yume Wo Nazotte - YOASOBI	http://guitarflash.me/?gfcMus=IXMXNH628BJP
Lust Of The Lost - Famous Last Words	http://guitarflash.me/?gfcMus=3S8S8FIPEDIF
Its Terror Time Again - Skycycle	http://guitarflash.me/?gfcMus=PJ9P9WBCD2QT
The Bitter End - Sum 41	http://guitarflash.me/?gfcMus=EROA6IN6F5K7
Transylvania . - Iron Maiden	http://guitarflash.me/?gfcMus=RJSMU0BOEL5N
Still Got The Blues - Guitar Solo Performance	http://guitarflash.me/?gfcMus=O2EGTVAR2X8X
Animal - Charlie Parra	http://guitarflash.me/?gfcMus=6CAMLL6A35TJ
El Poema De La Lluvia Triste - Mago De Oz	http://guitarflash.me/?gfcMus=EO72XUJK2QH9
Stay Together For The Kids - Blink 182	http://guitarflash.me/?gfcMus=48GLCMDL7HNK
Amerikhastan - Megadeth	http://guitarflash.me/?gfcMus=T1AFYD4FLPP4
I LOVE HORSES - McMaNGOS	http://guitarflash.me/?gfcMus=LK5BYHKRFIAE
Beat It - Michael Jackson	http://guitarflash.me/?gfcMus=09KRCWFO9FH1
The Duel - Rusty Cooley	http://guitarflash.me/?gfcMus=4FCDRYDJO66E
The Scales of Struggle - Anthony Donato	http://guitarflash.me/?gfcMus=PAQBEQ0U5H6L
Barracuda - Heart	http://guitarflash.me/?gfcMus=77YPU744MED2
Villisca - John 5	http://guitarflash.me/?gfcMus=OQDE9R6IMUKT
Reign Of Terror - Rhapsody Of Fire	http://guitarflash.me/?gfcMus=HW3LMQ1S6TSG
She Is My Sin - Nightwish	http://guitarflash.me/?gfcMus=QI5SVC239WFY
Riptide - Sick Puppies	http://guitarflash.me/?gfcMus=NLB2WVMTKC39
Congratulations (Feat. Matty Mullins) - Sleep	http://guitarflash.me/?gfcMus=MAF5A6OVO5EA
lool.mp3 - No Artist Set	http://guitarflash.me/?gfcMus=C51X4U0UBQ61
Reckless And Relentless - Asking Alexandria	http://guitarflash.me/?gfcMus=ODH34MCSCWVG
Slow Ride - Foghat	http://guitarflash.me/?gfcMus=2WWPGQLG5499
TE OLVIDARE  -  3MSC	http://guitarflash.me/?gfcMus=FMA3YAPTW64K
DUBSTEP - Delicioso - ManausGF	http://guitarflash.me/?gfcMus=QAIP316860UP
Buck Dich - Rammstein	http://guitarflash.me/?gfcMus=1HOR7QUTRASH
Last Moment - Jupiter	http://guitarflash.me/?gfcMus=SA5X0FM0H6WN
Brutal Mentor - Time Requiem	http://guitarflash.me/?gfcMus=YO4G5XAIPH86
Welcome to the Family  - Avenged Sevenfold	http://guitarflash.me/?gfcMus=RX8H25RNJ6KY
Cancion de los paises - Animaniacs	http://guitarflash.me/?gfcMus=XD3GEAQIHT82
Gravemakers & Gunslingers - Coheed And Cambri	http://guitarflash.me/?gfcMus=AEUKTUNYJ4PJ
Name of Love - Cinema Staff	http://guitarflash.me/?gfcMus=Y54ACCYOA8EG
Caraphernelia - Pierce The Veil	http://guitarflash.me/?gfcMus=TMNN8PS8O10N
Story - CHON	http://guitarflash.me/?gfcMus=8TUV62B75MEQ
Bat Country Lyrics - Avenged Sevenfold	http://guitarflash.me/?gfcMus=DIHRXDLQHOXY
Famous Last Words - My Chemical Romance	http://guitarflash.me/?gfcMus=NSBAGN5T0RWI
Trap Song - Deadshadow	http://guitarflash.me/?gfcMus=HUHUJYIQ31E3
Buzztone Symphony - Dimrain47	http://guitarflash.me/?gfcMus=7QNQMGNJ6BXG
Solo De 4 Minutos - Pierry	http://guitarflash.me/?gfcMus=D1ABKRINP1SS
Nova Era - Angra	http://guitarflash.me/?gfcMus=D6L98DUYQ0KA
Sonic Stomp - Mike Orlando	http://guitarflash.me/?gfcMus=1E35CIXCOYER
Double Guitar Shred - Michael Angelo Batio	http://guitarflash.me/?gfcMus=J2HR1Y8LPLE2
MCs Zaac e Jerry   Bumbum Granada (DJ Kelvinh	http://guitarflash.me/?gfcMus=5IKBUW19IXAP
Guitar Flash - Andragonia	http://guitarflash.me/?gfcMus=T83QXNR78097
Bekhauf (ft. BABYMETAL) - Bloodywood	http://guitarflash.me/?gfcMus=09CTU6ABV3UU
Dead End - Mirai Nikki	http://guitarflash.me/?gfcMus=FN82HGYMOC5W
Spit You Out - Bullet For My Valentine	http://guitarflash.me/?gfcMus=C53NCWNFQX6E
Eromanga-Sensei Opening - ClariS.mp3	http://guitarflash.me/?gfcMus=24PUFQR80ARP
World On Fire - Slash	http://guitarflash.me/?gfcMus=JEPILRA1H2P2
Solo Wheel On Motion - Mike Orlando	http://guitarflash.me/?gfcMus=9241VI7SQL0C
Weasel Rock You - Iron Weasel	http://guitarflash.me/?gfcMus=676MV4IARW1K
Blame of Angel	http://guitarflash.me/?gfcMus=FYAU8U2M4U4E
Meio Psicopata - Matanza	http://guitarflash.me/?gfcMus=0OOUKQG3K0A4
Esse cara sou eu - Roberto carlos	http://guitarflash.me/?gfcMus=YGD1HPH7PAC4
The Only - Static X	http://guitarflash.me/?gfcMus=PGRI1A7QYNNU
Miss Murde - Afi	http://guitarflash.me/?gfcMus=PTFB60JAPEP0
Victory Solo X  - schmutz06	http://guitarflash.me/?gfcMus=JFE1EE7V8V3G
STRIKE BACK - BACK ON	http://guitarflash.me/?gfcMus=9AR55NST3CKA
Hey Brother - Avicii	http://guitarflash.me/?gfcMus=BI6QYJ7HM2HB
Uragiri no Yuuyake [Durarara] - Theatre Brook	http://guitarflash.me/?gfcMus=3RBDX1GHA8IT
Cuando No Es Como Debiera Ser - Pxndx	http://guitarflash.me/?gfcMus=EGH996T8G9LW
Cities on Flame with Rock and Roll - Blue Öys	http://guitarflash.me/?gfcMus=MXNXF3VLUPDE
Tenochtitlan - Edu Falaschi (Naonemeu)	http://guitarflash.me/?gfcMus=97F3OWFTEA4H
Carry On - Avenged Sevenfold	http://guitarflash.me/?gfcMus=4X7O48O8LH19
Sendiri Lagi - Beage	http://guitarflash.me/?gfcMus=07R03GMOFE4I
Tamo Ai Na Atividade - Charlie Brown Jr.	http://guitarflash.me/?gfcMus=FA7J3LN5G9SP
Fallen Angel - Three Days Grace	http://guitarflash.me/?gfcMus=A22HNPY84K1L
Himno Nacional del Peru - Abel Baca Perez	http://guitarflash.me/?gfcMus=NSB9JFUOEJKI
Rasputin - Turisas	http://guitarflash.me/?gfcMus=AWUWOG4N6A8V
Sin - John 5	http://guitarflash.me/?gfcMus=NCXK0U0O4HHJ
Super Mario Bros Meets - Eric Calderone	http://guitarflash.me/?gfcMus=DE4VJMDMYK6T
Suite-Pee - System Of A Down	http://guitarflash.me/?gfcMus=1YTJ9JJGO09A
Ending 10 - Dragon Ball Super	http://guitarflash.me/?gfcMus=BFGR9FDJMHRT
El Chavo del 8 en Guitarra - Trukish march	http://guitarflash.me/?gfcMus=EXJKR4GU4TFX
The One That Kills The Least - Slipknot	http://guitarflash.me/?gfcMus=JH8OYWTCO140
Its My Life - Bon Jovi	http://guitarflash.me/?gfcMus=LL1X6CD6X2ML
Naruto Shippuden Ending 01	http://guitarflash.me/?gfcMus=SKC0T0Q22A8X
Chart Treino 3 - LoisGF	http://guitarflash.me/?gfcMus=4BXSK9I7LVPI
End Of Me - A Day To Remember	http://guitarflash.me/?gfcMus=4EKEK1TEHRG8
Hit The Lights - Metallica	http://guitarflash.me/?gfcMus=VEJEP7LA8D6K
Violent Pornography Lyrics - System of a Down	http://guitarflash.me/?gfcMus=S2EGIQ9FAJDL
El Lago - Mago de Oz	http://guitarflash.me/?gfcMus=WR09GWHB0J9I
Let There Be Rock - AC/DC	http://guitarflash.me/?gfcMus=WYX0LDC1XCR1
Dead Art In Plainfield - John 5	http://guitarflash.me/?gfcMus=LUF5F6EQ9UWO
How Does It Feel - Michael Mind Project	http://guitarflash.me/?gfcMus=VIR02IH60OAX
I Know It Hurts - Alter Bridge	http://guitarflash.me/?gfcMus=2249IQ6VI6PY
Chozetsu Dynamic - Pegasus	http://guitarflash.me/?gfcMus=46NOVEOURQXE
Na Na Na - My Chemical Romance	http://guitarflash.me/?gfcMus=30YD2E7R09P5
Licks Performance - John Petrucci	http://guitarflash.me/?gfcMus=EYD6LW8WSAGI
Eruption  - Minions	http://guitarflash.me/?gfcMus=S99IP1KRD1W2
Hush Yael - Oh, Sleeper	http://guitarflash.me/?gfcMus=M9SDMSRQYPC9
Save You - Galneryus	http://guitarflash.me/?gfcMus=GQ9YU3VD4BME
God Save The Queen - Steve Ouimette	http://guitarflash.me/?gfcMus=1NMMLQB5PLAN
She Looks So Perfect - 5 Seconds Of Summer	http://guitarflash.me/?gfcMus=V8MIEYUSOTBE
Sad But True - MetallicA	http://guitarflash.me/?gfcMus=IP57NAIUMUM8
The Beautiful People - Marilyn Manson	http://guitarflash.me/?gfcMus=MI4WG2O11SAY
Sehnsucht - Rammstein	http://guitarflash.me/?gfcMus=1CMD45GPW4AW
Solos II - Varias Bandas	http://guitarflash.me/?gfcMus=72ON2SV20P9W
Slider - Super Mario 64	http://guitarflash.me/?gfcMus=5TL6FROI4VX7
A Little Piece Of Heaven  - Avenged Sevenfold	http://guitarflash.me/?gfcMus=E83VXCMRXIN6
Forever We Can Make It! - Thyme	http://guitarflash.me/?gfcMus=XCFLL5XM5PUD
High School DxD New Opening 1 - Larval Stage	http://guitarflash.me/?gfcMus=5R26J2U0H9J7
Al mas alla - Los Daniels	http://guitarflash.me/?gfcMus=UDUQQRSOVUGI
Robot Rock - Daft Punk	http://guitarflash.me/?gfcMus=6P6XTHPURU6W
The Empress - Undead Corporation	http://guitarflash.me/?gfcMus=L21KEILCQMS9
Rock - asdasd	http://guitarflash.me/?gfcMus=JT8KG1RQW74G
Death Note Opening #2 Edition Full (1080p HD)	http://guitarflash.me/?gfcMus=1L1VIYS2MSVA
ViolenT RevolutioN - KREATOR	http://guitarflash.me/?gfcMus=TCEP33TPIS1C
RUSH F_160k - Versalovic	http://guitarflash.me/?gfcMus=A4MMO8OGDVQ8
Metal Militia - Metallica	http://guitarflash.me/?gfcMus=E04JSDO3K05X
Into The Fire - Asking Alexandria	http://guitarflash.me/?gfcMus=GKC6XX68DS4W
É Uma Partida De Futebol - Skank	http://guitarflash.me/?gfcMus=NKP1KB34OWOL
Far Beyond The Sun - Yngwie J. Malmsteen	http://guitarflash.me/?gfcMus=YOYD5REBRSK1
Playing With fire  - Impellitteri	http://guitarflash.me/?gfcMus=QWREJ07EYOHS
Strangers - DragonForce	http://guitarflash.me/?gfcMus=QB9W7GHJRRWH
Madness march Kamikaze  - schumz06	http://guitarflash.me/?gfcMus=RLA77V25S2VV
Fury of The Storm Expert PACK Facilitado - Ad	http://guitarflash.me/?gfcMus=ASLMXK5G58R4
115 - Elena Siegman	http://guitarflash.me/?gfcMus=6YHNO035M359
Mienai Tsubasa - Konjiki No Gash Bell	http://guitarflash.me/?gfcMus=06X89EEMYR3B
Go Off! - Cacophony	http://guitarflash.me/?gfcMus=PCLRY16BTG7I
Good luck again - Dizzy	http://guitarflash.me/?gfcMus=F9G5YWWT3CRA
Save You - Galneryus	http://guitarflash.me/?gfcMus=J7TGTUJMRYIW
Burden - Opeth	http://guitarflash.me/?gfcMus=Q59INFIIK72L
Power  - Helloween	http://guitarflash.me/?gfcMus=WCKQD1O8U1HI
TALISMAN - RATA BLANCA	http://guitarflash.me/?gfcMus=OR9UGEIVC7WF
C - Buckethead	http://guitarflash.me/?gfcMus=OSYBFKUGWKMU
Throne - Bring me the Horizon	http://guitarflash.me/?gfcMus=JAF9R4LY28KA
Nottingham Lace - Buckthead	http://guitarflash.me/?gfcMus=F3HOINNNAJLE
[Tokyo Ravens] Outgrow - Gero	http://guitarflash.me/?gfcMus=MBHPCFHPIL21
Test - Olga	http://guitarflash.me/?gfcMus=8TVH6JE6JCEH
Metal Is The Law - Massacration	http://guitarflash.me/?gfcMus=URHE9VJAR26C
Iron Maiden - Iron Maiden	http://guitarflash.me/?gfcMus=SKBEQQY88SJ7
Sad Statue - System Of A Down	http://guitarflash.me/?gfcMus=MGJ4ISLORJ7L
While Your Lips Are Still Red  - Nightwish	http://guitarflash.me/?gfcMus=A7400UYWX8IT
Nun Chuka Kata - By Buckethead	http://guitarflash.me/?gfcMus=MEY0EJ7K4GSY
Heroes Of Our Time - Full Song - Dragonforce	http://guitarflash.me/?gfcMus=1PB06TLEGWOE
Feel Good Inc. - Gorillaz	http://guitarflash.me/?gfcMus=PUIOBSKY5H14
Altar Of Sacrifice - Slayer	http://guitarflash.me/?gfcMus=DQ7IAR0LMW5N
Guitar Battle - Tom Morello	http://guitarflash.me/?gfcMus=KW8NTW5G4ALL
Famous Last Words - My Chemical Romance	http://guitarflash.me/?gfcMus=GBW1GT02TNUS
Stronger - Dead by April	http://guitarflash.me/?gfcMus=F07BFHE0T8HY
Guitars Suck - Bumblefoot	http://guitarflash.me/?gfcMus=40ROYYIQ94F9
Stockholm Syndrome - Muse	http://guitarflash.me/?gfcMus=6V4T5QGBCE13
Solo Demonstration #2 - Syu	http://guitarflash.me/?gfcMus=QU0GAAXEDH4N
Seu Madruga Will go On - Mestre3224	http://guitarflash.me/?gfcMus=7QIFPS17UAXN
Megami No Senshi   - Marina del Ray	http://guitarflash.me/?gfcMus=T83U76CS8H9U
Black diamond - Stratovarius	http://guitarflash.me/?gfcMus=H9WNVMEF166D
Crossing Field Meets Metal - Eric Calderone	http://guitarflash.me/?gfcMus=3QIICAC01WHN
Portrayed As Unremorseful - John 5	http://guitarflash.me/?gfcMus=UGESG07GPWIH
Metralhas Final  Ijime  - LoisGF	http://guitarflash.me/?gfcMus=D6ISQBISVMLJ
Entre Canibales - Soda Estereo	http://guitarflash.me/?gfcMus=O0TE4OV08V5Y
Jocelyn Flores - XXXTENTACION	http://guitarflash.me/?gfcMus=5GSEIF2DHY9J
20th Century Boy (Metralha Final) - Buckethea	http://guitarflash.me/?gfcMus=MO5A3TCWM5RU
Dragon Ball Super ED 3 - Projeto Remake	http://guitarflash.me/?gfcMus=OOMHGVNO9H7C
Utopia - Schmutz06	http://guitarflash.me/?gfcMus=704N632KC3UW
Set The World On Fire Solo - Adriano Hipy	http://guitarflash.me/?gfcMus=593JWH2WB918
Open Your Heart - Europe	http://guitarflash.me/?gfcMus=KQ91DEGAJCF2
Guitar Solo ByLuisP - Kerry King	http://guitarflash.me/?gfcMus=XC9PIGSKLFJU
Freedom Dive - Xi	http://guitarflash.me/?gfcMus=6P43FO5JQYUV
Yo no Fui - Pedro Fernandez	http://guitarflash.me/?gfcMus=FEIJ5A1RBAWV
Solo Three Hammers - Adriano Hipy	http://guitarflash.me/?gfcMus=72PJDUPIMTWX
Always With Me, Always With You - Joe Satrian	http://guitarflash.me/?gfcMus=TQV8QK4UAVG1
Spread Your Fire - Angra	http://guitarflash.me/?gfcMus=VEF1X2ENQVIS
Savior, Welcome Home - The Sorrow	http://guitarflash.me/?gfcMus=S7J7WN5XEDIA
The Time Has Come - Galneryus	http://guitarflash.me/?gfcMus=CPFDW2KPTT4U
Caballo De Troya - Mago De Oz	http://guitarflash.me/?gfcMus=9ATVEOHEIJKN
Circus For A Psycho - Skillet	http://guitarflash.me/?gfcMus=MLN10QN22B1X
Mujer amante - Rata blanca	http://guitarflash.me/?gfcMus=IDX851O9G10L
Kuusou Mesorogiwi - Yousei Teikoku	http://guitarflash.me/?gfcMus=6IF709KRETYK
Fury - Yngwie Malmsteen	http://guitarflash.me/?gfcMus=3JQTAQ3CFJ9B
Warcry of Salieri - Warmen	http://guitarflash.me/?gfcMus=DLY1380GGBCW
Applied Science (Live) - 311	http://guitarflash.me/?gfcMus=MWU0I1GN75NJ
A Son Of The Sword - Demonaz	http://guitarflash.me/?gfcMus=KA6UGM9CUWA0
FLOW - Sign - No Artist Set	http://guitarflash.me/?gfcMus=BEPE2YWDUR2E
Nothing For Me Here - Dope	http://guitarflash.me/?gfcMus=J9DNOUS48QWJ
Valley of the Damned  - DragonForce	http://guitarflash.me/?gfcMus=UU0PSTYCKPXX
Battle With Red - Pokémon	http://guitarflash.me/?gfcMus=DCLSW6PQJAQT
Coalescence - Sidney600	http://guitarflash.me/?gfcMus=442RPL1WH1VD
Solo Paradise City - Adriano Hipy	http://guitarflash.me/?gfcMus=4WHBWS82SSBT
Inside The Winter Storm - Dragonforce	http://guitarflash.me/?gfcMus=QRLULQCU1EO3
Bom e Quando Faz Mal - Matanza	http://guitarflash.me/?gfcMus=2I8EK2RJ0672
Boku no Hero Academia Opening - Porno Graffit	http://guitarflash.me/?gfcMus=Y4HGX965S6CF
Injection - Rise Against	http://guitarflash.me/?gfcMus=EIEIHJPLEHXU
Infected - Eyes Set To Kill	http://guitarflash.me/?gfcMus=XFW6W1O3I6LL
Cheia de Marra - MC Livinho	http://guitarflash.me/?gfcMus=LML0G570FPD9
Vendetta - Slipknot	http://guitarflash.me/?gfcMus=PD7N8KJ4IYWI
Monster - Meg & Dia	http://guitarflash.me/?gfcMus=3WPP89KO04L3
[Naruto] GO!!! - FLOW	http://guitarflash.me/?gfcMus=C1KM7APPJGQ3
Fly Away From Here - Aerosmith	http://guitarflash.me/?gfcMus=KTUTBNIMSLIF
The Duel - Rusty cooley	http://guitarflash.me/?gfcMus=CULYSJPEDB9K
Crazy - 4MINUTE	http://guitarflash.me/?gfcMus=LJE2WS0C9JWL
Party Tonight - Un Show Mas!!	http://guitarflash.me/?gfcMus=DK67FP74S8NQ
ULTIMO SP REAPERS - Luccas_FC	http://guitarflash.me/?gfcMus=71WIO3G66L84
Bodies - Drowning pool	http://guitarflash.me/?gfcMus=J3MXP39C05D7
Running In The 90s Power Metal Cover - Richaa	http://guitarflash.me/?gfcMus=VRAQ3O5DL47G
ONE PIECE ABERTURA 13 - Projeto Remake	http://guitarflash.me/?gfcMus=S8APAUHUSSKD
Angel of Salvation - Galneryus	http://guitarflash.me/?gfcMus=MD4DOH4ETQGE
Vinhetas da Globo(Naonemeu) - Rede Globo	http://guitarflash.me/?gfcMus=I4FP2BR79XFP
Treino Pessoal - Adriano Hipy	http://guitarflash.me/?gfcMus=B1U2YLSJYM21
Different Heaven - Far away [NCS Release]	http://guitarflash.me/?gfcMus=BWRN8M8I338R
Mors Certa - Puppetz	http://guitarflash.me/?gfcMus=CS07RJX7OAI7
Sultans of Swing - Dire Straits	http://guitarflash.me/?gfcMus=NFHPGSAUP8JI
[Hanasaku Iroha] Omokage Warp - nano RIPE	http://guitarflash.me/?gfcMus=C474FC6INOHT
Fall Of Man - Eternal Tears Of Sorrow	http://guitarflash.me/?gfcMus=DJE22YR805MX
Big 4 in 4 Minutes - Charlie Parra	http://guitarflash.me/?gfcMus=VCQNDY3E0J51
The Final Command - Slayer	http://guitarflash.me/?gfcMus=JLDL1FBSMDL0
OMEGA RHYTHM - Uplift Spice	http://guitarflash.me/?gfcMus=26H0PPH9EL5I
Across the Spectrum - CHON	http://guitarflash.me/?gfcMus=KNMJ4CYIF5PC
Catastrophist - Trivium	http://guitarflash.me/?gfcMus=9YUJ4DRKXEJX
Follow You - Bring Me The Horizon	http://guitarflash.me/?gfcMus=4EJGCQOS9FG8
Starset My Demons - skillet	http://guitarflash.me/?gfcMus=8NWTRSFUD6VX
perra - Vete a la Versh	http://guitarflash.me/?gfcMus=EN8X9WD1OU59
Apology - Alesana	http://guitarflash.me/?gfcMus=TK152F2A0LXW
Somebody That I Used To Know - 4Frnt remix -	http://guitarflash.me/?gfcMus=EXISPL70H7QK
I Dont Want to Miss a Thing - Aerosmith	http://guitarflash.me/?gfcMus=D37GJLSEMR54
Flayed And Consumed (Feat. Lucas Mann Of Ring	http://guitarflash.me/?gfcMus=9P7O6RW1T2NA
Rebel Mind - Eumeria	http://guitarflash.me/?gfcMus=DJD92889RAMK
Your Treachery Will Die - Dying Fetus	http://guitarflash.me/?gfcMus=87IE3YL42PGL
All I Want - A Day To Remember	http://guitarflash.me/?gfcMus=I5GG7LPWADQ4
Live For The Kill - Amon Amarth	http://guitarflash.me/?gfcMus=11CYY9U93DCJ
Metalingus - Alter Bridge	http://guitarflash.me/?gfcMus=5VEYLHRMJ5NP
Midnight - Joe Satriani	http://guitarflash.me/?gfcMus=TNJAIDBHLB0V
A New Game - Mudvayne	http://guitarflash.me/?gfcMus=B8LOM21UQXWP
Silver Tongue - Sonata Arctica	http://guitarflash.me/?gfcMus=K8DYXMUQ1EWT
The Pursuit of Vikings - Amon Amarth	http://guitarflash.me/?gfcMus=WOJWM4X1M1HL
Dyers Eve - Metallica	http://guitarflash.me/?gfcMus=HTEC8ELB18QC
Parallel Shift - Rings Of Saturn	http://guitarflash.me/?gfcMus=UH9E9S0HEDJ2
Souls Of Black - Testament	http://guitarflash.me/?gfcMus=2YNRFE0157XE
Dream Of Becoming - Andy James	http://guitarflash.me/?gfcMus=J49PAOHLCRR8
Pumped Up Kicks - Foster The People	http://guitarflash.me/?gfcMus=QSDV7QWC2UPW
Fucking Hostile - Pantera	http://guitarflash.me/?gfcMus=P331YTH381A0
Warmness On The Soul - Avenged Sevenfold	http://guitarflash.me/?gfcMus=YI6QWPPWCV2N
Dying Breed - Five Finger Death Punch	http://guitarflash.me/?gfcMus=LBMQXJCKM8DI
Handroid - Daita	http://guitarflash.me/?gfcMus=94VY58GSDRDI
Boulevard Of Broken Dreams - Green Day	http://guitarflash.me/?gfcMus=YGGBXJECRIC8
Avoid The Light - Pantera	http://guitarflash.me/?gfcMus=P6KFAHSJSC1L
Main Serong - The Changcuters	http://guitarflash.me/?gfcMus=XXPJGFF5KKSR
Come To Life - Alter Bridge	http://guitarflash.me/?gfcMus=RDLBT87AUOOK
Ending 2 - Death Note	http://guitarflash.me/?gfcMus=FXEFWG0E0P4S
As Loke Falls - Amon Amarth	http://guitarflash.me/?gfcMus=2TISL6N6F6HF
Fiesta Pagana - Mago de Oz	http://guitarflash.me/?gfcMus=RXED5TVO3GVH
SCHMOOTOPIA - Schmutz06	http://guitarflash.me/?gfcMus=6KWWHW70D02G
Welcome to the Family - Avenged Sevenfold	http://guitarflash.me/?gfcMus=IP1S1OQYXXBG
Retaliator - Scar Symmetry	http://guitarflash.me/?gfcMus=EMDFAL696TRO
Sudden Death - Megadeth	http://guitarflash.me/?gfcMus=1SU2XSP1PRFE
Under the Moonlight - Nautiluz	http://guitarflash.me/?gfcMus=SW678N1FIBWI
Zetsubou Billy - Maximum The Hormone	http://guitarflash.me/?gfcMus=M11VMANYJASJ
Baba Yaga - Slaughter To Prevail	http://guitarflash.me/?gfcMus=TWYE0GGN5GAY
All Hope Is Gone - Slipknot	http://guitarflash.me/?gfcMus=V9EQ08VBHFDU
Pride - Pride (Peru)	http://guitarflash.me/?gfcMus=GCQQYLXNV17C
Tear Off Your Chain - Galneryus	http://guitarflash.me/?gfcMus=JN1EI9T7J8B1
Good_Riddance_(Time_Of_Your_Life)_[Official_M	http://guitarflash.me/?gfcMus=INDDJC5KLELO
Until The End - Breaking Benjamin	http://guitarflash.me/?gfcMus=CIR4H53XVD89
Vienes y te vas - Los Kiero	http://guitarflash.me/?gfcMus=W8EV50R245OI
CHORD BASTARD - Schmutz06	http://guitarflash.me/?gfcMus=DUCG6R2CQPAM
Bawitdaba - Kid Rock	http://guitarflash.me/?gfcMus=WIMTAMQKACNS
AOV - Slipknot	http://guitarflash.me/?gfcMus=MI42MTKRMILL
Power of the horde - Tenth Level Tauren Chief	http://guitarflash.me/?gfcMus=M102MJ4YCFS6
Not Good Enough For Truth And Cliche - Escape	http://guitarflash.me/?gfcMus=2HI0GC18M95M
Speeding - Steve Vai	http://guitarflash.me/?gfcMus=FX9A5L9RADGN
Naruto Opening - Rise Tsuyosa - Uchiha GF	http://guitarflash.me/?gfcMus=BH8LCDQTNXTC
Just Like You - Falling In Reverse	http://guitarflash.me/?gfcMus=SEAWVEOQLY2N
The Devil Went Down To Georgia - Steve Ouimet	http://guitarflash.me/?gfcMus=GL1ONSC8PTTB
Creep - Radiohead	http://guitarflash.me/?gfcMus=5G0EQV36MYVP
Animals - Martin Garrix	http://guitarflash.me/?gfcMus=0QII694J15BN
Misadventure (Update) - Exilelord	http://guitarflash.me/?gfcMus=Y3HM1AC10303
Solo Soldiers Expert 6SP - Adriano Hipy	http://guitarflash.me/?gfcMus=UH8JUYF6CH81
Metallica - Sad But True Lyrics	http://guitarflash.me/?gfcMus=WWD0NVTNVYO2
Make It Stop - Rise Against	http://guitarflash.me/?gfcMus=UER1UEY6EA5G
Buried Alive - Avenged Sevenfold	http://guitarflash.me/?gfcMus=TD7RLCOC5HE6
Sign Of The Times - Three Days Grace	http://guitarflash.me/?gfcMus=2KWR553SQIKS
Mulher de Fases - Raimundos	http://guitarflash.me/?gfcMus=L334LBTWEOS0
Uber Juice - Schmutz06 Adaptada	http://guitarflash.me/?gfcMus=SJFXMVCPW8UM
Solos - Dragonforce	http://guitarflash.me/?gfcMus=5CLK8MFCBARJ
Murmaider - Dethklok	http://guitarflash.me/?gfcMus=YT3EU82B32E0
Gate of Triumph - Concerto Moon	http://guitarflash.me/?gfcMus=OL2MO602SSG0
Room 409 - Bullet For My Valentine	http://guitarflash.me/?gfcMus=RKO5W48BBE69
No Control - Bullet For My Valentine	http://guitarflash.me/?gfcMus=NCRKQE0VXHTD
Cause Disarray - Galneryus	http://guitarflash.me/?gfcMus=3MBT88MPHXCA
Matters At All - Kids in Glass Houses	http://guitarflash.me/?gfcMus=REMXQYKDUL0B
MESSIAH - MEJIBRAY	http://guitarflash.me/?gfcMus=R9H34I49QAUY
Helsinki - L.A.	http://guitarflash.me/?gfcMus=NB5L6KBLUPGP
Breaking Point  - Bullet for my Valentine	http://guitarflash.me/?gfcMus=0L9CNWPX1KUJ
Rebirth - Angra	http://guitarflash.me/?gfcMus=N3E5K4859B8N
Hey Baby, Heres That Song You Wanted - Blesst	http://guitarflash.me/?gfcMus=XFQWTUM1ELAS
Valhall Awaits Me - Amon Amarth	http://guitarflash.me/?gfcMus=I5B5COSFD4FB
Play with me (solo) - Charlie Parra	http://guitarflash.me/?gfcMus=VEISNWSFEVIT
Right In Music  - skrillex	http://guitarflash.me/?gfcMus=C2IRPPFJ3SR2
Heroes of our time Full - Adriano Hipy	http://guitarflash.me/?gfcMus=8JPCN15KMCQ8
4 33 - John Cage	http://guitarflash.me/?gfcMus=YREWYTFKWGCK
Destiny - Galneryus	http://guitarflash.me/?gfcMus=P0KWHW8WLA72
The Sound Of Truth - As I Lay Dying	http://guitarflash.me/?gfcMus=67AYN9PW9ENC
Aviator - Polyphia	http://guitarflash.me/?gfcMus=5AYVVKSN05E6
Lost - Avenged Sevenfold	http://guitarflash.me/?gfcMus=CRBLNLPVI7G5
[Kuroko no basket] Hengen jizai no magical -	http://guitarflash.me/?gfcMus=LAWA25QUGNB4
(Everything i do) I do it for you - Bryan Ada	http://guitarflash.me/?gfcMus=MPVLGT8T8ETB
Anodyne Sea - As I Lay Dying	http://guitarflash.me/?gfcMus=Q1XBLIOUW1YS
Welcome To Bucketheadland - Buckethead	http://guitarflash.me/?gfcMus=M4KXCI2PECVI
TTTATF - Schmutz06	http://guitarflash.me/?gfcMus=7ER7WHWRGMKR
By The Way - Red Hot Chili Peppers	http://guitarflash.me/?gfcMus=SYV7U14I34Y0
Carry On - Avenged Sevenfold	http://guitarflash.me/?gfcMus=XAPGS0XSY7G8
Look Around - Red Hot Chili Peppers	http://guitarflash.me/?gfcMus=YWN7PPERXISC
Blue Blood - X japan	http://guitarflash.me/?gfcMus=CTQBA9T6I920
Blue - Yngwie Malmsteen	http://guitarflash.me/?gfcMus=5UF10JRYD6YD
Daddy Discord Solo - dBPony	http://guitarflash.me/?gfcMus=OTQEV2075GCN
Hechizeros Band - El Sonidito	http://guitarflash.me/?gfcMus=Q4JXGQLB0CDI
Power of the Triforce HARD - DragonForce	http://guitarflash.me/?gfcMus=XPX4S7MTKEWP
I Like Trains - ASDFMOVIE	http://guitarflash.me/?gfcMus=IKVT5PN8T56G
Sin - Jonh 5	http://guitarflash.me/?gfcMus=1QBV02PNU8CR
Scream Aim Fire Solo - Bullet For My Valentin	http://guitarflash.me/?gfcMus=3N92ID7WTXC9
Thunderhorse - Dethklok	http://guitarflash.me/?gfcMus=1OMGIP59IOM0
I Was Made For Lovin You - KISS	http://guitarflash.me/?gfcMus=4CU4OVNO4BEG
Beyond the Knowing - Buckethead	http://guitarflash.me/?gfcMus=6V18IV8EUBPO
Game Of Thrones Official - VanderNinja	http://guitarflash.me/?gfcMus=TLY4KMB3RRX9
Bombe - Sleipnir	http://guitarflash.me/?gfcMus=GHXD954O9KOP
Rebel Flag (SOLO) - Galneryus	http://guitarflash.me/?gfcMus=H8APASP5WDRP
Vermillion Pt 2 - Slipknot	http://guitarflash.me/?gfcMus=7PTYSEEHPOW9
[Yowamushi Pedal] Love Hime - Yowamushi Pedal	http://guitarflash.me/?gfcMus=EV26J8U9XACD
Fallout - Metallicais1337	http://guitarflash.me/?gfcMus=5UE2XR24YEBD
Valley of the Damned - DragonForce TNNP	http://guitarflash.me/?gfcMus=6730B109PLD6
Faithless - Black Veil Brides	http://guitarflash.me/?gfcMus=A3RWON1N3PE1
3999 Ode To Insanity - Callum Whyte	http://guitarflash.me/?gfcMus=CJLUDX1VRRWG
SCREAM - Bloody Secrets	http://guitarflash.me/?gfcMus=M8VXBFPIUKBN
Soldiers Hard 6 sp - Dragonforce	http://guitarflash.me/?gfcMus=N7SQ9NTOLEN7
Sensual Seduction - Snoop Dogg	http://guitarflash.me/?gfcMus=GF84A884HCYX
We All Die Young  - Steel Dragon	http://guitarflash.me/?gfcMus=QTDSUGLUNK29
Soundtrack - Vijilante 8	http://guitarflash.me/?gfcMus=16M0EK2YW050
Wasting Love - Iron Maiden	http://guitarflash.me/?gfcMus=O9B7YC5H0RQG
Scream Aim Fire SOLO - Bullet for my Valentin	http://guitarflash.me/?gfcMus=7YBQQTDTWC5Q
Detarame Na Zanzou - Granrodeo	http://guitarflash.me/?gfcMus=CCTCEFX3CBDQ
Eleven Blue Egyptians - Jason Becker	http://guitarflash.me/?gfcMus=QQUIBI6STWBN
Trumpets Of Old - Euroforce	http://guitarflash.me/?gfcMus=FDNY9PJU818B
Crystallize - Cole Rolland	http://guitarflash.me/?gfcMus=JKEOCPM91M9N
Vengeance - Yngwie Malmsteen	http://guitarflash.me/?gfcMus=YES2J8YTMVA4
Double Guitar Shred - Michael Angelo Batio	http://guitarflash.me/?gfcMus=ITFFJPWRGHF0
Heathens - Twenty One Pilots	http://guitarflash.me/?gfcMus=QU1FD1N9RARN
Song 2 - Blur	http://guitarflash.me/?gfcMus=MXKISH3O7R1M
[Akuma no Riddle] Soushou Innocence - Uchida	http://guitarflash.me/?gfcMus=VUP83ALEKCB1
Asleep in the Deep - Mastodon	http://guitarflash.me/?gfcMus=KR87VT643OG1
RAP DE ITACHI 2016 - NARUTO - Doblecero.mp3 -	http://guitarflash.me/?gfcMus=DIHQ04BLVHL0
Until We Die - Escape The Fate	http://guitarflash.me/?gfcMus=BKN9GYDOS3KK
Begin - Brian	http://guitarflash.me/?gfcMus=A6CWKDT6QCS1
Innocence - Disturbed	http://guitarflash.me/?gfcMus=YFLRY86KAHYN
A Grave Mistake - Ice Nine Kills	http://guitarflash.me/?gfcMus=UEPDHTVU5JS2
Takayoshi Ohmura vs Syu - Young Guitar	http://guitarflash.me/?gfcMus=V4BFKKMR157A
Peace Sells  - Megadeth	http://guitarflash.me/?gfcMus=69XE5LBALXE3
Ace In The Hole - Command6	http://guitarflash.me/?gfcMus=IFSPPAVP511I
Ah mi pichula - Asi es	http://guitarflash.me/?gfcMus=1CFJUWVXKAND
Wizards - Gloryhammer	http://guitarflash.me/?gfcMus=G5058DYGOWNN
4 Words - Bullet For My Valentine	http://guitarflash.me/?gfcMus=U5FH4WRRQ0UR
Enemy Of God - Kreator	http://guitarflash.me/?gfcMus=8ITOF5C74TE0
Flatlines Thin Lines - John 5	http://guitarflash.me/?gfcMus=BI1GX5UAV9UJ
Evolution (The Grand Design) - Symphony X	http://guitarflash.me/?gfcMus=Y60RH7L7LT31
Public Enemy Number One - Zebrahead	http://guitarflash.me/?gfcMus=UN9YVT4ERV2L
Runaway - The Misfits	http://guitarflash.me/?gfcMus=2UAWYV329AI8
-_Die Potato_-  - Asdfmovie remix	http://guitarflash.me/?gfcMus=VH64SY3CB6KX
Un x100to - Grupo Frontera ft. Bad Bunny	http://guitarflash.me/?gfcMus=APXAUBKEMQD1
Si Amaneciera - Saratoga	http://guitarflash.me/?gfcMus=79MBFJVD6URF
lçloo - eee	http://guitarflash.me/?gfcMus=HNP7EOJ72VJP
The Reason - Hoobastank	http://guitarflash.me/?gfcMus=OS08OUY25WMU
Laser Cannon Deth Sentence - Dethklok	http://guitarflash.me/?gfcMus=6UCPP8BK4IBA
Elevator Girl - BABYMETAL	http://guitarflash.me/?gfcMus=MY9V5W1Y0C92
Triumph For My Magic Steel - Rhapsody Of Fire	http://guitarflash.me/?gfcMus=5IE9RYF76HYK
Land Ahoy - Edu Falaschi	http://guitarflash.me/?gfcMus=6RWYUWTA6PK3
Rolling Star/OP-5/BLEACH	http://guitarflash.me/?gfcMus=8UPAYLN81YFO
South - Qubit	http://guitarflash.me/?gfcMus=VEOONU8MJE5C
Traitor - Flyleaf	http://guitarflash.me/?gfcMus=7I0RGB8D2H15
All of This - Shaimus	http://guitarflash.me/?gfcMus=S4YGG8SSDXFL
Youre Going Down - Sick Puppies	http://guitarflash.me/?gfcMus=5GXIFT8P0U8P
Make It Bun Dem - Skrillex	http://guitarflash.me/?gfcMus=M0804A9CPRFD
Violence (Enough Is Enough) - A Day To Rememb	http://guitarflash.me/?gfcMus=WEBTBP3RT47N
Run Free - Asking Alexandria	http://guitarflash.me/?gfcMus=L9XCG7Q7AONR
Fall In The Dark - Galneryus	http://guitarflash.me/?gfcMus=65H8B1821KMS
Singularity - Sidney600	http://guitarflash.me/?gfcMus=TO54UNE5PLEV
Juicio Final - Saratoga	http://guitarflash.me/?gfcMus=BADL0J0QRWYV
Machines - Crown The Empire	http://guitarflash.me/?gfcMus=FLCVLDEQ6EFM
Piradinha - O Metaleiro	http://guitarflash.me/?gfcMus=E5J0B5EVBE9U
Final Masquerade - Linkin Park	http://guitarflash.me/?gfcMus=T9VVR7WAAXAO
Feel Good Inc - Gorillaz	http://guitarflash.me/?gfcMus=TQYNAE6UK24S
Speed Metal Symphony - Cacophony	http://guitarflash.me/?gfcMus=RACS6UHWF9V7
History of Games 80s to 00s - Family Jules	http://guitarflash.me/?gfcMus=QRGIQUFD55DB
Mirror Mirror - Blind Guardian	http://guitarflash.me/?gfcMus=XGJXHMWDTS0M
The Cobras Hood - Buckethead	http://guitarflash.me/?gfcMus=VVHFAHLJKV0S
Obelisk - Black Fast	http://guitarflash.me/?gfcMus=UU0KM23LY0LA
Beyond Of The Ground - Galneryus	http://guitarflash.me/?gfcMus=65JSG2PQ9TYJ
The Unforgiven II - Metallica	http://guitarflash.me/?gfcMus=KDCVNWMJEY3N
LCD (Liquid Crystal Disease) - Vektor	http://guitarflash.me/?gfcMus=YDPGMXM3T94E
Downfall - Children Of Bodom	http://guitarflash.me/?gfcMus=A69BXIL999HM
No Boundaries - Solo final Hard - ManausGF	http://guitarflash.me/?gfcMus=HHLE82SA7DE2
Tranquilizer - Yagami Team	http://guitarflash.me/?gfcMus=IQX36BVGGD0E
Whiplash - Metallica	http://guitarflash.me/?gfcMus=H5N679O3MPDY
Mitou Seu Lixo - ManausGF	http://guitarflash.me/?gfcMus=O4YDXW9UXWMX
Suffocating Under Words Of Sorrow - Bullet fo	http://guitarflash.me/?gfcMus=MQOG1KCAHOUH
Run To The Hills - Iron Maiden	http://guitarflash.me/?gfcMus=TIG01XC2Q97A
Joker And The Thief - Wolfmother	http://guitarflash.me/?gfcMus=DD7MC9IA2CSU
Tears Dont Fall (Part 2) - Bullet For My Vale	http://guitarflash.me/?gfcMus=78U8WA1RJ7EM
Beyond Oblivion - Trivium	http://guitarflash.me/?gfcMus=675NSDSFD5CK
Second - Bandi	http://guitarflash.me/?gfcMus=EH9CONY0O5AP
Invincible - DEAF KEV [NCS Release]	http://guitarflash.me/?gfcMus=NJTII86HS3N1
Forever One Instrumental.mp3 - Yngwie Malmste	http://guitarflash.me/?gfcMus=C3BO5X4AIJG8
Blood Bound - Hammerfall	http://guitarflash.me/?gfcMus=850VISP2GWPD
The Enemy Inside  - Dream Theater	http://guitarflash.me/?gfcMus=LW10RHHFD5BP
Senso - SunnYz	http://guitarflash.me/?gfcMus=Q6999516X0QA
We Three Kings - Steve Ouimette	http://guitarflash.me/?gfcMus=1L4B2SU3WXJ2
Not Gonna Die - Skillet	http://guitarflash.me/?gfcMus=FUWYU4TIMPC8
Na Casa do Seu Zé Vai Rolar Uma Putaria - Mc	http://guitarflash.me/?gfcMus=P1ACG3KI6NWG
Hallowed Be Thy Name - Iron Maiden	http://guitarflash.me/?gfcMus=RLEGPHN6A2J1
In denial - Butcher Babies	http://guitarflash.me/?gfcMus=C5VO0OXR65U8
Temple Of Hate - Angra	http://guitarflash.me/?gfcMus=FSEV8O5M7FX9
Here Comes the Boom - Rise of the North Star	http://guitarflash.me/?gfcMus=BDXCJP2Q84PK
Sea Of Fate - Rhapsody Of Fire	http://guitarflash.me/?gfcMus=Y68HYOAK70PL
Buried Alive - Avenged Sevenfold	http://guitarflash.me/?gfcMus=ED7TCIYAUHSI
The Seeker - The Who	http://guitarflash.me/?gfcMus=6ANS9A3LYUFI
Endangered Species - Kiko Loureiro	http://guitarflash.me/?gfcMus=0Y4Y2UM945J7
Gone - Asking Alexandria	http://guitarflash.me/?gfcMus=QAIKW9BHKAJ2
Ten Thousand Fists - Disturbed	http://guitarflash.me/?gfcMus=PTIRM3VGKRPR
Angel of Salvation - Galneryus	http://guitarflash.me/?gfcMus=OQ92HNYV5DW2
Dearly Beloved - All Version - KINGDOM HEART	http://guitarflash.me/?gfcMus=MD64WJSY9XGS
Give Me Novacaine - Green Day	http://guitarflash.me/?gfcMus=SXVI12G9HYAA
Michael Jackson - You Are Not Alone	http://guitarflash.me/?gfcMus=I5FI22B6GSF3
Jetta - I_d Love to Change the World (Matstub	http://guitarflash.me/?gfcMus=4L6TGLC4KROS
Bombon Asesino - Los Palmeras	http://guitarflash.me/?gfcMus=47PAYNHPL8L4
Opus Pocus - Jason Becker	http://guitarflash.me/?gfcMus=4WGJQI9CSEYG
Green Day - Last Of The American Girls (Video	http://guitarflash.me/?gfcMus=N4CB4JYYSM8M
Red Baron - Hazy Hamlet	http://guitarflash.me/?gfcMus=AVWQ9S4P0QUW
The Last Journey Home - Dragonforce	http://guitarflash.me/?gfcMus=T4JVSA9ITOTJ
Enter Sandman - Metallica	http://guitarflash.me/?gfcMus=PV21CJQ87YRD
Fantasmas - Eutenia (Tokudoh)	http://guitarflash.me/?gfcMus=GASPBI0QLUOP
xStep - Geometry Dash	http://guitarflash.me/?gfcMus=2E2CCQEDH4EE
Watamote	http://guitarflash.me/?gfcMus=HL3HAW25Y25C
Hero - Skillet	http://guitarflash.me/?gfcMus=2D9IO8L1T2O8
Something Just Like This - The Chainsmokers	http://guitarflash.me/?gfcMus=T92RUV2CT8L7
Virus  - Beethoven	http://guitarflash.me/?gfcMus=UOAMSKHISSEB
Solo The Eagles  - Hotel California	http://guitarflash.me/?gfcMus=FRHF02S9H2LN
Opening 1 - Fullmetal Alchemist: Brotherhood	http://guitarflash.me/?gfcMus=KIL291P0SB7R
Eu Não Gosto De Ninguém - Matanza	http://guitarflash.me/?gfcMus=Y8PUD3BV6446
DEUS - A Ultima Theoria	http://guitarflash.me/?gfcMus=GURY699S4BDP
NecroFantasia - Demetori	http://guitarflash.me/?gfcMus=NVTGUSO57PBH
You re Cut Off - Municipal Waste	http://guitarflash.me/?gfcMus=UH52EW31H489
Ijime,Dame,Zettai - Babymetal	http://guitarflash.me/?gfcMus=FBBQPYY0C14U
Bonded By Blood - Exodus	http://guitarflash.me/?gfcMus=IN9UO8R3W0AA
Sun Of Pearl - An Endless Sporadic	http://guitarflash.me/?gfcMus=FEJHBTGI5T9V
What can I say - Dead by April	http://guitarflash.me/?gfcMus=C9B2RQS65VY5
Distant Sky - Rhapsody Of Fire	http://guitarflash.me/?gfcMus=JLH0N14OBAWR
More Than Meets The Eye - Testament	http://guitarflash.me/?gfcMus=YLHYVVTPL9HF
Gary, vuelve a casa - Bob Esponja	http://guitarflash.me/?gfcMus=EAF5CKRW1XFM
Solo The Game - Dragonforce	http://guitarflash.me/?gfcMus=J4AMLQB2YVF9
27 Needles - John 5	http://guitarflash.me/?gfcMus=KR82P2ADHY4E
Love Isnt Always Fair - Black Veil Brides	http://guitarflash.me/?gfcMus=L0FTAQ49NTEV
Mexico - Alestorm	http://guitarflash.me/?gfcMus=YDVO3BHUP7XI
Nothing to Lose - Suicide Room	http://guitarflash.me/?gfcMus=2WWKBXPPJFWM
El Toro - Malaguena	http://guitarflash.me/?gfcMus=DHN5938FLR8F
No Pain, No Game - NANO	http://guitarflash.me/?gfcMus=NOPULNPDPLIF
Narcisista por Exelencia - Panda	http://guitarflash.me/?gfcMus=9DCY156BXTYN
The Soul Of A Robot - Sonic Area / Arco Traum	http://guitarflash.me/?gfcMus=QRKXAOIEEA13
Monkey Wrench - Foo Fighters	http://guitarflash.me/?gfcMus=7H9G3CBHF80P
[DANDADAN] Hunting Soul  - Kisho Taniyama	http://guitarflash.me/?gfcMus=5XVN6W4PX3EL
The Edge - Vince Neil	http://guitarflash.me/?gfcMus=7VSLAW4NAM3R
Another Bottle Down - Asking Alexandria	http://guitarflash.me/?gfcMus=2NGKISP3E50H
Breve Descripcion de mi Persona - Cuarteto de	http://guitarflash.me/?gfcMus=O6IMND3MJ4PK
Sommer - Nargaroth	http://guitarflash.me/?gfcMus=3B7DXQ1OY5OF
Cadaveria - Mago De Oz	http://guitarflash.me/?gfcMus=FPUSL8GPR5JA
Other Side - New Years Day	http://guitarflash.me/?gfcMus=PAS1MSNGLN5Y
Natural Selection - Rings of Saturn	http://guitarflash.me/?gfcMus=P5LILR318LO9
guitar Solo - John 5	http://guitarflash.me/?gfcMus=H91PEYJFP0TU
LoZ Metal Solos Part 1 - Artificial Fear	http://guitarflash.me/?gfcMus=W7FWMTH9CXO6
The Wrath Of Crom - Marc Rizzo	http://guitarflash.me/?gfcMus=XRTED8D9G8X0
Trenches - Pop Evil	http://guitarflash.me/?gfcMus=RVOB66H54E6C
Monsters - Matchbook Romance	http://guitarflash.me/?gfcMus=CKAE4T8U4SMU
TTFAF INICIO invertido - Luccas_FC	http://guitarflash.me/?gfcMus=U8U9VGJ691XX
Tribute - Tenacious D	http://guitarflash.me/?gfcMus=IBCBY81B7AXL
Solos - Symphony X	http://guitarflash.me/?gfcMus=87P88FG11SF4
Misadventure - TREE VERSE - 100% and 200% - E	http://guitarflash.me/?gfcMus=HYSPFV0MCC7K
Solo SOTK Parte 5 - Adriano Hipy	http://guitarflash.me/?gfcMus=TLUSMYPQGQYG
critical acclaim - Avenged Sevenfold	http://guitarflash.me/?gfcMus=4QG02PFK04TW
Strike Back - Back-on	http://guitarflash.me/?gfcMus=8WFPXRYTLB53
Blow Me Away - Breaking Benjamin	http://guitarflash.me/?gfcMus=CK9NVRJAOLMH
We Who Are About To Die - Evile	http://guitarflash.me/?gfcMus=1F0EMNJK1YEP
Peppers Ghost - Buckethead	http://guitarflash.me/?gfcMus=07NH8B97Q0S3
Delineate - HeleneGH	http://guitarflash.me/?gfcMus=5250R9N75LIC
War - System Of A Down	http://guitarflash.me/?gfcMus=SKC6W0WX98VK
In Too Deep - Sum 41	http://guitarflash.me/?gfcMus=R05M3QR9UNL9
Peace Sells - Megadeth	http://guitarflash.me/?gfcMus=KDKHYNF6DFEJ
Voces de Libertad - Leithian	http://guitarflash.me/?gfcMus=3BASKDSKN206
Jim Yosef - Forces (feat. Ivan Jamile & Kédo	http://guitarflash.me/?gfcMus=VN16KUUR19Q2
El Final de Dragon Ball GT - Audio Latino - H	http://guitarflash.me/?gfcMus=0B2ATCLVGGK9
Sirviente del Mal Servant of Evil-Fandub Lati	http://guitarflash.me/?gfcMus=11FHASRO560A
TTFAF Treino 3 - Adriano Hipy	http://guitarflash.me/?gfcMus=6RRPUIH2GVWA
Dead - Napalm Death	http://guitarflash.me/?gfcMus=ELM68WLT0TEW
Wizard - Martin Garrix & Jay Hardway	http://guitarflash.me/?gfcMus=8PHXXTJTG2XL
Far Beyond the Sun - Yngwie Malmsteen	http://guitarflash.me/?gfcMus=FMBPYRRSCU4B
I Dont Love You - My Chemical Romance	http://guitarflash.me/?gfcMus=LODYPUG01VQF
Denial - We Are Harlot	http://guitarflash.me/?gfcMus=0F81SUWG7VDM
Evil Queen - Kissing The Mirror	http://guitarflash.me/?gfcMus=24PYLINYLY4C
beast and the harlot - avenged sevenfold	http://guitarflash.me/?gfcMus=2YHL6OJ871BL
Into The Fire - Sabaton	http://guitarflash.me/?gfcMus=HQ8DRT3IATYO
Te Quiero  -  Hombres G	http://guitarflash.me/?gfcMus=4CTAO45PWHE3
You Waste Your Time - Tremonti	http://guitarflash.me/?gfcMus=8ITSOOXS4BEN
The World - DEATH NOTE	http://guitarflash.me/?gfcMus=GEAYRSIAW1XY
Baby One More Time - Tenacious D	http://guitarflash.me/?gfcMus=B2VJSB0RRLP4
Guitars Still Suck - Bumblefoot	http://guitarflash.me/?gfcMus=LHLBKKHH1PV2
Animals   - Martin Garrix	http://guitarflash.me/?gfcMus=KIMYHBUL1N7S
Neverender - Coheed And Cambria	http://guitarflash.me/?gfcMus=K6SY05CEX0UT
nao jogue - nao jogue	http://guitarflash.me/?gfcMus=VOSG3C6EF24I
La Leyenda Del Hada y El Mago - Rata Blanca	http://guitarflash.me/?gfcMus=LE44CXDWMCS4
Rise - Skillet	http://guitarflash.me/?gfcMus=MVV10T7UFYN7
Solo Cry Pausas - Adriano Hipy	http://guitarflash.me/?gfcMus=6U4WG1RRQNOQ
Hunting High And Low - Stratovarius	http://guitarflash.me/?gfcMus=QYCJKHWM808G
Extreme Power Metal - Dragonforce	http://guitarflash.me/?gfcMus=73K9F746BRX5
Hollow Bodies - Blessthefall	http://guitarflash.me/?gfcMus=Q9PUI93RWPTI
Lonely Day Solo (T&P) - System of a Down	http://guitarflash.me/?gfcMus=QMIJ634AK4JI
Highly Strung - Orianthi and Steve Vai	http://guitarflash.me/?gfcMus=VA39SUR698QA
Bury Me An Angel - Arch Enemy	http://guitarflash.me/?gfcMus=VKKVKIURT7N4
Scissors - Slipknot	http://guitarflash.me/?gfcMus=0DQHE7G5EMXE
Crash - Fit For Rivals	http://guitarflash.me/?gfcMus=HDFI4RLYU992
luffy fierce attack - ONE PIECE  METAL	http://guitarflash.me/?gfcMus=M6B0A6GADELN
Summer Boredom - Sidney600	http://guitarflash.me/?gfcMus=6CBFO4F5ORHW
Solo - Born To Lead - Falling In Reverse	http://guitarflash.me/?gfcMus=X9WF70DBXRFF
Silent Genocide - I Am I	http://guitarflash.me/?gfcMus=1ECMYALFAKCO
Demonheart - Luca Turilli	http://guitarflash.me/?gfcMus=9VDBVQM0J0H0
We Are One - Buckethead	http://guitarflash.me/?gfcMus=QC8USEG7XPKT
Cry of the Brave - Dragonforce	http://guitarflash.me/?gfcMus=7WGCXA2S015T
Master Of The Universe - Angus McSix	http://guitarflash.me/?gfcMus=XFP5NKNBD6YF
The Drug In Me Is You - Falling In Reverse	http://guitarflash.me/?gfcMus=ELT0H45LDO1F
Angel of Death - Slayer	http://guitarflash.me/?gfcMus=8IQE235WGE3V
Bloodmeat - Protest The Hero	http://guitarflash.me/?gfcMus=4M1ILPFMNID0
In Regards To Myself - Underoath	http://guitarflash.me/?gfcMus=L7D7CXC3MK95
My Apocalipse - Escape The Fate	http://guitarflash.me/?gfcMus=UAECIW83OBDW
Ring of Fire - DragonForce	http://guitarflash.me/?gfcMus=EQSUV4LWB0JL
Wait - Beatles	http://guitarflash.me/?gfcMus=WSWUTBPEBLXR
Pedih - Last child	http://guitarflash.me/?gfcMus=929CQE49NUB5
91 Days Opening - TK from Ling Tosite Sigure	http://guitarflash.me/?gfcMus=90Q26HO8U7KI
Kick Buttowski - Abel Baca Perez	http://guitarflash.me/?gfcMus=GOMBI19OS681
HeadBanger  - BABYMETAL	http://guitarflash.me/?gfcMus=J8J11KGSCT80
Sugar - System of a Down	http://guitarflash.me/?gfcMus=KA462252L6YM
Temple of the temple - Exilelord	http://guitarflash.me/?gfcMus=W7ID4WUE7BNX
The Rising Sun - Shinsuke Nakamura [WWE Theme	http://guitarflash.me/?gfcMus=TK10VN6JEVL9
Constant Motion Solo Uber Chart - dream theat	http://guitarflash.me/?gfcMus=YFLX28CFHENB
Joker and the Thief - Wolfmother	http://guitarflash.me/?gfcMus=AJ0EJ3TX37IV
Ya lo veia Venir - Moderatto	http://guitarflash.me/?gfcMus=RL7LMSJ4QR9H
Paschendale - Iron Maiden	http://guitarflash.me/?gfcMus=RQDCLBUOG72U
The Washing Away Of Wrong - John 5	http://guitarflash.me/?gfcMus=1R3YFJUE342K
Bombtrack - Rage Against The Machine	http://guitarflash.me/?gfcMus=X7CLCI1T2A12
The Hum - Dimitri Vegas & Like Mike vs Ummet	http://guitarflash.me/?gfcMus=8S1X9YW9G3PW
Attitude To Life - Galneryus	http://guitarflash.me/?gfcMus=7G9JENMXUHND
Alone - Marshmello	http://guitarflash.me/?gfcMus=7RMNB6C2R29S
Maldito Sea Tu Nombre - Angeles Del Infierno	http://guitarflash.me/?gfcMus=60AOCRDH3BT3
The Werewolf of Westeria (partDVD) - John5	http://guitarflash.me/?gfcMus=DF3YBC92R86S
Dead!  - My Chemical Romance	http://guitarflash.me/?gfcMus=SJBKTQ54FQ8U
Thalles Roberto - Daniel ft. Fernandinho - FE	http://guitarflash.me/?gfcMus=UM6FT1DW5PKU
A Moment In Time - Mike Orlando	http://guitarflash.me/?gfcMus=SNNG8HC7WV00
Dehumanized - Symphony X	http://guitarflash.me/?gfcMus=YEQ80VYRSGM3
Amazing Break - Terraspex	http://guitarflash.me/?gfcMus=ESKL8C4SJSK5
Only My Railgun - Fripside	http://guitarflash.me/?gfcMus=JS689H162B4D
Clube dos Canalhas - Matanza	http://guitarflash.me/?gfcMus=MB9YXOI8C73H
40oz - Polyphia	http://guitarflash.me/?gfcMus=G5UYGH8U0K1I
Solo - The Flame Of Youth - Dragonforce	http://guitarflash.me/?gfcMus=GNQ0G7S2OI73
Brother - Falling In Reverse	http://guitarflash.me/?gfcMus=9VDAYICUXR50
Thunderstruck - AC/DC	http://guitarflash.me/?gfcMus=5Q94Y1AIFTIE
NO JUGAR - Arreglando	http://guitarflash.me/?gfcMus=B2OJJUYYML3X
Hikari E - ONE PIECE	http://guitarflash.me/?gfcMus=DUHR4FOO2Q9F
Synthetic Division  - Schmutz06	http://guitarflash.me/?gfcMus=5DELSM0TCQTD
Mercury City - Schmutz06	http://guitarflash.me/?gfcMus=AFQ11H0CAH24
Helena - The Misfits	http://guitarflash.me/?gfcMus=MN6ANFSYAQFJ
Watching Us Die Tonight - Bullet For My Valen	http://guitarflash.me/?gfcMus=6TH0PNNRTCY2
Stratofortress - Stratovarius	http://guitarflash.me/?gfcMus=H3XUEV88N207
Como Tudo Deve Ser - Charlie Brown jr	http://guitarflash.me/?gfcMus=95LE75H9CWRX
The Butcher - Rusty Cooley	http://guitarflash.me/?gfcMus=YWLG0U00AISB
Zelda Dubstep - ManausGF	http://guitarflash.me/?gfcMus=N8I6BKV5KJ1M
M@GICAL CURE LOVE SHOT - SAWTOWNE ft. Hatsune	http://guitarflash.me/?gfcMus=540EKTY81WJA
Crimson and Clover  - Joan Jett	http://guitarflash.me/?gfcMus=0RBGIQ3F23DT
Hard To See - Five Finger Death Punch	http://guitarflash.me/?gfcMus=1UHR5CWY7CHR
Descalza - voragyne	http://guitarflash.me/?gfcMus=D29F9PN73W5S
Shura Nerfed - Does	http://guitarflash.me/?gfcMus=VM6SRAJP4WQ5
Ich Tu Dir Weh - Rammstein	http://guitarflash.me/?gfcMus=PU88L98155F6
Carolyn - Black Veil Brides	http://guitarflash.me/?gfcMus=YD4ENKV3O583
Dragon Ball Super - Charlie Parra	http://guitarflash.me/?gfcMus=S0KTTGW4FMO2
El Hombre Morado - iTownGamePlay	http://guitarflash.me/?gfcMus=RISY11NFSGHX
The Ancestry - Edu Falaschi	http://guitarflash.me/?gfcMus=Q5C02R5S1SEC
Inverted - XxNicxX11	http://guitarflash.me/?gfcMus=51G5UD5GEPHN
Demonstration 2 (part. 1) - Jani Liimatainen	http://guitarflash.me/?gfcMus=A724OT5GB4US
Shokwave metralha - Felipe	http://guitarflash.me/?gfcMus=6MNSDKGO654Y
I Cant Play The Blues - Bumblefoot	http://guitarflash.me/?gfcMus=LE404ERALUSG
Destiny - Stratovarius	http://guitarflash.me/?gfcMus=VUNLMYS8WSBM
Destruction Armageddon - Void222x	http://guitarflash.me/?gfcMus=KSWHRYBSG4HT
Perpetual - Yngwie Malmsteen	http://guitarflash.me/?gfcMus=0QD88LH7P4CU
This Is My Rifle - Jhon 5	http://guitarflash.me/?gfcMus=VS2UI7A5T0W9
Image-Material (version 0) - Tatsh	http://guitarflash.me/?gfcMus=NEL6HG23877X
Hell - Slaughter To Prevail	http://guitarflash.me/?gfcMus=A75L25RQRO6K
Black Hearted Soul - Angra	http://guitarflash.me/?gfcMus=8KJXE27RV14R
Desmeon - Hellcat [NCS Release]	http://guitarflash.me/?gfcMus=CBYO9BUK9KOJ
Wake me Up When September Ends - Green Day	http://guitarflash.me/?gfcMus=IRKVN5EUD8PF
Pacman Wizard - Schmutz06	http://guitarflash.me/?gfcMus=XFXW2BNTJLWY
Hiryu no Kishi - True	http://guitarflash.me/?gfcMus=KBXWYV4YHKNT
Proving Grounds - Attila	http://guitarflash.me/?gfcMus=YPPJEP4C65YT
Feel Good Inc. - Gorillaz	http://guitarflash.me/?gfcMus=SOQTC9EVCYB4
Choke Sermon - Lamb Of God	http://guitarflash.me/?gfcMus=VM6OIRX44FQH
Naruto Shippuden Ultimate Ninja 5  - No Artis	http://guitarflash.me/?gfcMus=HJCF9HXPL8R7
Keine Lust - Rammstein	http://guitarflash.me/?gfcMus=C8ID9YUK3ILL
War Eternal - Arch Enemy	http://guitarflash.me/?gfcMus=U4J2SIPILUT6
Dragonforce - Scars of Yesterday [www.slider.	http://guitarflash.me/?gfcMus=4OPW6SQVETRR
Devils Hole Girls And The Big Revolution - Ro	http://guitarflash.me/?gfcMus=C3F00U1RFSR1
Enigma - TheEruptionOffer, Sidney600, And Gam	http://guitarflash.me/?gfcMus=845DJGIAYVCR
Canon Rock DBZ - Jerry C	http://guitarflash.me/?gfcMus=YUW1IIEMXY3J
Sweet Victory - David Glen Eisley	http://guitarflash.me/?gfcMus=BQL6OFEAXUQP
PRAY - Satsuriku No Tenshi	http://guitarflash.me/?gfcMus=QH6UAE3E3YQM
Moving On (Acoustic) - Asking Alexandria	http://guitarflash.me/?gfcMus=WQBRKIVKTX74
Laichzeit - Rammstein	http://guitarflash.me/?gfcMus=RCSFC8SN06BE
Intro & Sketch In Black And White - Eyes Set	http://guitarflash.me/?gfcMus=4NRQNE02UHRS
Beat It - Fall Out Boy	http://guitarflash.me/?gfcMus=TYHOM5LKDWOL
Bitter Sweet Symphony - The Verve	http://guitarflash.me/?gfcMus=VI1OPJL9EF9I
Take On Me Meets Metal - Eric Calderone	http://guitarflash.me/?gfcMus=60D7NBAW54HT
Unsympathetic Intellect - Rings Of Saturn	http://guitarflash.me/?gfcMus=2BGRC036K9NO
Someone, Somewhere - Asking Alexandria	http://guitarflash.me/?gfcMus=9IL34FJK5C43
Mr. Torture - Helloween	http://guitarflash.me/?gfcMus=TQUGKA559H4N
Cult Of Personality - Living Colour	http://guitarflash.me/?gfcMus=LQUD1IRGM7H0
A Pillow Of Winds - Pink Floyd	http://guitarflash.me/?gfcMus=LYMWUHFI84PP
Father To Son - Queen	http://guitarflash.me/?gfcMus=DGYIAOGT99ID
Chozetsu Dymanic - Adrian Barba	http://guitarflash.me/?gfcMus=JAAWW8OH5Y9H
Solos - Varias Bandas	http://guitarflash.me/?gfcMus=7N5F3J8HDN6U
Warriors Of The World United - Manowar	http://guitarflash.me/?gfcMus=2ARAGLGGFNL9
Throes of Perdition - Trivium	http://guitarflash.me/?gfcMus=AML6K3M6Q898
Temper Temper - Bullet For My Valentine	http://guitarflash.me/?gfcMus=L5N8PK802R7M
Rupture - Plini	http://guitarflash.me/?gfcMus=137GJI1ORCDF
( Shingeki no Kyojin Ending 2 ) - Great Escap	http://guitarflash.me/?gfcMus=6NK1PHQRWWRW
hangar treino	http://guitarflash.me/?gfcMus=LIG4EMPJHCV9
Desafio Max - Felipe Araujo	http://guitarflash.me/?gfcMus=7JRPSS692G3B
The Neverending Sigh - Foo Fighters	http://guitarflash.me/?gfcMus=RN5NUXYGUTLS
Sweep Triple Speed  - Nitro	http://guitarflash.me/?gfcMus=RAAXOA7Q0LV6
Breed - Nirvana	http://guitarflash.me/?gfcMus=6GMGN12W51X2
Closer To The Edge - 30 seconds to mars	http://guitarflash.me/?gfcMus=RS3HBO4N8WRY
BLEED - SANTO BEATS	http://guitarflash.me/?gfcMus=3XLEALXBO3MB
Burnt Ice - Megadeth	http://guitarflash.me/?gfcMus=RRE6IAOSA9D7
Metallica - No Leaf Clover [Official Music Vi	http://guitarflash.me/?gfcMus=MAJKS0RWYA22
Need Money for Beer - Tankard	http://guitarflash.me/?gfcMus=CPH1EDDVHC39
Against My Tide - Divide Music Ft. Sinewave F	http://guitarflash.me/?gfcMus=64P5VJ3ASOW0
Take Flight - Lindsey Stirling	http://guitarflash.me/?gfcMus=KNRU20LUQ6O4
High School DxD BorN Opening EDITADA - ChouCh	http://guitarflash.me/?gfcMus=2QYU2Q557SQ3
The Treeman - Buckethead	http://guitarflash.me/?gfcMus=EHJQNHGJXUWN
Conflict - Disturbed	http://guitarflash.me/?gfcMus=L24534J4MHSN
Cosmic Embassy - TSMB2	http://guitarflash.me/?gfcMus=JVRS98CDX6U3
Phantoms - Every Man Is An Island	http://guitarflash.me/?gfcMus=HHOTRVVBGJ2S
For Mom - Buckethead	http://guitarflash.me/?gfcMus=MI7JXDH7OB9C
Dark Wings Of Steel - Rhapsody Of Fire	http://guitarflash.me/?gfcMus=Q09TP435RGWE
Skin - Bullet For My Valentine	http://guitarflash.me/?gfcMus=TNMQYFNMHO0M
Changes Final - Mike Orlando	http://guitarflash.me/?gfcMus=5904DM0V14DG
Axes Of War - Exmortus	http://guitarflash.me/?gfcMus=ALQGHQ8I2981
Satsugai - Detroit Metal City	http://guitarflash.me/?gfcMus=LE4596N18J44
Jordan Pack - Buckethead	http://guitarflash.me/?gfcMus=69T1DG4O4GQB
Here It Goes Again - Ok Go	http://guitarflash.me/?gfcMus=VDN3KKFRPWHM
As A Butterfly - Dead By April	http://guitarflash.me/?gfcMus=A8U21A3CC2VY
Defy The Machine  - Tommi Inkila	http://guitarflash.me/?gfcMus=J2NU154SM917
Violent Pornography - System of a Down	http://guitarflash.me/?gfcMus=YDVM9TWLIQ9J
Déjà Vu - Blessthefall	http://guitarflash.me/?gfcMus=7RFU073F0FY9
Search And Destroy - Emanuel	http://guitarflash.me/?gfcMus=0POPFYKCYAYG
Random Drops - Random	http://guitarflash.me/?gfcMus=AO7YHBOI1HBL
Hey There Mr. Brooks - Asking Alexandria	http://guitarflash.me/?gfcMus=G2JN8RJGQPK3
Eres Todo Para Mi - 6 voltios	http://guitarflash.me/?gfcMus=1XY5GY8FSO8C
Hard Rock Hallelujah - Lordi	http://guitarflash.me/?gfcMus=9NOCOM7TE6KO
Cancrum Oris - Viraemia	http://guitarflash.me/?gfcMus=JWGB04JDA7KH
Caer  - Tragico Ballet	http://guitarflash.me/?gfcMus=D5T3XF5XCO7H
Kizuna - Galneryus	http://guitarflash.me/?gfcMus=0B0LGRIL7P8V
Molinos de Viento - Mago de Oz	http://guitarflash.me/?gfcMus=MNAUC2QQ5LFX
Linkin Park - Easier To Run	http://guitarflash.me/?gfcMus=6BE1BYN16USB
Dash - Theodore Ziras	http://guitarflash.me/?gfcMus=68U3RI51XH2Y
Animal I Have Become - Three Days Grace	http://guitarflash.me/?gfcMus=BWMCAYL6R190
Solo de guitarra de Purohueso - Puro Hueso	http://guitarflash.me/?gfcMus=D9WDILT8MIO3
No More - Dragonforce	http://guitarflash.me/?gfcMus=QJU9UIENTA5E
Slayer - Schmutz06	http://guitarflash.me/?gfcMus=RS707TH5WC3E
Uki Uki Nightmare - Babymetal	http://guitarflash.me/?gfcMus=GPEK1JKB8YLH
Ikana Castle - Artificial Fear	http://guitarflash.me/?gfcMus=EE2IFUCXJGTP
The Werewolf Of Westeria - John5	http://guitarflash.me/?gfcMus=WK8VM6A96S2G
Noche Acosador - John 5	http://guitarflash.me/?gfcMus=EETLX37K647J
eX Dream - X	http://guitarflash.me/?gfcMus=WK9MSG9Y77DT
Symphonic Synth - MoosieHD	http://guitarflash.me/?gfcMus=R2R9IK4SKLNN
Harvest of Hate - Argos	http://guitarflash.me/?gfcMus=BIYSHS149PU5
Stay Together For the Kids - Blink-182	http://guitarflash.me/?gfcMus=UBD89DMHOTDA
Solos - Syu	http://guitarflash.me/?gfcMus=A0D26DETR1AU
Open Your Eyes - Alter Bridge	http://guitarflash.me/?gfcMus=6OAHLVDH2ITC
[Shokugeki no soma] Kibou no Uta - Ultra Towe	http://guitarflash.me/?gfcMus=6HFD0I1S6YY8
Battle Storm - Infamous Colin	http://guitarflash.me/?gfcMus=2U8CTUKC017H
Flight of the Bumblebee Guitar Solo - Dream T	http://guitarflash.me/?gfcMus=V9JUWM2M1BC0
Dead Bury Their Dead - Arch Enemy	http://guitarflash.me/?gfcMus=P4RJRGEXYTNF
Like A Sword Over Damocles - Trivium	http://guitarflash.me/?gfcMus=78QO5WD49KQ7
Sad Statue - SOAD	http://guitarflash.me/?gfcMus=FIUHDIT50UC1
Scars - I Prevail	http://guitarflash.me/?gfcMus=JUYRLG21HY59
My Immortal - Evanescence	http://guitarflash.me/?gfcMus=XSPYQMLDRBM8
Ilusi 2 - D Flowers	http://guitarflash.me/?gfcMus=TAR2Q1717NMY
Revenga - System Of A Down	http://guitarflash.me/?gfcMus=TGN7T89WB1HR
Carry On - Angra	http://guitarflash.me/?gfcMus=KJD5OIUR17WK
Shot Me Down - David Guetta	http://guitarflash.me/?gfcMus=YOVPNFL54ALM
Thank You Pain - The Agonist	http://guitarflash.me/?gfcMus=L1BBFLQRYF3H
Three Hammers - DragonForce	http://guitarflash.me/?gfcMus=371CQGNHG3VR
Beija - Flor - Cacife Clandestino	http://guitarflash.me/?gfcMus=U1597HDTVD30
[Magi The Labyrinth Of Magic] The Bravery - s	http://guitarflash.me/?gfcMus=LGN625QOGEU3
Talvez - Suricato	http://guitarflash.me/?gfcMus=QKO2LSWUV5IL
Guillotine IV (The Final Chapter) - Falling I	http://guitarflash.me/?gfcMus=5XX7EPCAK4EC
The Final Countdown - Europe	http://guitarflash.me/?gfcMus=BPRDUD58H8PI
cancion de La Hoguera  - Bob Esponja	http://guitarflash.me/?gfcMus=39OVEK5MDCX6
I, The Creator - Oceans Ate Alaska	http://guitarflash.me/?gfcMus=1AVB2PBBJAWR
Back In The Day - Megadeth	http://guitarflash.me/?gfcMus=N5Y5ILRIBPBN
Enemies - Shinedown	http://guitarflash.me/?gfcMus=J9DSUMOUTG97
Replica - Fear Factory	http://guitarflash.me/?gfcMus=E4LNPPI7K4K8
Scar Tissue - Red Hot Chilli Peppers	http://guitarflash.me/?gfcMus=7RIHJALG2PMN
quad - quad	http://guitarflash.me/?gfcMus=6GGAXD3J2R5W
Im Shipping Up To Boston - Dropkick Murphys	http://guitarflash.me/?gfcMus=2QYPYPY90V2G
It´s My Life - Bon Jovi	http://guitarflash.me/?gfcMus=KYXUER0P2G0P
Zoidberg The Cowboy - Schmutz06	http://guitarflash.me/?gfcMus=OR132NJD6SXV
Murder City - Green Day	http://guitarflash.me/?gfcMus=S1IV4C2BYHOD
Novae Ruptis - Keep of Kalessin	http://guitarflash.me/?gfcMus=2QV9FVW8PQFO
Nao Deixe O Mar Te Engolir - Charlie Brown Jr	http://guitarflash.me/?gfcMus=01N8RBH2QDMT
Bendera - Cokelat	http://guitarflash.me/?gfcMus=V5Y6BOAR6BXB
Dystopia - Megadeth	http://guitarflash.me/?gfcMus=X23EWWC4GH8Y
Sweating Bullets - Megadeth	http://guitarflash.me/?gfcMus=8TS1OG20OYEP
I Need Your Love - Calvin Harris	http://guitarflash.me/?gfcMus=A9T4VROLJIJY
Painkiller - Three Days Grace	http://guitarflash.me/?gfcMus=3QNRDOO7RQ4G
The Nameless - Slipknot	http://guitarflash.me/?gfcMus=VY8A8WJ3RSPB
In Diying Days - As Blood Runs Black	http://guitarflash.me/?gfcMus=WA0RFJ5USMFI
Man on the Silver Mountain - HammerFall	http://guitarflash.me/?gfcMus=9V9Q65O8N5HL
Kissing The Shadows - Children Of Bodom	http://guitarflash.me/?gfcMus=0KESOKI6IJIY
Solo And Justice For Al - Albertto Lopezz GF	http://guitarflash.me/?gfcMus=E2WEBD3OFII4
Waiting For The Night - Ghost B.C	http://guitarflash.me/?gfcMus=SASSWB6R83YC
(I Used To Make Out With) Medusa - Bring Me T	http://guitarflash.me/?gfcMus=B3FWOJPA0J4D
Abracadavre - Elena Siegman	http://guitarflash.me/?gfcMus=C2FC6UDITN4B
Rising Sun - Kingdom Hearts	http://guitarflash.me/?gfcMus=G97TCEPR9VS1
The Fallout - Crown The Empire	http://guitarflash.me/?gfcMus=AD4EMNNSKK0Q
Abandonned Pleased Brainwashed Exploited - So	http://guitarflash.me/?gfcMus=55QKUSO9G9W3
Time Requiem - Brutal Mentor	http://guitarflash.me/?gfcMus=ENBLP977CD4N
Breathing New Life - Damageplan	http://guitarflash.me/?gfcMus=J1SG8KRQQX1A
·LUIS DE LILLE·-La Fantástica Aventura - LUIS	http://guitarflash.me/?gfcMus=YB5L5N3BP48D
Link Park - New Devide	http://guitarflash.me/?gfcMus=SBOBXE3E4V0W
Pai De Familia Tema Completo - Jailson Mendes	http://guitarflash.me/?gfcMus=MRMOEHND8GJG
Suite-Pee - System Of A Down	http://guitarflash.me/?gfcMus=CCXRXA04MG1I
Forsaken - Dream Theater	http://guitarflash.me/?gfcMus=AO1WEE3GO11F
Hey Brother - Avicii	http://guitarflash.me/?gfcMus=M5DX1AC3TKKC
A Prophecy - Asking Alexandria	http://guitarflash.me/?gfcMus=RB0IV04WKFL8
Speed Fucks - Charlie Parra	http://guitarflash.me/?gfcMus=8BWULQBWS4JI
This Means War - Avenged Sevenfold	http://guitarflash.me/?gfcMus=X17VUTFGKO8D
Daddy Discord - DBpony	http://guitarflash.me/?gfcMus=DSN8OOWY7BKI
Lithium - Evanescence	http://guitarflash.me/?gfcMus=4H2SSWE0NBJT
A Musica mais facil do mundo - Felixtbs	http://guitarflash.me/?gfcMus=4KH5NPY91SBQ
Polyhymnia - Scout McMillan	http://guitarflash.me/?gfcMus=H84LDDJSEHSK
Cant Stop - Red Hot Chili Peppers	http://guitarflash.me/?gfcMus=JYBPSOUE6JLF
Sweet Victory - Sponge Bob Square Pants	http://guitarflash.me/?gfcMus=VHY9PAYBRV9E
Garnachas - Vete A La Versh	http://guitarflash.me/?gfcMus=EYCFDVJBD4G5
Go! Ryukendo - Ryukendo	http://guitarflash.me/?gfcMus=N6VDSQDQNPBL
Eruption - Van Halen	http://guitarflash.me/?gfcMus=ARO6QYS3FUEJ
Where The Light Was Born - Bornholm	http://guitarflash.me/?gfcMus=QFK3C602TPOA
Luka kita - Marjinal	http://guitarflash.me/?gfcMus=DF283AKGC26F
Fences - Paramore	http://guitarflash.me/?gfcMus=JKLHLX61EHV7
Evil - NightKilla	http://guitarflash.me/?gfcMus=S39460MQ6H26
I Am The Enemy - Sepultura	http://guitarflash.me/?gfcMus=6K2UCB7GOYDY
She Will Be Loved - Maroon 5	http://guitarflash.me/?gfcMus=GTXDF77LUM06
Hells Bells - AC/DC	http://guitarflash.me/?gfcMus=M6DMU90BFP82
Canción Del Final De Los Vídeos (Voz) - El Ru	http://guitarflash.me/?gfcMus=H7BMJ3UQ5PRP
Animals - Martin Garrix	http://guitarflash.me/?gfcMus=0CWONVWXCSL7
This Is War - 30 Seconds To Mars	http://guitarflash.me/?gfcMus=MWXK8MEE30NX
Pillars Of Serpents - Trivium	http://guitarflash.me/?gfcMus=W5UWR3OQOCA7
Canon Rock - Sungha Jung	http://guitarflash.me/?gfcMus=8T2OE9VYHH1A
La excepcion - Gustavo Cerati	http://guitarflash.me/?gfcMus=YYATNP14FMU2
Deathroll - Wage War	http://guitarflash.me/?gfcMus=8PL6HF5TX2LP
Still Waiting - Sum 41	http://guitarflash.me/?gfcMus=63RYC4CH9DW1
Gimme Chocolate  - DragonForce y BabyMetal	http://guitarflash.me/?gfcMus=71VRJSHG57VQ
Deadly Weapons (Feat. Craig Mabbitt Of Escape	http://guitarflash.me/?gfcMus=MWT6I9WN0AN6
Unchain The Rain - Altaria	http://guitarflash.me/?gfcMus=VG2VADHCT6WS
The Metro - System Of A Down	http://guitarflash.me/?gfcMus=VJP6LX7YK0BW
Madness March 2 - Schmutz06	http://guitarflash.me/?gfcMus=VXFFN5GMIIO5
TODO EL TUTORIAL DE MINECRAFT EN SOLO 2 MINUT	http://guitarflash.me/?gfcMus=ELORA6ENTB2M
Chaoz Fantasy - Paragon X9	http://guitarflash.me/?gfcMus=9XVGDNW66QJY
Luces Sobre Bagdad - el noi del sucre	http://guitarflash.me/?gfcMus=5DCWITLDIR60
Fight Fire With Fire - Metallica	http://guitarflash.me/?gfcMus=JLED4XKM809D
The Temple of Hate - Angra	http://guitarflash.me/?gfcMus=J009JJ2EIKBT
Valley of the Damned - DragonForce	http://guitarflash.me/?gfcMus=6U7KULU30E04
YYZ  - Rush	http://guitarflash.me/?gfcMus=9K8RDPGD1PTH
The Sinner - Memphis May Fire	http://guitarflash.me/?gfcMus=CDMAQWWYD9EW
Psycho Holiday - Pantera	http://guitarflash.me/?gfcMus=26EJ9M53J86Q
vodka and roll - mago de oz	http://guitarflash.me/?gfcMus=Q5B1Y0GXM0QC
Mueve el Toto - Abel Baca Perez	http://guitarflash.me/?gfcMus=9Q0ITBQDH5DH
Hearts Burst Into Fire - Bullet For My Valent	http://guitarflash.me/?gfcMus=VO0B61AFYDF1
YEE - Dinosauri	http://guitarflash.me/?gfcMus=T5PUKWJ3QVH1
Do It Now Remember It Later - Sleeping With S	http://guitarflash.me/?gfcMus=39N2W0UFXNX5
Farewell II Flesh - Ice Nine Kills	http://guitarflash.me/?gfcMus=7I5VDQDPKD1A
Mischiefs Of Metal Gods - Kami Band	http://guitarflash.me/?gfcMus=NB0FEOK05ESK
Moonrise - The L-Train	http://guitarflash.me/?gfcMus=OX1ILOIEDDSS
Die in a Fire - The Living Tombstone	http://guitarflash.me/?gfcMus=I05EBFS08VYY
A Little Piece of Heaven - Avenged Sevenfold	http://guitarflash.me/?gfcMus=C2FB9M3D8FRB
Utopia 150% speed - Schmutz06	http://guitarflash.me/?gfcMus=WCB3DTQFOY1M
Back In The Day - Megadeth	http://guitarflash.me/?gfcMus=T0K0WG3YMKCP
Midnight at Wandering - Metal Slug 3	http://guitarflash.me/?gfcMus=J1OULPJUAUOV
Almost Easy SOLO Expert - Avenged Sevenfold	http://guitarflash.me/?gfcMus=FUQ2WX57W0DP
The Spirit Carries On - Dream Theater	http://guitarflash.me/?gfcMus=MD4CQ9T98I4E
El Ultimo Vals - Saratoga	http://guitarflash.me/?gfcMus=3I0M6BS2TR8I
Ignorance - Paramore	http://guitarflash.me/?gfcMus=W88S5TVU6G2D
Upside Down Kingdom - As I Lay Dying	http://guitarflash.me/?gfcMus=KW7XLVHVO4L8
Foreclosure of a Dream - Megadeth	http://guitarflash.me/?gfcMus=1ATMO580AJLD
Fashionably Late - Falling In Reverse	http://guitarflash.me/?gfcMus=282UHF5UUAVU
To My Father - Paulo Schroeber	http://guitarflash.me/?gfcMus=A8WRC3HR71JD
Smokahontas - Attack Attack!	http://guitarflash.me/?gfcMus=SOI4VRPJRSOK
Master Of Puppets - Metallica	http://guitarflash.me/?gfcMus=N9JT5KJE6OPC
The Binding of Isaac Guitar Medley - Familyju	http://guitarflash.me/?gfcMus=CUNU4LKU0FWK
Ten Thousand Feet - I See Stars	http://guitarflash.me/?gfcMus=6YMUD44VXM4E
Painkiller - Three Days Grace	http://guitarflash.me/?gfcMus=FAG8QMR8U0RA
Orange Orange - ASTERISK	http://guitarflash.me/?gfcMus=KMXUBGMMV6BA
Cousins - Vampire Weekend	http://guitarflash.me/?gfcMus=AWRG8DRIAW85
Save Me - Burn Halo	http://guitarflash.me/?gfcMus=0EKA5HYBGHBK
Skrillex - Levels - ManausGF	http://guitarflash.me/?gfcMus=QJ286Q4BE2GK
Impulse - An Endless Sporadic	http://guitarflash.me/?gfcMus=H7848IWB3W4Y
Wasp (Feat. Dessa Poljak Of Silencio) - Motio	http://guitarflash.me/?gfcMus=UP01UHIYRXRQ
War of the Angels - Rusty Cooley	http://guitarflash.me/?gfcMus=8JNFCYA40837
Mi Corazón Encantado - Dragon Ball GT	http://guitarflash.me/?gfcMus=QRJ4DOO9L8OP
The Twisted Nails Of Faith - Cradle Of Filth	http://guitarflash.me/?gfcMus=C7MU7VXX6PK1
HOLD THE LINE - TOTO	http://guitarflash.me/?gfcMus=DYPBO1O62EET
20th Century Boy - Buckethead	http://guitarflash.me/?gfcMus=VG4LK6VRN5K7
Cagayake! Girls - Ho-kago Tea Time	http://guitarflash.me/?gfcMus=YO4N56QIHM8S
Dark Matter Pack - Adriano Hipy	http://guitarflash.me/?gfcMus=FH2MRQPOQKBU
Vamos Fazer Festa - Tche Garotos	http://guitarflash.me/?gfcMus=GUMO8LMGSAEX
Punk vs Metal - Charlie Parra	http://guitarflash.me/?gfcMus=OUIJ8RE4XKDG
Reach Equilibrium - Xenogenocide	http://guitarflash.me/?gfcMus=Q4JWJIB7E51I
Bring Me The Night - Overkill	http://guitarflash.me/?gfcMus=8M997GNLUPHJ
MALANDRAMENTE - MC NEGO BAM	http://guitarflash.me/?gfcMus=WKAKXYNP1QPT
Vagabundo o que PACK - Adriano Hipy	http://guitarflash.me/?gfcMus=GWAAP6OUXY4C
Reverse Situation - Naruto Shippuden	http://guitarflash.me/?gfcMus=XGU4F8XWADLX
Suzumiya Haruhi no Yuuutsu Opening 2 - Aya Hi	http://guitarflash.me/?gfcMus=ILS9F3PHXA72
Solo Fury Of The Storm Overcharted - Adriano	http://guitarflash.me/?gfcMus=NQGTSM9IW08L
The Momentum - Torchbearer	http://guitarflash.me/?gfcMus=DCJ2O51543QG
Fletcher The Mouse - Electrocution 250	http://guitarflash.me/?gfcMus=OST5NO4U89YP
Lake of Fire - Nirvana (UR)	http://guitarflash.me/?gfcMus=1W3NB4LWH3JR
Utopia 125 ending - No Artist Set	http://guitarflash.me/?gfcMus=GYUGNWO8RI7Y
Im Not A Vampire - Falling In Reverse	http://guitarflash.me/?gfcMus=9HPK53BRMBQI
3999 Ode to Insanity - Callum Whyte	http://guitarflash.me/?gfcMus=A65X854I6JIU
Dominion - Rusty Cooley	http://guitarflash.me/?gfcMus=4F9VDNQ98KUN
St. James - Avenged Sevenfold	http://guitarflash.me/?gfcMus=8Y34IUA2CNIU
Children Of A Faceless God - Symphony X	http://guitarflash.me/?gfcMus=3SADDG1ENMU6
Quem é que transa nessa porra - ManausGF	http://guitarflash.me/?gfcMus=KTRDTK6HX8IN
Highway Star - Deep Purple	http://guitarflash.me/?gfcMus=Y4DW5VIIIIO1
Bumblefoot Solo Medley (CTH3) - Bumblefoot	http://guitarflash.me/?gfcMus=GPEFVROKM99T
Renegade - Metallicais1337	http://guitarflash.me/?gfcMus=DMOF7WRRU8EC
Deceiver Of The Gods - Amon Amarth	http://guitarflash.me/?gfcMus=ARMNFEVND2QS
Black Diamond (Stratovarius Cover) - Galneryu	http://guitarflash.me/?gfcMus=CVGNUV32299R
The Dark Memories - Heavenly	http://guitarflash.me/?gfcMus=VIQ8008BD2MK
Sandstorm - Darude	http://guitarflash.me/?gfcMus=YO3O2F1N3UKS
Amazing - Aerosmith	http://guitarflash.me/?gfcMus=IU307TDWEQHE
INDONESIA Raya metal Version rytm - WR Suprat	http://guitarflash.me/?gfcMus=03E5MXPPIHOB
Something In The Way - Nirvana	http://guitarflash.me/?gfcMus=BQHMTA1S9FFA
Solos - Avenged Sevenfold	http://guitarflash.me/?gfcMus=50QVWG9VMHRV
Fury of the Storm ( Live ) - Dragonforce	http://guitarflash.me/?gfcMus=TICREK16THV5
heroes of War - GH III	http://guitarflash.me/?gfcMus=17BLGQKFOAI2
Santa Muerte  - Voodoo Zombie	http://guitarflash.me/?gfcMus=XV6FTYQ85AES
Guitar Solo SIN SP - Kerry King	http://guitarflash.me/?gfcMus=5Q364MB34U7V
World on Fire - Slash	http://guitarflash.me/?gfcMus=QEUI5G3V9UY7
Pegasus Fantasy - Make Up	http://guitarflash.me/?gfcMus=K1QQWREBWYDW
Wake Up - Black Veil Brides	http://guitarflash.me/?gfcMus=JQNPOB44GHD4
To End The Rapture - Avenged Sevenfold	http://guitarflash.me/?gfcMus=VFBMBGMR2X71
6000 Solo - Adriano Hipy	http://guitarflash.me/?gfcMus=J3HLXX2PINQF
No Game No Life Ending  - Ai Kayano	http://guitarflash.me/?gfcMus=8FE4NU1RDXBF
Violent Pornography - System Of A Down	http://guitarflash.me/?gfcMus=1Q41TMVQW5D8
Thunder And Lightning - Black Fast	http://guitarflash.me/?gfcMus=G45F8RBNFPBG
The Raising Fighting Spirit - Toshiro Masuda	http://guitarflash.me/?gfcMus=1AX0G9FLR195
Breathing - Yellowcard	http://guitarflash.me/?gfcMus=K37GEF1IV5FR
Waiting For Love - Avicii	http://guitarflash.me/?gfcMus=UI2FXK9UTL9V
Ungrateful - Escape The Fate	http://guitarflash.me/?gfcMus=MQRVKFEBRTI9
MrGregMurphys Revenge 2! - MrGregMurphys	http://guitarflash.me/?gfcMus=YU4VOX9JV223
Between The Hammer And The Anvil - Judas Prie	http://guitarflash.me/?gfcMus=6V3RQNFYICPF
Fearless - For Today	http://guitarflash.me/?gfcMus=C0TE2UFFXOPA
Avarice - Disturbed	http://guitarflash.me/?gfcMus=FB7EXTREUJG3
Planet of the Grapes - Berried Alive	http://guitarflash.me/?gfcMus=WBXWXYUOCYFH
Gate Of Triumph - Concerto Moon	http://guitarflash.me/?gfcMus=KWAD5PJWY99Y
Black Fire (Remastered 2009) - DragonForece	http://guitarflash.me/?gfcMus=6TIV2PH8GGM3
Dragon Ball GT - Sorriso Resplandescente	http://guitarflash.me/?gfcMus=HFW3FNDG8P0A
Midi Madness - Sidney600	http://guitarflash.me/?gfcMus=2YE5MUG7XVNT
Desafio 1 - Felipe araujo	http://guitarflash.me/?gfcMus=CHY8Y4OC2UU3
THE HERO - One Punch Man	http://guitarflash.me/?gfcMus=YT47UYKAAWED
Naruto Opening 7	http://guitarflash.me/?gfcMus=1DEMMMQDCXND
Hysteria - Muse	http://guitarflash.me/?gfcMus=CVFQMLXHTXAR
God Hates Us - Avenged Sevenfold	http://guitarflash.me/?gfcMus=7QHK1KD1HTSB
Texas Is Forever - Pierce The Veil	http://guitarflash.me/?gfcMus=7XLASN29CYFC
Blood And Thunder - Mastodon	http://guitarflash.me/?gfcMus=CHWJKKL1S4JO
St James - Avenged Sevenfold	http://guitarflash.me/?gfcMus=M8U135KWM9BN
Weasel Rock You - Iron Weasel	http://guitarflash.me/?gfcMus=DQW0N0CI1C7Q
Sad But True - Metallica	http://guitarflash.me/?gfcMus=4CV00WI5QF3H
White Walls - Between The Buried And Me	http://guitarflash.me/?gfcMus=KPFAGLHDNXQU
Amazing Street Guitar!!!! Mind Blowing! - Ama	http://guitarflash.me/?gfcMus=W6PNOWMOKQYE
The Enforcer - Masters Of Disguise	http://guitarflash.me/?gfcMus=RIVACC4U2452
Uta - Imperial Circus Dead Decadence	http://guitarflash.me/?gfcMus=BEIMP0NQ35RU
Beneath the Wheel - D.R.I.	http://guitarflash.me/?gfcMus=FPQD2EEOH0VI
Knives And Pens - Black Veil Brides	http://guitarflash.me/?gfcMus=A9S8HX4AHL8X
Endless Control ( Solo lml ) - Unlucky Morphe	http://guitarflash.me/?gfcMus=XML7I85LH2TK
Blood and Thunder - Mastodon	http://guitarflash.me/?gfcMus=S0UAJ0A2G0AY
Welcome To Violence - John 5	http://guitarflash.me/?gfcMus=L28DPHVYI94S
Drawing Days - Katekyo Hitman Reborn!	http://guitarflash.me/?gfcMus=J0U4OWLWEG0O
Speed Metal Symphony - Cacophony	http://guitarflash.me/?gfcMus=2YHQ9OP3EYY9
Boulevard Of Broken Dreams - Green Day	http://guitarflash.me/?gfcMus=F8KVRJ1G54EC
Lady Gaga - Peso Pluma	http://guitarflash.me/?gfcMus=GQDDHPN9S8X6
Kill Rock And Roll - System Of A Down	http://guitarflash.me/?gfcMus=1K597CATPIV2
Uber Juice - Schmutz06	http://guitarflash.me/?gfcMus=RCTBNAN4MAYF
My Plague - Slipknot	http://guitarflash.me/?gfcMus=P34Y74MOGC91
Linkin Park In The End Screamo  - Cover By Co	http://guitarflash.me/?gfcMus=6VYI73TY1D2A
Inferno - Marty Friedman	http://guitarflash.me/?gfcMus=D5RGH3CRO683
Eve Of Seduction - Symphony X	http://guitarflash.me/?gfcMus=OAX0EFX1ITSH
Lucid Collective Somnambulation - Archspire	http://guitarflash.me/?gfcMus=SHWN067SOSG0
Knockin On Heavens Door - Guns N Roses	http://guitarflash.me/?gfcMus=7QGQE0MQ1BAA
Naruto Shippuden Opening 3	http://guitarflash.me/?gfcMus=TOCY1492NODF
10th Man Down - Nightwish	http://guitarflash.me/?gfcMus=43E7599NYJHY
Not Gonna Die - Skillet	http://guitarflash.me/?gfcMus=9TM9X38FKXRU
Angel of Death - Slayer	http://guitarflash.me/?gfcMus=8KHAWQEK8I4E
Alerion - Asking Alexandria	http://guitarflash.me/?gfcMus=DW3MGQRC62NG
Tenacious d Vs Satanas - Tenacious d	http://guitarflash.me/?gfcMus=4QF72YVLR9TJ
Que te vaya Bien - Aterciopelados	http://guitarflash.me/?gfcMus=AGPYMFY0GFQG
Feels Like Forever - Of Mice & Men	http://guitarflash.me/?gfcMus=XRTCJRSY9SA0
Cinema [Guitar] - Skrillex	http://guitarflash.me/?gfcMus=KJGT33X2AX8Y
Know Your Enemy  - Green Day	http://guitarflash.me/?gfcMus=HMSW92DPJFUR
Pantalones Rotos (Voz) - Bob Esponja	http://guitarflash.me/?gfcMus=UPUW0U3HNTGL
Aftermath - The Ghost Inside	http://guitarflash.me/?gfcMus=2GO7O2H1KERF
Pantalones Rotos - Bob Esponja	http://guitarflash.me/?gfcMus=NNV01VLWGBH9
Freezepop - Adriano Hipy	http://guitarflash.me/?gfcMus=F9ME24YW7W23
Seasons - Dragonforce	http://guitarflash.me/?gfcMus=WSWMWTY9X8L4
Pelados em Santos - Mamonas Assassinas	http://guitarflash.me/?gfcMus=3HA74DQLUMU3
Wonderwall - Oasis	http://guitarflash.me/?gfcMus=RXEIBLRFO674
Megalovania - TobyFox	http://guitarflash.me/?gfcMus=PGNAEXVV3VCQ
Ravenous - Atreyu	http://guitarflash.me/?gfcMus=48FO3C81Y5NJ
Pull Harder Of The Strings Of Your Martyr - T	http://guitarflash.me/?gfcMus=PV5IQUEINK45
Treino Metralhas OverCharted - Adriano Hipy	http://guitarflash.me/?gfcMus=Q8P1L99N4MH5
Pump It Up - Antonio Vivaldi	http://guitarflash.me/?gfcMus=I8WWAXVRNCIO
Uma Arlinda Mulher - Mamonas Assassinas	http://guitarflash.me/?gfcMus=BPPJDSV21JQH
Emerald Sword - Rhapsody Of Fire	http://guitarflash.me/?gfcMus=1HQMOB407YRI
Satisfaction (I Cant Get No) - The Rolling St	http://guitarflash.me/?gfcMus=12A5INK2NOCI
Miss Murder - AFI	http://guitarflash.me/?gfcMus=PRU72Q471ABD
Pasen Y Beban L - Mago de oz	http://guitarflash.me/?gfcMus=ESFMGPT7MMXM
Another Way To Die - Disturbed	http://guitarflash.me/?gfcMus=ABEXNHB807AB
Tranzit | Carrion - Kevin Sherwood	http://guitarflash.me/?gfcMus=AGFKRC6CMIRI
Ta Rocheda - Barões da Pisadinha	http://guitarflash.me/?gfcMus=RKLQBHGFMHUH
Stormy Weather - The Kooks	http://guitarflash.me/?gfcMus=LE6SNQQCGAGH
Ashes of The Dawn - DragonForce	http://guitarflash.me/?gfcMus=8JK2MLSDWI4F
Cage The Elephant.mp3 - No Artist Set	http://guitarflash.me/?gfcMus=FIX0LA1PMVCR
Sword Art Online Meets Metal	http://guitarflash.me/?gfcMus=NWH6KXC5CV2I
Surfing with the Alien - Joe Satriani	http://guitarflash.me/?gfcMus=18C8F9ME30IS
Perpetual Burn - Jason Becker	http://guitarflash.me/?gfcMus=Q7YOB23LW54P
TROUBLES - Metea11	http://guitarflash.me/?gfcMus=HOI227DJPX8W
21 Guns - Green Day	http://guitarflash.me/?gfcMus=KKAEVVQ4YF9J
Zorra - Genitallica	http://guitarflash.me/?gfcMus=LE1JMCE5QHSP
Jingle Bells - Abel GF	http://guitarflash.me/?gfcMus=ANF15UPM0IAF
One FULL SOLO Expert - Metallica	http://guitarflash.me/?gfcMus=Y14H88NKVRVL
Youre Insane - Escape The Fate	http://guitarflash.me/?gfcMus=3XG8KHWLEJN6
Kingslayer (feat. BABYMETAL) - Bring Me The H	http://guitarflash.me/?gfcMus=F49R1WIAW7X8
Sink or Swim - Falling in Reverse	http://guitarflash.me/?gfcMus=UQJ54QE5GWOD
All The Young Dudes - Mott The Hoople	http://guitarflash.me/?gfcMus=G7L2E5NEYNQN
Solo cry metralha comum - Dragonforce	http://guitarflash.me/?gfcMus=2U4TXP7UBLV3
Once In A Lifetime - DragonForce	http://guitarflash.me/?gfcMus=W958F7X3AL2X
Ignorance - Paramore	http://guitarflash.me/?gfcMus=C2EGUTI27JGA
Dead Skin Mask - Slayer	http://guitarflash.me/?gfcMus=3QJ9IJBP2CS1
What Lies Ahead - Semblant	http://guitarflash.me/?gfcMus=A3X0PTVU0D17
Soul Of A Robot - John 5	http://guitarflash.me/?gfcMus=8X8GA0HOT56M
Wake Up To Reality - Xenogenocide	http://guitarflash.me/?gfcMus=NFDCRFR3MIKQ
Massacre - Escape The Fate	http://guitarflash.me/?gfcMus=JWELR3USU1K4
The Big Black - The Quick Brown Fox	http://guitarflash.me/?gfcMus=NTXAXQ49ORM6
Click Click Boom - Saliva	http://guitarflash.me/?gfcMus=FVTD89LM6N1T
[Black Clover] Black Catcher - Vicke Blanka	http://guitarflash.me/?gfcMus=PNFSEGYNHCVG
A Fools Paradise - Symphony X	http://guitarflash.me/?gfcMus=F58MAJ7HNWYW
Last Man Stands - Dragonforce	http://guitarflash.me/?gfcMus=BLEGKEN0EUMC
Not Ready To Die - Avenged Sevenfold	http://guitarflash.me/?gfcMus=7LO0WECQLVR9
Dear Insanity - Asking Alexandria	http://guitarflash.me/?gfcMus=0DPK5WBJ6BXD
TTFAF Treino 1 - Adriano Hipy	http://guitarflash.me/?gfcMus=R58PLW9NXKE8
Utopia - Schmutz06	http://guitarflash.me/?gfcMus=5E6Q6DFP6TU6
Through Blood And Dirt And Bone - Trivium	http://guitarflash.me/?gfcMus=CL551M6S07B3
Believe - Michael Romeo	http://guitarflash.me/?gfcMus=SEXO6KT6K2MC
Aces In Exile - Sabaton	http://guitarflash.me/?gfcMus=JT0T0I3DB0HW
Pokemon Meets Metal - Eric Calderone	http://guitarflash.me/?gfcMus=B9OX3VX0T6WT
Dive - Nirvana	http://guitarflash.me/?gfcMus=YC8VLHYGSC7H
Un día sin sexo - Mar De Copas	http://guitarflash.me/?gfcMus=TOC47V5S9EP2
Centipede - Knife Party	http://guitarflash.me/?gfcMus=N3DDILYBMOKA
Frantic Disembowelment - Cannibal Corpse	http://guitarflash.me/?gfcMus=0EDF2SUAW702
Left Behind - Slipknot	http://guitarflash.me/?gfcMus=K7GUT959A48I
Kehidupan - God Bless	http://guitarflash.me/?gfcMus=P4O3BE2S4GON
Slipknot  - Nomadic	http://guitarflash.me/?gfcMus=2XUQTDFJ4QWL
Black - Pearl Jam	http://guitarflash.me/?gfcMus=CTUNCS4NCAJ4
[Demon Slayer] Gurenge - LiSA	http://guitarflash.me/?gfcMus=8M3592H9CSIE
Wasted Time - Skid Row	http://guitarflash.me/?gfcMus=X0AIEWYHMYUR
Metalingus - Alter Bridge	http://guitarflash.me/?gfcMus=OW9L6GTNXM3L
GANTI PRESIDEN #2019 - Mr. Godel_GF	http://guitarflash.me/?gfcMus=5CGFDY0U76HE
Illumination Theory  - Dream Theater	http://guitarflash.me/?gfcMus=PHQLP8CACJ0U
I Dont Wanna To Stop - Ozzy Osbourne	http://guitarflash.me/?gfcMus=8IOOQARGLFFH
The Song of the Golden Dragon - Estas Tonne	http://guitarflash.me/?gfcMus=GUM1BU9CSD28
Tribute - Tenacious D	http://guitarflash.me/?gfcMus=RTWB08X0V0G6
ALone (Koplo Version) - Marshmello	http://guitarflash.me/?gfcMus=OK57ERXTONFE
Prayer - Disturbed	http://guitarflash.me/?gfcMus=9EA1A1BIHNYY
Avientame - Caifanes	http://guitarflash.me/?gfcMus=1INUYGP8JXSH
Feels Like We Only Go Backwards - Tame Impala	http://guitarflash.me/?gfcMus=ELJKOT2RXJQI
Guitar vs Violin 3 STORM - Charlie Parra	http://guitarflash.me/?gfcMus=PGKNUUDT1LOC
Solo e Final Seize The Day - Adriano Hipy	http://guitarflash.me/?gfcMus=JX9CNVSPPFAB
Penger - TheSuperMarioBros2	http://guitarflash.me/?gfcMus=2LT1FAO13ILR
Soldiers Hard 6 SP - Adriano Hipy	http://guitarflash.me/?gfcMus=BS8QO7PHUPHF
Now That Ive Found You - Martin Garrix ft. Jo	http://guitarflash.me/?gfcMus=U3PAYGHG58TY
Treino meu 1 - Vaza	http://guitarflash.me/?gfcMus=PJ5NPK6CN83C
Csikos Post - Pump It Up	http://guitarflash.me/?gfcMus=GDKJPVHUXVKJ
Jingle Bells - Austrian Death Machine	http://guitarflash.me/?gfcMus=PEVAAQ2LA9BK
Opening - Owari No Seraph	http://guitarflash.me/?gfcMus=PO9L5QIUJ79N
Cassis Live  - The Gazette	http://guitarflash.me/?gfcMus=B61ILJCMHM63
Valley Of The Damned - Dragonforce	http://guitarflash.me/?gfcMus=EMCF7TGER24O
Throne - Bring Me The Horizon	http://guitarflash.me/?gfcMus=O7K0S55C081N
God Knows - Aya Hirano	http://guitarflash.me/?gfcMus=Y9LCHXXEHOSR
Revolution Deathsquad SOLO - Dragon Force	http://guitarflash.me/?gfcMus=UD2Q20JCFMQO
Uber Song  - Sei La	http://guitarflash.me/?gfcMus=8A6UESRRKPTC
That Was Just Your Life - Metallica	http://guitarflash.me/?gfcMus=3PT0JMG5A439
Policia  Policia - PIBES CHORROS	http://guitarflash.me/?gfcMus=8PF9K9FI7BM7
Trip Innocent Of D - Larval Stage Planning	http://guitarflash.me/?gfcMus=8G4JPR28C3OU
88 - Sum 41	http://guitarflash.me/?gfcMus=B2JEP8IIIHRS
Rose Of Sharyn - Killswitch Engage	http://guitarflash.me/?gfcMus=F105407BHA66
Blackbird - Alter Bridge	http://guitarflash.me/?gfcMus=P9WJKOQSOU5E
San Sebastian - Sonata Arctica	http://guitarflash.me/?gfcMus=PDABPVDB6HWW
Ride The Sky - Helloween	http://guitarflash.me/?gfcMus=RPN4KMA9A7N2
Concerto - Cacophony	http://guitarflash.me/?gfcMus=7ENM8UY0KRLC
Ride The Lightning - Metallica	http://guitarflash.me/?gfcMus=JDVPUGRTF8CU
Flying Light #1 - Naruto	http://guitarflash.me/?gfcMus=AYOM78297NKF
Welcome To The NHK	http://guitarflash.me/?gfcMus=AEX6GPVV171X
lvl 1 - No Artist Set	http://guitarflash.me/?gfcMus=9J81R1WPNW6R
What Ive Done - Linkin Park	http://guitarflash.me/?gfcMus=B3PBMD8T98QB
Haruka Kanata - Rasengan	http://guitarflash.me/?gfcMus=WPBVS2H7UF7R
Be Quick Or Be Dead - Iron Maiden	http://guitarflash.me/?gfcMus=U21PE4P7LQFK
House Of Wolves - My Chemical Romance	http://guitarflash.me/?gfcMus=4WDR4EKFJ6NF
Jengah - Revenge The Fate	http://guitarflash.me/?gfcMus=M8T83D1XEEBA
Bullet To The Brain - Megadeth	http://guitarflash.me/?gfcMus=XIDF05DX41CJ
Shepherd Of Fire - Avenged Sevenfold	http://guitarflash.me/?gfcMus=TLVM4JYXVEXH
We Got The Moves - Eskimo Callboy	http://guitarflash.me/?gfcMus=4Y0PP99PMX23
opening 2 - super campeones	http://guitarflash.me/?gfcMus=J3FWJEXE9WE1
ReZero kara Hajimeru Isekai Seikatsu Ending 2	http://guitarflash.me/?gfcMus=A2UMK1U6KAP3
House Of Glass - ERRA	http://guitarflash.me/?gfcMus=PD48OPH48T9R
Shakira y sus amigas - Chabelos	http://guitarflash.me/?gfcMus=ODG7PTRHB0JF
Crossroads - Avenged Sevenfold	http://guitarflash.me/?gfcMus=26JO3ALJNCHV
Arctica - Amberian Dawn	http://guitarflash.me/?gfcMus=KF9YU22VJ1FY
Pirates Of The Caribbean Theme Song - test	http://guitarflash.me/?gfcMus=QT986TN3RP3U
Solo Da SOTK - Victor Hugo	http://guitarflash.me/?gfcMus=WXX4UWXMXTRO
The Heretic Anthem - Slipknot	http://guitarflash.me/?gfcMus=52DL30GT42T9
Absence - Battlecross	http://guitarflash.me/?gfcMus=TGO6W0YSPS5R
Soy un Cacahuate - Sponge Bob Square Pants	http://guitarflash.me/?gfcMus=6O5BT0MVC677
Ludicrous Speed (Supersonic) - F-777	http://guitarflash.me/?gfcMus=7SBB7SFSPSBU
Arkadia - Babymetal	http://guitarflash.me/?gfcMus=1955UIB5JQ7Y
Reasons To Live  - Dragonforce	http://guitarflash.me/?gfcMus=FKFH88MNNHR1
Watch Out - Doctor P	http://guitarflash.me/?gfcMus=KWDTLSV3TM9Q
Determined - Mudvayne	http://guitarflash.me/?gfcMus=Y5BALS0HG81M
Bury Me Alive - Throw the Fight	http://guitarflash.me/?gfcMus=GCPXV3OSAEJY
Inverted 3 - XxNicxX11 ft. PixelGH	http://guitarflash.me/?gfcMus=C0U684D5Y41O
Proving Grounds  - Attila	http://guitarflash.me/?gfcMus=126NKRHPJID3
M.I.A. Missing In Action - Avenged Sevenfold	http://guitarflash.me/?gfcMus=DBOISKJ81T2V
Do It For The Kids - Velvet Revolver	http://guitarflash.me/?gfcMus=EMMXTL4HDN3L
Road of Resistance-Trailer - BABYMETAL	http://guitarflash.me/?gfcMus=HMSS1JR4JXU4
The Nameless Song - Exilelord	http://guitarflash.me/?gfcMus=7DQK1QJNFP91
Raise The Hammer - HammerFall	http://guitarflash.me/?gfcMus=YHA9UMSAF213
Perfect Pillow - CHON	http://guitarflash.me/?gfcMus=M9M9R6BAUM14
Set Fire - Embers In Ashes	http://guitarflash.me/?gfcMus=IP1NUWU8C8YS
Suda - CHON	http://guitarflash.me/?gfcMus=NM4VKEG58FRG
Haruka Kanata - Asian Kung - Fu Generation	http://guitarflash.me/?gfcMus=TUE81PHAAW7C
Attic Floor - Buckethead	http://guitarflash.me/?gfcMus=D333T8BNJ26C
Wheels On Fire - Manowar	http://guitarflash.me/?gfcMus=AXLBT5VYJ89B
Solo B Fury of the Storm - Dragonforce	http://guitarflash.me/?gfcMus=0S3J10W1ORPM
Morte Et Dabo - Asking Alexandria	http://guitarflash.me/?gfcMus=KL57PXY6F1AQ
Uptown Funk. Bruno Mars - Mark Ronson	http://guitarflash.me/?gfcMus=O6OOQBOPVK0P
Smile In Your Sleep - Silverstein	http://guitarflash.me/?gfcMus=3O804B7L0V1L
Rise of the Tyrant - Arch Enemy	http://guitarflash.me/?gfcMus=N9FGF71M30PK
Black Or White - Michael Jackson	http://guitarflash.me/?gfcMus=YJV6XMQDB1F3
Want You Bad - The Offspring	http://guitarflash.me/?gfcMus=JDQI5CQ34NDP
Domination - Symphony X	http://guitarflash.me/?gfcMus=DCC3DWAIKBGA
Rainbow Chicken Dance - Sweeps	http://guitarflash.me/?gfcMus=VR82RVRXR6J2
Indifferent - Adrenaline Mob	http://guitarflash.me/?gfcMus=Y3HL312VEUN3
Six - All That Remains	http://guitarflash.me/?gfcMus=WMP9YTKPR4S2
cover This Game No Game No Life - RAON LEE VS	http://guitarflash.me/?gfcMus=1BV6WXFKWKL4
[Yakusoku no Neverland] Touch off  - UVERworl	http://guitarflash.me/?gfcMus=BLJSFAKHB4X5
Hero - Tenohira	http://guitarflash.me/?gfcMus=FVO3ALYAUL21
Stranger In Moscow - Michael Jackson	http://guitarflash.me/?gfcMus=1PBYBD14AH0F
The Final Countdown - Europe	http://guitarflash.me/?gfcMus=CX991CP7ODYN
Garden of Eden - Guns N Roses	http://guitarflash.me/?gfcMus=YC0C48Q40BKK
Ijime, Dame, Zettai - BabyMetal	http://guitarflash.me/?gfcMus=E71DMRPCWP0F
Blaze Heatnix (Megaman X6) - Chuck Dietz	http://guitarflash.me/?gfcMus=FY25QCC9JOHU
Good Feeling - Florida	http://guitarflash.me/?gfcMus=FI1L859M4YN6
Cherry Bomb - The Runaways	http://guitarflash.me/?gfcMus=9K4H0N93D9ID
Supernovae - ArchWk (ft. Various)	http://guitarflash.me/?gfcMus=FQIJ9LEUHJKB
Tokio ghoul  - TKGL	http://guitarflash.me/?gfcMus=6ML4Y0CDWERK
1000HP - Godsmack	http://guitarflash.me/?gfcMus=O1KS9DNBLS7E
Revenge Lous - Steve Ouimette	http://guitarflash.me/?gfcMus=GJKX9WFV5FEG
Akame ga Kill! Opening 1	http://guitarflash.me/?gfcMus=TCDW0KKUV6D0
Darkness Within - Machine Head	http://guitarflash.me/?gfcMus=SBYQQP67J1AU
Welcome to Violence - John 5	http://guitarflash.me/?gfcMus=WG06YK4V079F
Auckland Australasia - Top Gear 2	http://guitarflash.me/?gfcMus=TMM188P9AB0W
Never Walk Alone... A Call To Arms - Megadeth	http://guitarflash.me/?gfcMus=AH9DINPJOD5P
Monsters - Matchbook Romance	http://guitarflash.me/?gfcMus=IQY0EL12OP0E
The Fire Still Burns - DragonForce	http://guitarflash.me/?gfcMus=OPKHTJHR74UN
Baby - Serj Tankian	http://guitarflash.me/?gfcMus=WGSDPCJ4MDMV
Super Mario Bros Star Man Theme - Nintendo	http://guitarflash.me/?gfcMus=X0KWA0Q6GWTP
SOTK The Devil Went Down To Georgia 10x - Adr	http://guitarflash.me/?gfcMus=F4D0JI4AE7LC
Stay - BLACKPINK	http://guitarflash.me/?gfcMus=H1ERRFKC8RL8
Sun Doesnt Rise - Mushroomhead	http://guitarflash.me/?gfcMus=XD8N4ER9RD87
Break Down The Walls - Asking Alexandria	http://guitarflash.me/?gfcMus=GDIXNLO04EWT
Heart of a Dragon - DragonForce	http://guitarflash.me/?gfcMus=UGB7T5YJ9T73
Hello - Metal cover by Leo Moracchioli	http://guitarflash.me/?gfcMus=0UPDDB1PR24N
Black Betty - Spiderbait	http://guitarflash.me/?gfcMus=G8EXTDB5EDFT
Yoshu Fukushu - Maximum the Hormone	http://guitarflash.me/?gfcMus=XW04FIEOLFFD
Whiplash - Metallica	http://guitarflash.me/?gfcMus=4H04FCBOFK8F
Destiny - Stratovarius	http://guitarflash.me/?gfcMus=WL5YRJ0QW3QR
Youre A Lie - Slash	http://guitarflash.me/?gfcMus=B02V51MGWO0J
JUMP - BLACKPINK	http://guitarflash.me/?gfcMus=M59DBNDBXPLX
Pensatorium - Mago De Oz	http://guitarflash.me/?gfcMus=KS058B5Y4MH7
Finale - Madeon	http://guitarflash.me/?gfcMus=FDPOKIWB2YVO
Troopers Of The Stars - Dragonforce	http://guitarflash.me/?gfcMus=DCKTUF0U5I3T
Infeliz Natal - Raimundos	http://guitarflash.me/?gfcMus=1MW9EATYXWL8
Xanandra - Mago De Oz	http://guitarflash.me/?gfcMus=IXQHGUUOIX75
Heartbreak Armageddon - Dragonforce	http://guitarflash.me/?gfcMus=311X4OYLUQEU
Bounce - System Of A Down	http://guitarflash.me/?gfcMus=U15A4QNYHLEY
The Violation - Fleshgod Apocalypse	http://guitarflash.me/?gfcMus=MVXODEA5OPYL
Sidewinder - Avenged Sevenfold	http://guitarflash.me/?gfcMus=P26SOOWVV192
Paranoid - Megadeth	http://guitarflash.me/?gfcMus=WNV7S8K6324J
Gakusen Toshi Asterisk Opening - Shiena Nishi	http://guitarflash.me/?gfcMus=P7CIPYXB18QE
Jingle Bells - Charlie Parra	http://guitarflash.me/?gfcMus=OSWS50W1URY4
Bittersweet Memories - Bullet For My Valentin	http://guitarflash.me/?gfcMus=RQF2TCI9WD18
In The Court Of The Dragon - Trivium	http://guitarflash.me/?gfcMus=E0CA74NKRE4H
Heroes Of Our Time - Dragonforce	http://guitarflash.me/?gfcMus=CIMRM86G03WH
Burn My Heart - Galneryus	http://guitarflash.me/?gfcMus=DICN0XFEXSXT
Revenge Lou - Steve Ouimette	http://guitarflash.me/?gfcMus=9MTNM9T6P8KH
White Flame - BABYMETAL	http://guitarflash.me/?gfcMus=YU5SW9D44D23
A Lesson Never Learned - Asking Alexandria	http://guitarflash.me/?gfcMus=I14DTL2S03YA
Dont Wanna Know  - Maroon 5 ft Kendrick Lamar	http://guitarflash.me/?gfcMus=VPLDGT5AG16O
Bards Revenge Nv 7 - Aeon Bridge	http://guitarflash.me/?gfcMus=UN9XYLT97NPL
Guitar Battle - Tom Morello	http://guitarflash.me/?gfcMus=56F4IW6DDHYH
Attack - 30 seconds to mars	http://guitarflash.me/?gfcMus=WYTLW0U9UNR9
Hiryu no Kishi - True	http://guitarflash.me/?gfcMus=X6BU78242VOO
Aurora Borealis - Eternal Tears Of Sorrow	http://guitarflash.me/?gfcMus=NENWPHQNND7B
Steady, As She Goes - The Raconteurs	http://guitarflash.me/?gfcMus=OK9MXM1UXS36
Up In Flames - Blessthefall	http://guitarflash.me/?gfcMus=H4QV0VSPOI11
Breathing - Yellowcard	http://guitarflash.me/?gfcMus=GWFJQL12NSR4
555 To 666 - Slipknot	http://guitarflash.me/?gfcMus=VI0QJ06JLUWH
Frenzy - Charlie Parra del Riego	http://guitarflash.me/?gfcMus=HQ33U6G6YRYV
Fullmoon - Sonata Arctica	http://guitarflash.me/?gfcMus=YMBQPX2R2VIM
Baroque and roll - Yngwie Malmsteen	http://guitarflash.me/?gfcMus=R8MOAYR8UYT2
Poison - Asking Alexandria	http://guitarflash.me/?gfcMus=M2VDOEKLG3T4
Dark Matter - Rusty Cooley	http://guitarflash.me/?gfcMus=8M0KKFJIGYJ0
Run to the hills - Iron Maiden	http://guitarflash.me/?gfcMus=RWFMJ5D1PN7R
Voice Of The Voiceless - Heaven Shall Burn	http://guitarflash.me/?gfcMus=B4HGWCXUNK44
Drywall - LoisGF	http://guitarflash.me/?gfcMus=7VP4VLHCT1Q1
The Crusher - The Ramones	http://guitarflash.me/?gfcMus=20FVUV5RD3N8
A Cry From The Edge - Viper	http://guitarflash.me/?gfcMus=CGYE25U89RIP
Blood Teller - Faylan	http://guitarflash.me/?gfcMus=X0GPNMFAK5IK
Halloween - Helloween	http://guitarflash.me/?gfcMus=O2EFWN0MGPVX
This Means War - Avenged Sevenfold	http://guitarflash.me/?gfcMus=V1VVQHLHVHGP
Cleansing The Soul - John 5	http://guitarflash.me/?gfcMus=NDKEEXT8LKJK
Kontinuum - Lost (feat. Savoi) [NCS Release]	http://guitarflash.me/?gfcMus=DK4H4VSOYA0C
Crush My Battle Opponents Balls - Dethklok	http://guitarflash.me/?gfcMus=P4SF3I9ELXBF
[Fullmetal Alchemist:Brotherhood] Rain - SID	http://guitarflash.me/?gfcMus=6U5PGRARYIO4
No Time To Bleed - Suicide Silence	http://guitarflash.me/?gfcMus=SR6D7BF6IM3O
I Cant Stop - Flux Pavilion	http://guitarflash.me/?gfcMus=QKWR62B3V4S5
Depois Da Guerra - Oficina G3	http://guitarflash.me/?gfcMus=IQR5BWW05FOV
Open Water (Feat. Lights) - Blessthefall	http://guitarflash.me/?gfcMus=2D635DI0JW1G
Fire - Sleeping With Sirens	http://guitarflash.me/?gfcMus=NM7H79O2PH3U
The Legacy - Black Veil Brides	http://guitarflash.me/?gfcMus=S7E320OGA975
Slow Ride - Foghat	http://guitarflash.me/?gfcMus=6KYEV8UATLD7
Room 409 - Bullet For My Valentine	http://guitarflash.me/?gfcMus=HK3SGWEVDWHM
KEHIDUPAN (GODBLESS COVER) - DFLOWERS from Pu	http://guitarflash.me/?gfcMus=SLX79KHM5NA8
Stayin Alive  - Bee gees	http://guitarflash.me/?gfcMus=WTQFN4IG03YB
Fairy Tail Meets Metal	http://guitarflash.me/?gfcMus=CS72U8298KTP
Criminally Insane - Slayer	http://guitarflash.me/?gfcMus=R44IYKXS2S33
[Attack On Titan:Final Seasons] My War - Shin	http://guitarflash.me/?gfcMus=1MQ4JMDITSA3
Diamond In The Rough - Airbourne	http://guitarflash.me/?gfcMus=0UMSQGRTBYS9
Exit Wounds - Bad Omens	http://guitarflash.me/?gfcMus=GBP32UKJV4VM
Hyrule Field Twilight Princess - Artificial F	http://guitarflash.me/?gfcMus=EU32UAPPKE0D
bad guy - Billie Eilish	http://guitarflash.me/?gfcMus=YI3CA4X1NXQV
Pet Sematary - Ramones	http://guitarflash.me/?gfcMus=FXHXSLDVO4F8
Nyan Cat Meets Metal	http://guitarflash.me/?gfcMus=YU41UQ4AIQEP
Pacemaker - The Quick Brown Fox	http://guitarflash.me/?gfcMus=9TM4RBCOX8F7
Until The End (Feat. Howard Jones) - Asking A	http://guitarflash.me/?gfcMus=VMAYGFKGFHP9
Solo Cry For Eternity - Uchiha Rodnie GF lml	http://guitarflash.me/?gfcMus=0GC9E78C3NOQ
Hades: A Saga do Inferno - Os Cavaleiros do Z	http://guitarflash.me/?gfcMus=0UW8JQUMQ436
Gilberto Concerto - Paul Gilbert	http://guitarflash.me/?gfcMus=X81X25QSM6QT
Philosophyz - Runa Mizutani	http://guitarflash.me/?gfcMus=SM2GS63NMNXC
Ozzy Osbourne - Hellraiser	http://guitarflash.me/?gfcMus=1UDDFYF74NI0
Something From Nothing - Foo Fighters	http://guitarflash.me/?gfcMus=MGFLNN8635V7
Express your animals  - diplo ft martin garri	http://guitarflash.me/?gfcMus=2TJQRO3V9PSF
Were Not Gonna Take It - Twisted Sister	http://guitarflash.me/?gfcMus=2GN9JJ2BQUGF
Galantis - No Money (Official Video) - galant	http://guitarflash.me/?gfcMus=J7Q4LBR2W3IT
Black Damask (The Fog) - Motionless In White	http://guitarflash.me/?gfcMus=I9OWHVFWUQ7T
Papercut -  Linkin Park	http://guitarflash.me/?gfcMus=6UA0EFW49JNV
Set The World Afire - Megadeth	http://guitarflash.me/?gfcMus=W0KX781B256P
Nottingham lace - Buckethead	http://guitarflash.me/?gfcMus=VNV3MGOFHDRW
Be Yourself - Audioslave	http://guitarflash.me/?gfcMus=X6EFVU0VWQO4
In The Hall Of The Mountain King - Grieg	http://guitarflash.me/?gfcMus=Y9KM75JXNP5D
Road Warrior - Pegazuz	http://guitarflash.me/?gfcMus=E8SG3AT34LP9
Tema Naruto Shippuden New Song - Tacica	http://guitarflash.me/?gfcMus=K49WAWXM4WRU
The Minute Song - Fl Studio 11	http://guitarflash.me/?gfcMus=78OYT4YOEL3T
The Coats of Claude - Buckethead	http://guitarflash.me/?gfcMus=YB7BGGGQJ3VR
The Way It Ends Expert e Hard - Prototype	http://guitarflash.me/?gfcMus=LMIFTAY3XM2U
Meu lugar - Raimundos	http://guitarflash.me/?gfcMus=VXG5YXT2DGCI
Technical Difficulties - Racer X	http://guitarflash.me/?gfcMus=YM92CDYGS579
Comeback Story - Kings Of Leon	http://guitarflash.me/?gfcMus=PGPTMP4FPWCH
Defenders - DragonForce	http://guitarflash.me/?gfcMus=LJ3VWG8YE7MA
Hyper Lation - Cosmo ft. Hatsune Miku	http://guitarflash.me/?gfcMus=6ND6K1WUXTSE
Fallen Angels - Black Veil Brides	http://guitarflash.me/?gfcMus=DQ0G43OOVO6H
Last Resort - Papa Roach	http://guitarflash.me/?gfcMus=6YKB5BVBAL4N
The Time Before Dawn - Galneryus	http://guitarflash.me/?gfcMus=B57WVI9F8XTI
Medicate - AFI	http://guitarflash.me/?gfcMus=8DLCED8RJWXW
Everybodys Changing - Keane	http://guitarflash.me/?gfcMus=WM1GWEM98NFC
Blues Balls - John 5	http://guitarflash.me/?gfcMus=24KUQV7HHUS7
El Circulo de Fuego - Rata Blanca	http://guitarflash.me/?gfcMus=TSQTHM61KLTL
BORRACHO SOY - Pibes Chorros	http://guitarflash.me/?gfcMus=HP3D3YISRFY6
Qwerty - Mushroomhead	http://guitarflash.me/?gfcMus=HIKCT0SYDC2E
Black And White - Toxik	http://guitarflash.me/?gfcMus=EEUI6EB6DG7J
Cosmic - Avenged Sevenfold	http://guitarflash.me/?gfcMus=HOH90O4O4BKJ
Ya no jalaba - Panda	http://guitarflash.me/?gfcMus=EQV9HPDS0WUD
Soldiers of the Wasteland - DragonForce	http://guitarflash.me/?gfcMus=7GC7VYG4I1NQ
Rock N Roll (Will Take You To The Mountain) -	http://guitarflash.me/?gfcMus=D6M4M7FASVWB
Impossible Song - Impossible	http://guitarflash.me/?gfcMus=ISKPK4806A2R
Living Dead Beat - Children Of Bodom	http://guitarflash.me/?gfcMus=0H0TYJ0LL535
Eyeless - Slipknot	http://guitarflash.me/?gfcMus=IQTIGOXOKI10
Super Mario Bross - Nintendo	http://guitarflash.me/?gfcMus=WQ7DXW4O51VC
PANDA   Los Malaventurados No Lloran  - PXNDX	http://guitarflash.me/?gfcMus=J8RQI256X1UJ
Victims Of Contingency - Epica	http://guitarflash.me/?gfcMus=IQOJO2N4NCDH
Natural Born Killer  - Avenged Sevenfold	http://guitarflash.me/?gfcMus=LK4CSY52MYXD
New Hope - Freternia	http://guitarflash.me/?gfcMus=JQGQD3EGVP3X
Dragonforce - Scars of Yesterday [www.slider.	http://guitarflash.me/?gfcMus=AI8G7LU329HP
The Waiting One - All That Remains	http://guitarflash.me/?gfcMus=G8ESQD5A8GR7
Move Along - The All-American Rejects	http://guitarflash.me/?gfcMus=DD8LF185G4HU
Dueling Banjos - Steve Ouimette	http://guitarflash.me/?gfcMus=EEWDK7VHFCIK
Grmetal - Syu	http://guitarflash.me/?gfcMus=HTJJWJM2CRQG
Let Me Hear - Fear and Loathing in las Vegas	http://guitarflash.me/?gfcMus=LBID96UTJJEQ
Blackened - Metallica	http://guitarflash.me/?gfcMus=YVU2V69OVLRV
Reincarnate - Motionless In White	http://guitarflash.me/?gfcMus=8VJ2SNVAHLGV
Jingle Bells - Charlie Parra	http://guitarflash.me/?gfcMus=09DW7HLRBDII
Tensa Fiesta Pagana 5x - Adriano Hipy	http://guitarflash.me/?gfcMus=2Q3AOCW1VQ2U
3999 (Ode to Insanity) - Callum Whyte	http://guitarflash.me/?gfcMus=KL7P1IWLHUXH
Patterns 3 - Schmutz06	http://guitarflash.me/?gfcMus=96L845BD503A
Eu tocando Guitarra - ManausGF	http://guitarflash.me/?gfcMus=XFQXQ3W60SMS
3 - Disturbed	http://guitarflash.me/?gfcMus=W7CF9IUXVDDF
Cosmic Exercise - Metea11	http://guitarflash.me/?gfcMus=PYNMAJDKO3U3
Guitar solo - Bocchis Clutch	http://guitarflash.me/?gfcMus=M2WG1OV3UCHR
Batalla de los dioses Flow Hero latino - Drag	http://guitarflash.me/?gfcMus=8JODK9FP7K38
One Piece Abertura 14  - Anime Hero GF	http://guitarflash.me/?gfcMus=08LNNYA5VJ52
Foda-se - Metal Version (Colwire)	http://guitarflash.me/?gfcMus=HUCPOB3AYW4X
Cambios - Mike Rolando Mc Donald	http://guitarflash.me/?gfcMus=T21S6TKLEEFK
Bullet - Misfits	http://guitarflash.me/?gfcMus=6FQYI6FFTF9G
A Place For My Head - Linkin Park	http://guitarflash.me/?gfcMus=3WLII5JXPKMY
Jingle Bells - Janick Thibault	http://guitarflash.me/?gfcMus=L27SKGDAA1R2
welcome to ibizia  - Dj Tiesto	http://guitarflash.me/?gfcMus=OHVQKVSQGNB0
Stratofortress - Stratovarius	http://guitarflash.me/?gfcMus=L7BI25XNSMLQ
World Long Gone - Scars on Broadway	http://guitarflash.me/?gfcMus=4R74EGUGS8UP
O Caminho - Oficina G3	http://guitarflash.me/?gfcMus=P5MAOACVU8CM
Red Swan (Attack on Titan anime theme) - Yosh	http://guitarflash.me/?gfcMus=M5GABLSH388G
The Bards Return -  Aeon Bridge	http://guitarflash.me/?gfcMus=A4TF07X35I2R
DEEN ASSALAM - SABYAN	http://guitarflash.me/?gfcMus=M1Y4H1O9IUG6
Northpole Throwdown - Children Of Bodom	http://guitarflash.me/?gfcMus=N03YI6EHL54V
Her Voice Resides - Bullet For My Valentine	http://guitarflash.me/?gfcMus=LIHVH5YE4YKM
Silhouette  - Kana Boon	http://guitarflash.me/?gfcMus=96GX6HO1TY4I
Centipede - Knife Party	http://guitarflash.me/?gfcMus=LGO2D7L53II4
Kill Rock N Roll - System of a Down	http://guitarflash.me/?gfcMus=EAMXNJ1JSKQ6
Funbus - Buckethead	http://guitarflash.me/?gfcMus=HOFMFLKN11W5
Funeral Fog - Mayhem	http://guitarflash.me/?gfcMus=NRD5W8E1FFWJ
Inside The Winter Storm - DragonForce	http://guitarflash.me/?gfcMus=PE2E5EI2EDLQ
Warptech - Last Summer [NCS Release]	http://guitarflash.me/?gfcMus=U4I3QR0N7266
Best Is Yet To Come - Red	http://guitarflash.me/?gfcMus=TD7VTVAX5XET
Crazy Train - Ozzy Osbourne	http://guitarflash.me/?gfcMus=VPIQYIB4SI6A
A Higher Standard - For Today	http://guitarflash.me/?gfcMus=6YE15WK4KSHU
Nippon Manju - LadyBaby	http://guitarflash.me/?gfcMus=CLCY631OXAAL
Dystopia - Megadeth	http://guitarflash.me/?gfcMus=1KBAGSBLVII8
Can You Feel My Heart #1 - Bring Me The Horiz	http://guitarflash.me/?gfcMus=JLKKCN2F65V6
Armageddon - Narnia	http://guitarflash.me/?gfcMus=R61L4XN9S3RE
Super Imposible - Rusty Cooley	http://guitarflash.me/?gfcMus=Q2Y3O1XPJNM6
Good Friends - Command6	http://guitarflash.me/?gfcMus=S6OS6UJRWT6D
Hallowed Be Thy Name - Cradle Of Filth	http://guitarflash.me/?gfcMus=VM5TLR40BDE4
Constant Motion Solo Expert - Adriano Hipy	http://guitarflash.me/?gfcMus=XLREO6WI0FSD
Kissing the Shadows - Children of Bodom	http://guitarflash.me/?gfcMus=DL2NMBJHIL0B
Emergency - Paramore	http://guitarflash.me/?gfcMus=ID3I6F1H7UME
Indestructible - Disturbed	http://guitarflash.me/?gfcMus=WPB02L3SUW7E
Demolisher - Slaughter To Prevail	http://guitarflash.me/?gfcMus=OYXYTBTR3Q5D
Maguas Scalp - Buckethead	http://guitarflash.me/?gfcMus=7FIID8IJGNA7
Last night - Good Charlotte	http://guitarflash.me/?gfcMus=W8C8RFNQUED4
Fiddlers - John 5	http://guitarflash.me/?gfcMus=N60VOVQ8C4M1
The Only Exception - Paramore	http://guitarflash.me/?gfcMus=P9Y8VI59ISSR
Angreifer - Unlucky Morpheus	http://guitarflash.me/?gfcMus=R0V1R1XMV7AD
Super Campeones Opening - DA PUMP	http://guitarflash.me/?gfcMus=5L1SX974UW1B
Situations - Escape The Fate	http://guitarflash.me/?gfcMus=ROXIFO2X44M0
Vagão1 - Trem Do Futuro	http://guitarflash.me/?gfcMus=Q3NMEV5OVOCK
Chop Suey Treino Pausas Expert - Adriano Hipy	http://guitarflash.me/?gfcMus=7N3VUQ0WPM74
Prayer Of The Refugee - Rise Against	http://guitarflash.me/?gfcMus=HK08RBG5H3H8
Stretching Lighthouse - Buckethead	http://guitarflash.me/?gfcMus=MNE14WHCUW23
Bonde da Maromba - Bonde da Stronda	http://guitarflash.me/?gfcMus=IWREO6YAPA75
No Way Out - Bullet For My Valentine	http://guitarflash.me/?gfcMus=KFDCKFJMMQFQ
Con Clavi Con Dio - Ghost	http://guitarflash.me/?gfcMus=9PAASM6WA5YP
RUJA O LEÃO  Gi Salvalagio (ROCK VERSION) - G	http://guitarflash.me/?gfcMus=AYK8HUKI4XLN
Attack - System of A Down	http://guitarflash.me/?gfcMus=C6R4B200BBVT
Quasistellar   - Fyighfreak	http://guitarflash.me/?gfcMus=5X1S1JK727PQ
Utopia Tripla - Adriano Hipy	http://guitarflash.me/?gfcMus=JUW37VYP98TV
The Aphotic Depths - Torchbearer	http://guitarflash.me/?gfcMus=94XPD95DSYDV
Falling Behind - Dead By April	http://guitarflash.me/?gfcMus=XCEYLNUNP0UN
Flight Of The Wounded Bumblebee - Extreme	http://guitarflash.me/?gfcMus=5NQXNMG3MNRF
Angel of Salvation - Galneryus	http://guitarflash.me/?gfcMus=YJ0FH8DDS137
The Ultimatum (Playthrough) - Jeff Loomis	http://guitarflash.me/?gfcMus=O2H1JI8JXS7C
Son Of The King Solo - Adriano Hipy	http://guitarflash.me/?gfcMus=H6JMC4BLXB2K
A Mansion In Darkness - King Diamond	http://guitarflash.me/?gfcMus=7BCI0EPL415K
Punk VS Metal 2 - Charlie Parra	http://guitarflash.me/?gfcMus=HQV7RHC5FHOD
Vivaldis Winter - Dark Moor	http://guitarflash.me/?gfcMus=TJ3WOJQ79T9X
Annabel - Alesana	http://guitarflash.me/?gfcMus=Y4HBRHAE7G0S
Shadows Between The Sky - Buckethead	http://guitarflash.me/?gfcMus=C1LJFKUBRSQ4
Katekyo Hitman REBORN OP 08	http://guitarflash.me/?gfcMus=XW0AHIKKSD30
Guitar Battle vs Tom Morello - Tom Morello	http://guitarflash.me/?gfcMus=SCNFMD8XHRCW
Paranoia - A Day To Remember	http://guitarflash.me/?gfcMus=CMYVWG4PUL1A
Sidewinder - Avenged Sevenfold	http://guitarflash.me/?gfcMus=31Y3PUFASU2U
Tahan Dulu - Ginda and The White Flowers	http://guitarflash.me/?gfcMus=XQYXP7GXDG93
Its Not Me Its You - Skillet	http://guitarflash.me/?gfcMus=BVQYHFA5VP82
Highschool DxD Born Opening - ChouCho	http://guitarflash.me/?gfcMus=6OEUB9U857T4
Love? - Strapping Young Lad	http://guitarflash.me/?gfcMus=222L1FCPUNPL
Kyoto - Skrillex	http://guitarflash.me/?gfcMus=3LKNXAWO3MYH
Nuestro Amor - RBD	http://guitarflash.me/?gfcMus=DV5HTJCO7X0G
The Apparition - Iron Maiden	http://guitarflash.me/?gfcMus=II1CKFHS555J
The Metal - Tenacious	http://guitarflash.me/?gfcMus=8IRY74NLOMEM
Boonpeng - Engravers	http://guitarflash.me/?gfcMus=M101PBTTQ7G7
Disengage - Suicide Silence	http://guitarflash.me/?gfcMus=IT98B0FYICR6
Born To Lead - Falling In Reverse	http://guitarflash.me/?gfcMus=UMIMLMXDLEO5
Anthem for the Underdog - 12 Stones	http://guitarflash.me/?gfcMus=3UV7PR43QW87
Dead - Pixies	http://guitarflash.me/?gfcMus=AHEODJM0KMGI
Mr. Amsterdam - Sum 41	http://guitarflash.me/?gfcMus=EXOPMRWB8XQ3
Ninja Gaiden (4-2) Meets Metal - 331Erock	http://guitarflash.me/?gfcMus=VMCOR8XW9FDN
Metallica_ Orion	http://guitarflash.me/?gfcMus=KJK6U85ORFVQ
Truth - Korzus	http://guitarflash.me/?gfcMus=BKJYIBQCH2LR
Holiday in Cambodia - The Dead Kennedys	http://guitarflash.me/?gfcMus=3G9MYC9VMDIC
The Ghost of You  - My Chemical Romance	http://guitarflash.me/?gfcMus=MBDCM20YFW39
Negri Negri - Marjinal Predator	http://guitarflash.me/?gfcMus=6NID95XL9ESJ
We Are - Thousand Foot Krutch	http://guitarflash.me/?gfcMus=IWT40YDQK9UI
We All Die Young - Steel Dragon	http://guitarflash.me/?gfcMus=D84M3LLHYW0J
Never Die - Yngwie Malmsteen	http://guitarflash.me/?gfcMus=HV4OX1CAL3H4
Double Guitar Shred Med - Michael Angelo Bati	http://guitarflash.me/?gfcMus=D329W8HJQYTY
Lifeforce - Vinnie Moore	http://guitarflash.me/?gfcMus=U8XPCJWC4DXP
24HRS (feat. SOPHIE) - ITZY	http://guitarflash.me/?gfcMus=6C702IM90U65
Vicinity Of Obscenity - System Of A Down	http://guitarflash.me/?gfcMus=Q9SBYCFXS3T9
Lágrimas - John Wayne	http://guitarflash.me/?gfcMus=LPB2W0VC6X3Q
Suffocating Under Words Of Sorrow  - Bullet F	http://guitarflash.me/?gfcMus=W6HP9W76L608
Numb - No Artist Set	http://guitarflash.me/?gfcMus=QJV3C3NTAY5F
Over The Hills And Far Away - Nightwish	http://guitarflash.me/?gfcMus=GWC47QY1DN4D
halloween no yoin - THE ORAL CIGARETTES	http://guitarflash.me/?gfcMus=C39YT5QTOKSU
Crooked Soul - Dayseeker	http://guitarflash.me/?gfcMus=S2CNXEADG4PK
Devils Night - Motionless In White	http://guitarflash.me/?gfcMus=GX8M9UVOAG4X
Spiral - KANA BOON	http://guitarflash.me/?gfcMus=OHUSEDD1M4YY
Someday - Nickelback	http://guitarflash.me/?gfcMus=C9C001WRC7Y6
Alligator Blood - Bring Me The Horizon	http://guitarflash.me/?gfcMus=MO8TU80JWRFA
I.H.E. - Miss May I	http://guitarflash.me/?gfcMus=5K64S54LR6C3
Them Bones - Alice In Chains	http://guitarflash.me/?gfcMus=A6FC48W70HGR
ReZero kara Hajimeru Isekai Seikatsu Opening	http://guitarflash.me/?gfcMus=S1GDTR4VXN1M
Not The American Average - Asking Alexandria	http://guitarflash.me/?gfcMus=937I9TT377C4
Heart Shaker - TWICE	http://guitarflash.me/?gfcMus=P2TI53U608NF
Treino over 2 - sei la	http://guitarflash.me/?gfcMus=4QDHQ6H5XB56
P.O.W. - Bullet For My Valentine TNNP	http://guitarflash.me/?gfcMus=8H4FH8GMCLO8
Sign - Flow	http://guitarflash.me/?gfcMus=EN8WCO3V3MS9
Not Gonna Die - Skillet	http://guitarflash.me/?gfcMus=ACFSKH5CS9MO
Disappear - Bullet For My Valentine	http://guitarflash.me/?gfcMus=HHQK0XJWVP17
Black Diamond  - Stratovarius	http://guitarflash.me/?gfcMus=8KAFT29JO8TU
Damaged - John 5 Albertto Lopezz GF	http://guitarflash.me/?gfcMus=V558EMUTIR8H
Metralhas Baroque And Roll - Yngwie Malmsteen	http://guitarflash.me/?gfcMus=ULRGEFX7LUYD
Miles Of Machine - Jeff loomis	http://guitarflash.me/?gfcMus=5F0CWEHVFJ8Q
Solo SOTK Trans4p5 - Adriano Hipy	http://guitarflash.me/?gfcMus=H35NN3S11WMQ
Boom - P.O.D	http://guitarflash.me/?gfcMus=KA1PL0SVQSYU
Solo - Inside The Winter Storm - Dragonforce	http://guitarflash.me/?gfcMus=8ORENDWRHFKI
Ahxello - Light Speed	http://guitarflash.me/?gfcMus=0VK3FNEDG05V
Red Hot Chili Peppers Higher Ground Official	http://guitarflash.me/?gfcMus=HJ7BC2RE2CS2
What Would You Do (Ritmica) - Seether	http://guitarflash.me/?gfcMus=RJP96MTXBV6V
Intermezzo - Michael Angelo Batio	http://guitarflash.me/?gfcMus=4DM674IBQ0RA
Until The End - Breaking Benjamin	http://guitarflash.me/?gfcMus=A4LTOH5H52QV
Falling Apart - Zebrahead	http://guitarflash.me/?gfcMus=F05M4O0J09SL
This Is The New Shit - Marilyn Manson	http://guitarflash.me/?gfcMus=D6HYRJYTOSL6
Without Morals - Nevermore	http://guitarflash.me/?gfcMus=9HM4L99RD63R
Like an Angel - Yngwie Malmsteen	http://guitarflash.me/?gfcMus=Q4O9EE8NBECB
Not The American Average - Asking Alexandria	http://guitarflash.me/?gfcMus=RUV8NWMIHPSI
Any Means Necessary - Hammerfall	http://guitarflash.me/?gfcMus=31UT79T9BUEP
Futureal - Iron Maiden	http://guitarflash.me/?gfcMus=QO72WXAAW69W
King For A Day - Pierce The Veil	http://guitarflash.me/?gfcMus=WBUBEVCNAOR3
My spirit will go on - Dragonforce	http://guitarflash.me/?gfcMus=LQ2F4FCJYNS6
Mucha Lucha ( Entrada ) - Los chicos del barr	http://guitarflash.me/?gfcMus=928EKVOJTB04
Clube dos Canalhas - Matanza	http://guitarflash.me/?gfcMus=LYMRRH9N1613
Phantom of the Opera - Iron Maiden	http://guitarflash.me/?gfcMus=97F2UFUK7UGH
Death Breath - Bring Me The Horizon	http://guitarflash.me/?gfcMus=LCJ5BO4O5524
Not Ready To Die - Demon Hunter	http://guitarflash.me/?gfcMus=YDX6HM466R9A
Kiseijuu Opening 1 - Anime Hero GF	http://guitarflash.me/?gfcMus=BH7SDL7TF4T0
The Fox  - Ylvis	http://guitarflash.me/?gfcMus=4X9CISSJU8CN
Peppers Ghost - Buckethead	http://guitarflash.me/?gfcMus=7KSHUBF4O3QO
Forest Temple - Artificial Fear	http://guitarflash.me/?gfcMus=X6EGS3A1IY13
Teenagers  - My Chemical Romance	http://guitarflash.me/?gfcMus=9UMWR2VO63FK
Feuer Frei - Rammstein	http://guitarflash.me/?gfcMus=EVU6715LDH17
kana boon spiral - No Artist Set	http://guitarflash.me/?gfcMus=CK8OS1TF9TYH
Skeletons - Heartist	http://guitarflash.me/?gfcMus=STOPOH5DWI6A
La Cancion Del Pirata - Tierra Santa	http://guitarflash.me/?gfcMus=11EI712TQECA
Bulls In The Bronx - Pierce The Veil	http://guitarflash.me/?gfcMus=WPHYT8CDR3UW
Love [K ON] - Death Devil	http://guitarflash.me/?gfcMus=MP0T26JO565F
geladeira tsunami - NIICO	http://guitarflash.me/?gfcMus=BB87SCSSGEYG
Treino Resistencia - LoisGF	http://guitarflash.me/?gfcMus=8XB10MFGP051
Choose Your Fate & Massacre - Escape The Fate	http://guitarflash.me/?gfcMus=0F8YXDC70GOM
Shepherd Of Fire - Avenged Sevenfold	http://guitarflash.me/?gfcMus=CWCUN7X36GA2
Madhouse - Anthrax	http://guitarflash.me/?gfcMus=G6WDIHKO1WOL
Reptilia - The Strokes	http://guitarflash.me/?gfcMus=YUSNT5WUU94R
Piano Massacre - TheEruptionOfter	http://guitarflash.me/?gfcMus=D1I22971A7FC
Hillbilly Militia - Rusty Cooley	http://guitarflash.me/?gfcMus=B8MKY4VBD2KQ
Between The Hammer and Anvil - Judas Priest	http://guitarflash.me/?gfcMus=7IYYGKOETN1S
The Reaper - Steve Vai	http://guitarflash.me/?gfcMus=43GQD2H8LKHP
Pretty Handsome Awkward - The Used	http://guitarflash.me/?gfcMus=JJTJB8W1RBI1
NaNaNa (Solo) SP - DragonFlashX	http://guitarflash.me/?gfcMus=YLOX84JD52SL
The Final Episode (Lets Change The Channel) -	http://guitarflash.me/?gfcMus=VDKH1HWQNMT8
The Trend - Annhilator	http://guitarflash.me/?gfcMus=7DUWSUQ9X6VT
Chemical Interference - Dragonforce	http://guitarflash.me/?gfcMus=NDWKFAKLGVTV
Chart Treino    - Courage SAO	http://guitarflash.me/?gfcMus=DIIK0VUL3BLC
Into The Fire - Asking Alexandria	http://guitarflash.me/?gfcMus=HOI82GTKI38J
Were All To Blame - Sum 41	http://guitarflash.me/?gfcMus=YDVN637Q4YLI
Desafio Hp  - Mira yo Soy Ernesto Amame	http://guitarflash.me/?gfcMus=3DUUAK7CI536
Faces Imploding - Rings of Saturn	http://guitarflash.me/?gfcMus=IDVIT8BTM2C7
Waste Of Air - Leprous	http://guitarflash.me/?gfcMus=5W69503AYX16
classico  - Tenacious d	http://guitarflash.me/?gfcMus=8USVJO693933
The Seeker - The Who	http://guitarflash.me/?gfcMus=VKKRCY96TPNH
Yesterday Is Dead And Gone - Arch Enemy	http://guitarflash.me/?gfcMus=L4O5YUDLA47N
Watch Me Burn - Nightcore	http://guitarflash.me/?gfcMus=9P9DKC1C2S0O
Tears Are Falling - Kiss	http://guitarflash.me/?gfcMus=XBGOWG83KYI1
Once In A Lifetime - DragonForce	http://guitarflash.me/?gfcMus=YC8WIP9LDKJH
I Am A Cybernetic Organism Living Tissue Over	http://guitarflash.me/?gfcMus=VDO1TUKDX9HM
Superbeast - Rob Zombie	http://guitarflash.me/?gfcMus=F4ALXVCEPAAK
The Fire And The Fury - Firewind	http://guitarflash.me/?gfcMus=NL7NAAUXWFRH
Tato - Elpamas	http://guitarflash.me/?gfcMus=LHOSYV4RHB7T
The Final Blow - Escape The Fate	http://guitarflash.me/?gfcMus=TYHOJEVPY41L
Savior - Rise Against	http://guitarflash.me/?gfcMus=ACAKX4THWHBJ
Goofy Goober Rock - SpongeBob SquarePants	http://guitarflash.me/?gfcMus=2J15WAAF908K
Revelation - Black Veil Brides	http://guitarflash.me/?gfcMus=9CI3XJCMGPXS
Damage Control - John Petrucci	http://guitarflash.me/?gfcMus=445F7XU35JUR
Prevail (FCable Version) - Jarvis9999	http://guitarflash.me/?gfcMus=QXKH2921LCUM
Saint Cecilia - Foo Fighters	http://guitarflash.me/?gfcMus=WQ98FHDVLOVD
Qwerty - Mushroomhead	http://guitarflash.me/?gfcMus=AQX0JQSXFBPQ
Give It Away - red hot chili peppers	http://guitarflash.me/?gfcMus=SR17I7DF733J
Dead As Fuck - Motionless In White	http://guitarflash.me/?gfcMus=HSSDQBMVC81N
Squealer - AC/DC	http://guitarflash.me/?gfcMus=3HDVIXUW4D6H
This Is The End  - Machine Head	http://guitarflash.me/?gfcMus=TNICA26VD01U
All These Things I Hate - Bullet For My Valen	http://guitarflash.me/?gfcMus=2MMVXA2MW1YX
Full Speed X - Mike Orlando	http://guitarflash.me/?gfcMus=1RYKTX3IE6QS
Trenches - Pop Evil	http://guitarflash.me/?gfcMus=M2VFJU5VMJH4
Custer - Slipknot	http://guitarflash.me/?gfcMus=TNGNY9SFJ1DH
Ansatsu Kyoushitsu Second Season - Ending 2 -	http://guitarflash.me/?gfcMus=FXCVRFHORGR2
Opus pocus - Jason Becker	http://guitarflash.me/?gfcMus=W97VWJQ9X52C
Enloquecer - La Beriso	http://guitarflash.me/?gfcMus=T7BKQGQ18GJE
Get To The Choppa - Austrian Death Machine	http://guitarflash.me/?gfcMus=0NWX5IRC59LX
Mr. Brightside - The Killers	http://guitarflash.me/?gfcMus=O93HF3Q90SGW
Seventeen  - Winger	http://guitarflash.me/?gfcMus=ONP930CLIPID
Threshold - Sex Bob-Omb	http://guitarflash.me/?gfcMus=V7QXHEDWLKMT
Bachs Tocatta in Dminor - Steve Ouimette	http://guitarflash.me/?gfcMus=CEDF1VM0RLSP
Soulless - ExileLord	http://guitarflash.me/?gfcMus=7ENYEVBQYMXM
Damage Control - John Petrucci	http://guitarflash.me/?gfcMus=XU7E0I6YXUPT
Empire Ants (feat. Little Dragon) - Gorillaz	http://guitarflash.me/?gfcMus=XKWPMTIUBGR5
Rock n Roll Train - AC/DC	http://guitarflash.me/?gfcMus=E2Y3PX60O9UI
Goku_vs_Naruto_2_picas_Batallas_de_Rap_del_Fr	http://guitarflash.me/?gfcMus=FLCXGUY1DT4L
Nocturne Thule - Eternal Tears Of Sorrow	http://guitarflash.me/?gfcMus=RPKH1JQ88V1N
[Chainsaw Man] KICK BACK - Kenshi Yonezu	http://guitarflash.me/?gfcMus=1OI0H2C11PYK
Angel Of Mercy - Black Label Society	http://guitarflash.me/?gfcMus=P780UTKTCTF0
Chozetsu Dynamic - Dragon Ball	http://guitarflash.me/?gfcMus=6O708KP7LWIK
Coming Home - Avenged Sevenfold	http://guitarflash.me/?gfcMus=15RENJ0RNBRG
And I Love Her - The Beatles	http://guitarflash.me/?gfcMus=LIAUBGOHDRLG
Gematria (The Killing Name) - Slipknot	http://guitarflash.me/?gfcMus=USEMJ14I417A
Naruto Shippuuden 2nd Opening	http://guitarflash.me/?gfcMus=3FK2E0HM3W4X
Fantastic - Dirty Ninoff	http://guitarflash.me/?gfcMus=QEWEGIXCVYM8
Paganini 5th Caprice - Jason Becker	http://guitarflash.me/?gfcMus=RS65S1XTVFQD
End Of Days - Bullet For My Valentine	http://guitarflash.me/?gfcMus=9OGDSS148SMU
Eminem - RAP GOD Fast Part! - Eminem	http://guitarflash.me/?gfcMus=13XQ09MGRE3V
Panophobia - The Agonist	http://guitarflash.me/?gfcMus=7B88JKTG1T6F
To Be Continued.. Song - Yes	http://guitarflash.me/?gfcMus=VTUQ17OQNIAF
Turn Down for What - DJ Snake ft Lil Jon	http://guitarflash.me/?gfcMus=VPOT0O7AQ6SG
Scarlet Rose - Lilly	http://guitarflash.me/?gfcMus=MY4K89EMOAAA
Cathedral - Van Halen	http://guitarflash.me/?gfcMus=S8AJ7UBYLUVQ
Animal I Have Become - Three Days Grace	http://guitarflash.me/?gfcMus=54YGFBKI8D89
The Ghost of You 2da Guitarra - My Chemical R	http://guitarflash.me/?gfcMus=O8AFT36RYDE3
Glorious Aggressor - Galneryus	http://guitarflash.me/?gfcMus=EAPK7MJKUVEK
Nev Plays -  Wizards in  Winter (TSO) Launchp	http://guitarflash.me/?gfcMus=7FHF2W722EMJ
Rocker - AC/DC	http://guitarflash.me/?gfcMus=XMR5CM51S043
Night Terror - Dream Theater	http://guitarflash.me/?gfcMus=AANQJ21XEF9I
Al Otro Lado Del Silencio - Angeles Del Infie	http://guitarflash.me/?gfcMus=ATF8REXITPSO
The Revolution - AQUARIA	http://guitarflash.me/?gfcMus=F9ITAPBAWAFO
Dead Set On Suicide - Cattle Decapitation	http://guitarflash.me/?gfcMus=X4P368AWDUYC
Runaway - Galantis	http://guitarflash.me/?gfcMus=NN0DP93NJ0G1
In the Delight - Galneryus	http://guitarflash.me/?gfcMus=BUUJ718WQK7G
Gematria (The Killing Name) - Slipknot	http://guitarflash.me/?gfcMus=AV226GQ2BRUP
Cita En El Quirofano - Panda	http://guitarflash.me/?gfcMus=MC2TGPWT6PGN
The Only - Static-X	http://guitarflash.me/?gfcMus=FXFAE29KGD3T
Neon Love - TheMetea11	http://guitarflash.me/?gfcMus=T0I5GVSS7VCO
Chaos - 4 Skins	http://guitarflash.me/?gfcMus=2J3XGM9G3FVM
Metralha alteranada - No Artist Set	http://guitarflash.me/?gfcMus=S8EV2Q8GH47I
Halloween - fkliemwo	http://guitarflash.me/?gfcMus=OCO8IU8C3LUA
Decisions - Tony MacAlpine	http://guitarflash.me/?gfcMus=MJRONG4LL36N
King - Eluveitie	http://guitarflash.me/?gfcMus=7S7XIFX2M3C3
Scarified - Paul Gilbert	http://guitarflash.me/?gfcMus=JC3TCGD8KPYN
New Foundation - Jim Johnston	http://guitarflash.me/?gfcMus=R9B03C83TM8T
88 - Sum 41	http://guitarflash.me/?gfcMus=HW2UHG235FH3
No Thank You - K-ON!	http://guitarflash.me/?gfcMus=DHLAV9O3KVWE
Teste -	http://guitarflash.me/?gfcMus=XV225M9H2LE1
I Ran (So Far Away) - A Flock Of Seagulls	http://guitarflash.me/?gfcMus=PV81L0R1CYFJ
Still Loving You - Scorpions	http://guitarflash.me/?gfcMus=RKFGA348WN7O
La Danza Del Fuego - Mago De Oz	http://guitarflash.me/?gfcMus=81JSIP7330L2
Shadows Of Yesterday - Vinnie Moore	http://guitarflash.me/?gfcMus=UQOPQ5LOPOTS
Sweet Dreams - Marilyn Manson	http://guitarflash.me/?gfcMus=NXBS88OG7SQ2
Kon! Kon! feat. Bloodywood - Babymetal	http://guitarflash.me/?gfcMus=T2WWU8RIYLXJ
Erased - Dead by April	http://guitarflash.me/?gfcMus=AMPL4WO71DW0
Rock Do Seu Madruga - Turma Do Chaves	http://guitarflash.me/?gfcMus=R0YC3CF25UXH
Radio Video - System Of A Down	http://guitarflash.me/?gfcMus=PNMMMNJFU7I0
Black Fire - Dragonforce	http://guitarflash.me/?gfcMus=8F13VIWCPE7R
Mozart Rondo Alla Turca - Charlie Parra	http://guitarflash.me/?gfcMus=OGYC6Q2NWQME
The Bards Revenge - Aeon Bridge	http://guitarflash.me/?gfcMus=NG7YFP5FHF9A
One Way or Another - One Direction	http://guitarflash.me/?gfcMus=W1MBC030H8HS
Fear The World - Sylosis	http://guitarflash.me/?gfcMus=AVWS3AOY77JW
Posedion - Revenge The Fate	http://guitarflash.me/?gfcMus=69YCA4Q1FHP4
Operacão Lava Jato Steel Impeachment Run Open	http://guitarflash.me/?gfcMus=01N2OAB6JFY6
Los 7 Solos Mas Perturbadores - Guitar Flash	http://guitarflash.me/?gfcMus=8416TCHJNCDN
Home - Three Days Grace	http://guitarflash.me/?gfcMus=6P8M82S61LIB
No Boundaries - Michael Angelo Batio	http://guitarflash.me/?gfcMus=FQJEP6O1X8KC
Void Act - Tears Of Tragedy	http://guitarflash.me/?gfcMus=F8FFDOFJVT9L
Alone - Bullet for my valentine	http://guitarflash.me/?gfcMus=DUL5SS6F5G97
Rock dos Memes - ...	http://guitarflash.me/?gfcMus=I0BMHDJXRAXR
Evil Twin - Anthrax	http://guitarflash.me/?gfcMus=GM2CKJPCQR51
Raise My Sword - Galneryus	http://guitarflash.me/?gfcMus=5R0A800JU5V7
What Happened To You - The Offspring	http://guitarflash.me/?gfcMus=GPIYQW23BOK9
Judas Priest - Anthrax	http://guitarflash.me/?gfcMus=WK3KPINWUQ2O
Closer (Nine Inch Nails Cover) - Asking Alexa	http://guitarflash.me/?gfcMus=N6X7ABMW3DBM
Hear My Call - Ari Koivunen	http://guitarflash.me/?gfcMus=C5Q8MTCUWUPG
Dearly Beloved Kingdom Hearts Guitar Cover -	http://guitarflash.me/?gfcMus=OW49EBM1G5FT
Time Is Running Out - Muse	http://guitarflash.me/?gfcMus=B9FGG4AW8KXW
Du Hast  - Rammstein	http://guitarflash.me/?gfcMus=63UKYYKDPG8F
Cusp Of Eternity - Opeth	http://guitarflash.me/?gfcMus=R7LVA789N4TO
Highly Strung - Orianthi ft. Steve Vai	http://guitarflash.me/?gfcMus=DSRMD2EPA1JA
Mirror of Delusion - Edu Falaschi	http://guitarflash.me/?gfcMus=QLJPTOP8ENUT
BENG BENG - Crazy Frog	http://guitarflash.me/?gfcMus=J8QU70APBW7I
Kyoto - Skrillex	http://guitarflash.me/?gfcMus=T0GG53FCCXOA
Someone Somewhere - Asking Alexandria	http://guitarflash.me/?gfcMus=25H6SPN4LJT5
The Warrior Inside - DragonForce	http://guitarflash.me/?gfcMus=P86DBQ1RAIRL
Forever (Drake Cover) - Crown The Empire	http://guitarflash.me/?gfcMus=BIW460NNER7R
Hokages funeral - No Artist Set	http://guitarflash.me/?gfcMus=ETCUQUFFYMXL
Amalgamation (+ Sp) - Exilelord	http://guitarflash.me/?gfcMus=QT8CUSSM5MET
Phantom Of The Opera - Iron Maiden	http://guitarflash.me/?gfcMus=C0U12CIEDEP1
Ballad of Dreamy Tim - TheMetea11	http://guitarflash.me/?gfcMus=SE8EKURBJ6EV
Desafio lml - Ernesto Engels Sykes	http://guitarflash.me/?gfcMus=UYCOXA1UUIP3
Solo - War Eternal - Arch Enemy	http://guitarflash.me/?gfcMus=QI7NDWC9PLF0
Garnachas - Vete A La Versh	http://guitarflash.me/?gfcMus=DMX4UXVU8YCW
Let Me Go, Rock And Roll - Kiss	http://guitarflash.me/?gfcMus=F555W8J67BN5
Altar of Sacrifice - Slayer	http://guitarflash.me/?gfcMus=XJ5L6CE44K2C
edning 2 dragon ball super [cover en español]	http://guitarflash.me/?gfcMus=M9KM83R8SBDP
Tie My Rope - Children Of Bodom	http://guitarflash.me/?gfcMus=FPS2D7S5CYJW
TRICICLO PERU - Los mojarras	http://guitarflash.me/?gfcMus=WIQE30E7KYB8
2 SP Fury - DragonForce	http://guitarflash.me/?gfcMus=8Q92BKYP960E
Suite-Pee - System Of A Down	http://guitarflash.me/?gfcMus=L1BAIDGMD7QH
Fury Metralhas 5x - Adriano Hipy	http://guitarflash.me/?gfcMus=BDXAO9HH1O1L
Sugar Foot Rag - John 5	http://guitarflash.me/?gfcMus=3FI9RWSPTOSW
A.D.I.D.A.S - Korn	http://guitarflash.me/?gfcMus=1L1UKQIX2KKA
Convicted In Life - Sepultura	http://guitarflash.me/?gfcMus=8LEOAV5ORGSY
Shes Like Heroin - System Of a Down	http://guitarflash.me/?gfcMus=KJLW39T97LV4
What The Dead Men Say - Trivium	http://guitarflash.me/?gfcMus=0M1F66KKM88C
Chainsaw Man Ending 02 - ZUTOMAYO	http://guitarflash.me/?gfcMus=QLJRN5AIL3IS
The Zephyr Song  - Red Hot Chili Peppers	http://guitarflash.me/?gfcMus=GQF64SD62G98
Cyclotron - 7 for 4	http://guitarflash.me/?gfcMus=5F1A2XWM93JQ
Perfect Weapon - Black Veil Brides	http://guitarflash.me/?gfcMus=2I5URN4WPJJM
Fairy  - The King of Fighters	http://guitarflash.me/?gfcMus=7H9DBMG3NK0P
Save Me - Avenged Sevenfold	http://guitarflash.me/?gfcMus=682XWYYWVK1I
[Chuunibyou] INSIDE IDENTITY - Black Raison D	http://guitarflash.me/?gfcMus=D0FRLFBV80F8
Pretend Were Dead - L7	http://guitarflash.me/?gfcMus=EQYWY27YNGUR
Jam On It - Mike Orlando	http://guitarflash.me/?gfcMus=4A5X294LQDDC
Zoidberg The Cowboy - Schmutz06	http://guitarflash.me/?gfcMus=6LOSW6VQSQRM
Alejandro Silva  - Neopangea	http://guitarflash.me/?gfcMus=QGLR4DXF13O0
Emotions - Galneryus	http://guitarflash.me/?gfcMus=3IV9GXBAQ38Q
Propaganda - Skol Beats Senses - Baby Baby -	http://guitarflash.me/?gfcMus=GJFWNSK02T3X
The Game - Motorhead	http://guitarflash.me/?gfcMus=134UXNSSAA21
Hollywood Whore - Papa Roach	http://guitarflash.me/?gfcMus=CDHWYROCVSR5
Thank You - Led Zeppelin BD08 - Tesla	http://guitarflash.me/?gfcMus=6U4Y8QM7IBOP
Peacemaker - Sonata Arctica	http://guitarflash.me/?gfcMus=ALOS4657TIWM
It Dwells On Me - All That Remains	http://guitarflash.me/?gfcMus=FPWG2KAVFOIO
Guilty All The Same - Linkin Park	http://guitarflash.me/?gfcMus=3PX860R16VED
Megaman X - FamilyJules7x	http://guitarflash.me/?gfcMus=4OXOHS0I6G2B
Higinia - Blessthefall	http://guitarflash.me/?gfcMus=86TP9399IR2J
3999 Ode to Insanity - Callum Whyte	http://guitarflash.me/?gfcMus=82M2YJ3868L6
Impresionante - super solo	http://guitarflash.me/?gfcMus=NHY2U7A6PBY4
Bulls In The Bronx - Pierce The Veil	http://guitarflash.me/?gfcMus=BPTW36DS59P9
The Left Side Of Everywhere - Sleeping With S	http://guitarflash.me/?gfcMus=MYD88HBFTDQ6
Scream - Avenged Sevenfold	http://guitarflash.me/?gfcMus=M9MAOELEGTD4
Solo SOTK Trans3p4 - Adriano Hipy	http://guitarflash.me/?gfcMus=5Q6IFXRHDIU0
Cant Stop - Red Hot Chili Peppers	http://guitarflash.me/?gfcMus=CF81UOE1G3SA
Ring of Fire (cover) - DragonForce	http://guitarflash.me/?gfcMus=T9Y83IEPJLXR
Psycho - System Of A Down	http://guitarflash.me/?gfcMus=JITOH0SRE0UN
Nao e Normal - NX Zero	http://guitarflash.me/?gfcMus=C3CED0SUYPGM
Guitar VS Violin - Charlie parra	http://guitarflash.me/?gfcMus=JJMJ3RW8MBVU
Escaping - Kiko Loureiro	http://guitarflash.me/?gfcMus=LKXFVSFQV8YU
CAFO - Animals As Leaders	http://guitarflash.me/?gfcMus=W89UJVW70ID1
4rg4 - 3gr3rg3f	http://guitarflash.me/?gfcMus=GIIFNWELQ3WD
Ocean Man - Ween	http://guitarflash.me/?gfcMus=Y4D38VOEPGCN
Blue  - System Of A Down	http://guitarflash.me/?gfcMus=11DSY0E8B7CV
Deep Six - Marilyn Manson	http://guitarflash.me/?gfcMus=66DQD45OXEND
OST 10 Pinch Tourai! - To Love-Ru	http://guitarflash.me/?gfcMus=YFPBQLT7K4M3
Anything - An Endless Sporadic	http://guitarflash.me/?gfcMus=SGRFDTVXS05V
Monster - Skillet	http://guitarflash.me/?gfcMus=CSXCBXN19LI6
Liar - One Ok Rock	http://guitarflash.me/?gfcMus=PCIBIXT5Y37Q
Valley of the Damned  - DragonForce	http://guitarflash.me/?gfcMus=9PDJ9G23DCYT
Fantastica Aventura - Projeto Remake	http://guitarflash.me/?gfcMus=PHLBRKQX1I12
Reset The Game  - Treino Modificado	http://guitarflash.me/?gfcMus=V1RCX4XULUSB
Extreme Power Metal - DragonForce	http://guitarflash.me/?gfcMus=JEK7QUDJKSE9
War - System of a Down	http://guitarflash.me/?gfcMus=ONNEP6SAHT6C
Black Diamond - Stratovarius	http://guitarflash.me/?gfcMus=DCGM5AY5UX4P
Ghosts Of Forgotten Worlds - Rhapsody of Fire	http://guitarflash.me/?gfcMus=NTX4VPXDHTYJ
Shinkokyuu - Naruto Shippuden	http://guitarflash.me/?gfcMus=3BAVC2NYGQ16
Infected Voice - Sepultura	http://guitarflash.me/?gfcMus=CL6TBGK8T6YG
Unbound (The Wild Ride) - Avenged Sevenfold	http://guitarflash.me/?gfcMus=TQXV4575JMRF
Savin Me - Nickelback	http://guitarflash.me/?gfcMus=1UGX5LDY0IHE
The Sound of Truth - As I Lay Dying	http://guitarflash.me/?gfcMus=Y59G48PA0K1L
Psycho - Muse	http://guitarflash.me/?gfcMus=MO66HNW8O14V
[GUMI] Poker Face - Nanaki	http://guitarflash.me/?gfcMus=JGAHM1J9X8F2
Moonlight Sonata - Tina S	http://guitarflash.me/?gfcMus=L4WVFD2YUBT7
Big Sur Moon - Buckethead	http://guitarflash.me/?gfcMus=H7855R8FO4GY
Deathfire Grasp - Pentakill	http://guitarflash.me/?gfcMus=283RPPAG3MVU
Sweep Blade Master - Gabriel Hidalgo	http://guitarflash.me/?gfcMus=CPN681TDLGEE
La Voz Dormida - Mago de Oz	http://guitarflash.me/?gfcMus=VJP0IW14D3MA
Debonaire  - Dope	http://guitarflash.me/?gfcMus=SNTFY4MST2MI
The Shattered God - Black Veil Brides	http://guitarflash.me/?gfcMus=FVTF2Q6VC3PS
Kimi to Anime Ga Mitai - BABYMETAL	http://guitarflash.me/?gfcMus=N9CSYU8GFGQ7
Pacman Wizard - Schmutz06	http://guitarflash.me/?gfcMus=YJXW7OFXQ7FG
The House Of Wolves - Bring Me The Horizon	http://guitarflash.me/?gfcMus=LCFPRU2NV0ED
Falling Away From Me - Korn	http://guitarflash.me/?gfcMus=0L9GVGBJ12U7
[[Haikyuu]] Imagination - SPYAIR	http://guitarflash.me/?gfcMus=J7NIYGJ6G17E
Heart Of A Dragon - Dragonforce	http://guitarflash.me/?gfcMus=GVGM2VCI22FR
Exposed As A Liar - Jinjer	http://guitarflash.me/?gfcMus=PSSDL6U0LMBC
The Crusade - Trivium	http://guitarflash.me/?gfcMus=WTUU7YKH98M3
Zetsubou Billy - DEATH NOTE	http://guitarflash.me/?gfcMus=184IV0864188
Monopoly On Truth - Epica	http://guitarflash.me/?gfcMus=LIJKUP3PCPV1
Sick Of It - Skillet	http://guitarflash.me/?gfcMus=2J4WJDYCI8JM
For Whom the Bell Tolls  - Metallica	http://guitarflash.me/?gfcMus=OHQFO0VAJE08
Power Rangers Mighty Morphin - Buckethead	http://guitarflash.me/?gfcMus=IMJJVTB9XBVI
Haunted - Annihilator	http://guitarflash.me/?gfcMus=A0BFMAUSPPMG
Breaking The Law - Judas Priest	http://guitarflash.me/?gfcMus=02KF57R5H5BR
Yesterday Dont Mean Shit - Pantera	http://guitarflash.me/?gfcMus=V8GLGS5HX3CV
Du Hast - Rammstein	http://guitarflash.me/?gfcMus=ODFGKJTRAL82
First Stage - Megaman X3	http://guitarflash.me/?gfcMus=HYNRKH071DV3
Enjoy The Ride - Symbolica	http://guitarflash.me/?gfcMus=58AIBGIFAT0E
The Quest - GUS G	http://guitarflash.me/?gfcMus=U2UI6E9EOLSR
Cant Stop - Red Hot Chili Peppers	http://guitarflash.me/?gfcMus=AQUD0NAVD12C
Wheels 3 SP Solo - Adriano Hipy	http://guitarflash.me/?gfcMus=DV75BV5UUGYU
Monarchy of Roses  - Red Hot Chili Peppers	http://guitarflash.me/?gfcMus=TD99YNBML2PW
Road Of Resistance 3sp - Babymetal	http://guitarflash.me/?gfcMus=M7XXYRUFVYNC
Problem (Ariana Grande Cover) Post hardcore -	http://guitarflash.me/?gfcMus=XNIGPL1XE96I
Qwerty - Linkin Park	http://guitarflash.me/?gfcMus=T0FS8C29C0DK
Suck My Kiss - red hot chili peppers	http://guitarflash.me/?gfcMus=TV79MQ1RCD86
Patterns 2++ - Schmuts06	http://guitarflash.me/?gfcMus=VFHK6UM8DWIJ
Pirate Fortress - Artificial Fear	http://guitarflash.me/?gfcMus=KTVMAE2M1GIS
Guitar Battle - Slash	http://guitarflash.me/?gfcMus=0NV48IX8C79K
The Game - Dragonforce	http://guitarflash.me/?gfcMus=PGRJXJHVKV0U
Give Me The Night - DragonForce	http://guitarflash.me/?gfcMus=KG0C3HI2BQ5E
Sektor 6000  - Victor Hugo	http://guitarflash.me/?gfcMus=PBJ7WRDH00JR
The Ballad Of Buckethead - Buckethead	http://guitarflash.me/?gfcMus=304M3TIYQ3DW
Epidox (Updated) SP - Exilelord	http://guitarflash.me/?gfcMus=9UGWILVV13SE
World Painted Blood - Slayer	http://guitarflash.me/?gfcMus=HP8N4DU0H8MY
Warriors - Imagine Dragons	http://guitarflash.me/?gfcMus=OQ8DNNBMJ89C
Vodka - Korpiklaani	http://guitarflash.me/?gfcMus=5BNJUYL9DN48
YYZ - Rush	http://guitarflash.me/?gfcMus=LXSX17QGYBOV
Overdrive - Hitomi Harada	http://guitarflash.me/?gfcMus=QSHCQLYCC0DO
Trve Cvte - Mel	http://guitarflash.me/?gfcMus=TLY5E3WDX8L8
Jesus Cry 2.0 - Command6	http://guitarflash.me/?gfcMus=V1T29WCBGTGO
Dark Fate Of Atlantis - Luca Turillis Rhapsod	http://guitarflash.me/?gfcMus=8NSM5G3YHEKT
Hall of the mountain King - Apocalyptica	http://guitarflash.me/?gfcMus=EGESS3G3LVL5
8-bit Anthem - The GAG Quartet	http://guitarflash.me/?gfcMus=NFFUY70NAJKH
Misirlou - Dick Dale	http://guitarflash.me/?gfcMus=T5IYH8F27K6I
Molinos De Viento - Mago De Oz	http://guitarflash.me/?gfcMus=HDDTP7IOLIXN
So What - Metallica	http://guitarflash.me/?gfcMus=9K1VDS16V77X
FMA - Rasengan	http://guitarflash.me/?gfcMus=32MYJ0865XGI
Volumen 6 - Varias Bandas	http://guitarflash.me/?gfcMus=Y1XJETN4JSL4
Between Angels And Insects - Papa Roach	http://guitarflash.me/?gfcMus=Q7V7WQFBGKSY
Ich Will - Rammstein	http://guitarflash.me/?gfcMus=O7HOHUOWQKDJ
John Petrucci Style - Andy James	http://guitarflash.me/?gfcMus=3SDR02SACJ6X
Distortion - Babymetal	http://guitarflash.me/?gfcMus=IQTTMPAGYDC9
Test Quint And AnyTest - You can FC?	http://guitarflash.me/?gfcMus=LMOIQP5FHI10
Not The American Average - Asking Alexandria	http://guitarflash.me/?gfcMus=TYJB3HFQ1FOY
Parallel Universe  - Red Hot Chili Peppers	http://guitarflash.me/?gfcMus=JOT87SNJ7A08
Atrapalos Ya - Pokémon Óscar Roa	http://guitarflash.me/?gfcMus=4WDQ76AAXXBF
tropa de elite - Mattheus Brown	http://guitarflash.me/?gfcMus=K93D2BM2EBY9
Metal Heavy Lady - Lions	http://guitarflash.me/?gfcMus=OS10T4XR6BX8
Game Of Thrones Theme - Charlie Parra	http://guitarflash.me/?gfcMus=VS04A5LKETWV
Desafio SP 3 (Frenetic Mode) - Adriano Hipy	http://guitarflash.me/?gfcMus=QD2TMP5A7ILN
Finally Home (1 SP) - Shaman	http://guitarflash.me/?gfcMus=BIXYKT70FNIR
Mario Bros Meets Metal	http://guitarflash.me/?gfcMus=O89NRKXWDQQP
Synyster Gates Master Class Solo - Synyster G	http://guitarflash.me/?gfcMus=PNHMU19TX0VH
Fuel - Metallica	http://guitarflash.me/?gfcMus=5JE6FO5PQ8BW
Solo Changes - Adriano Hipy	http://guitarflash.me/?gfcMus=73MXQ0HM5QLJ
Too Much - Dragonforce	http://guitarflash.me/?gfcMus=G7NJPOKT1GEE
AI SAMARA - uiuiuiuiiuuuiiiuuiuiuiiiiuuiii	http://guitarflash.me/?gfcMus=ODKLF7A8EPJ7
Duat - Stephan Forte	http://guitarflash.me/?gfcMus=AJ17ML3SOT78
Wolves - Machine Head	http://guitarflash.me/?gfcMus=P4LE02PPGS7A
Traveller In Time Pack - Structural Vortex	http://guitarflash.me/?gfcMus=G97SF5FMNNG1
Faith and Decision - Versailles	http://guitarflash.me/?gfcMus=VEJJS7R5FAT7
Hells Bells - AC/DC	http://guitarflash.me/?gfcMus=SX1L28CGENXF
Guns N Roses-Sweet Child O Mine	http://guitarflash.me/?gfcMus=OX3EXQCU0HGS
An Erisian Autumn - Angel Vivaldi	http://guitarflash.me/?gfcMus=XAQ8XAWI0LSL
Dragon Ball Z Kai  - Abertura	http://guitarflash.me/?gfcMus=223D4XLKHAEY
W.Y.W.Y - The Killers	http://guitarflash.me/?gfcMus=CGWOQCGRESUC
RAP DEL ANIME - Doblecero	http://guitarflash.me/?gfcMus=8X47T6LJQW6I
The Sleep - Pantera	http://guitarflash.me/?gfcMus=GF9UI9WOWJXB
DNA Uber Solo Updata - Sidney 600	http://guitarflash.me/?gfcMus=5L1TUHH9G5DA
I Found A Way - Drake Bell	http://guitarflash.me/?gfcMus=0X38VKNJ3Q8T
Anjos - O Rappa	http://guitarflash.me/?gfcMus=H83QYK0HDLHJ
Perpetual Burn - Jason Becker	http://guitarflash.me/?gfcMus=34LSWEM8BF58
EDTrio Chart --  - void222x	http://guitarflash.me/?gfcMus=WTJGCWRSFBN5
tje imperio atack xD - No ahi	http://guitarflash.me/?gfcMus=GWC39IOVRFRD
Dig - Mudvayne	http://guitarflash.me/?gfcMus=1SRH97R9TWFY
Onde Estiver - Gloria	http://guitarflash.me/?gfcMus=DTKCS1MFXL9T
Angel Of Salvation (solo) - Galneryus	http://guitarflash.me/?gfcMus=9IDHSPPX5US7
Dawn Appears - Buckethead	http://guitarflash.me/?gfcMus=9OB57GP9B1BP
La Cruz de Santiago - Mago De Oz	http://guitarflash.me/?gfcMus=K8CA4N7IE994
The Vengeance - Black Veil Brides	http://guitarflash.me/?gfcMus=RINFBVQ14VOJ
Trogdor - Strong Bad	http://guitarflash.me/?gfcMus=60IANH642S40
Guitar Battle - Slash GH	http://guitarflash.me/?gfcMus=AT8DLX3LUMT6
Dioses eternos - Saurom	http://guitarflash.me/?gfcMus=U71F7WQULX9R
UFO  - schmutz06	http://guitarflash.me/?gfcMus=TODV9EDNV1DF
another brick in the wall - pink floyd	http://guitarflash.me/?gfcMus=C2ILMP9NVU3F
2 Die 4 - John 5	http://guitarflash.me/?gfcMus=XJ5K943YICPC
Torn in Two - Breaking Benjamin	http://guitarflash.me/?gfcMus=LXY2YLWRH7N1
Prototype  - Metallicais1337	http://guitarflash.me/?gfcMus=VYYSL5V057RE
Ich Will - Rammstein	http://guitarflash.me/?gfcMus=EBFYBBBV8SF0
minatorap. - No Artist Set	http://guitarflash.me/?gfcMus=4JMMLM2L40A6
Crash Course In Brain Surgery - Metallica	http://guitarflash.me/?gfcMus=UKSITHYJFVA1
Kickstart My Heart - Motley Crue	http://guitarflash.me/?gfcMus=RWFHDDHA3XV5
Peacemaker - Green Day	http://guitarflash.me/?gfcMus=R51WCPPVLPRO
Chasing The Light (RBN Chart) - Nautiluz	http://guitarflash.me/?gfcMus=VWGF7QVO64CS
Carry On - Avenged Sevenfold	http://guitarflash.me/?gfcMus=4HVPSQJSQMWN
T.F.C - Arrange	http://guitarflash.me/?gfcMus=HODY21HCSALQ
Regresa - Eramoza	http://guitarflash.me/?gfcMus=5JCCY3UJBJBV
My Spirit Will Go On - DragonForce	http://guitarflash.me/?gfcMus=6BBJWM0QP9HJ
solo trivium.mp3 - No Artist Set	http://guitarflash.me/?gfcMus=5OI3XL642Y58
Poison Heart - Ramones	http://guitarflash.me/?gfcMus=NORI30IJD4IT
The Downfall Of Us All - A Day to Remember	http://guitarflash.me/?gfcMus=H4WTW2I1F90J
The Art of Shredding - Pantera	http://guitarflash.me/?gfcMus=TD7QQV42X1Q6
Guitar Vs Piano - Goukisan	http://guitarflash.me/?gfcMus=LODVEK5JMM3R
Highway Song - Blackfoot	http://guitarflash.me/?gfcMus=JB3WNROO0YMB
The Metal - Tenacious D	http://guitarflash.me/?gfcMus=FVP7GDU1GBDO
Whatever - Our Lady Peace	http://guitarflash.me/?gfcMus=JM6NJO6E91XT
Open The Tcheca - MC Lan	http://guitarflash.me/?gfcMus=FSC50MH1R9XV
Charlie - Red Hot Chili Peppers	http://guitarflash.me/?gfcMus=EFQ0B9XNO2V5
Eminem Revenge - Emi	http://guitarflash.me/?gfcMus=CVJ03FUMW59V
Save Me - Remy Zero	http://guitarflash.me/?gfcMus=08O8DL8WRE4G
Thats What You Get - Paramore	http://guitarflash.me/?gfcMus=QV1A79RI6KG0
_Kick Buttowski Theme Song_ (Guitar Cover) -	http://guitarflash.me/?gfcMus=KST35DJWR762
Canción De Batalla - Dragon Ball Z	http://guitarflash.me/?gfcMus=XYR2RYDKMEGJ
Snuff - Slipknot	http://guitarflash.me/?gfcMus=7KO39PN805FW
Intense Torture - Schmutz06	http://guitarflash.me/?gfcMus=43CKL6QMV9TL
Mi Ángel  - Jorge Suárez	http://guitarflash.me/?gfcMus=1UJAC55IUDHI
Final Wars - Buckethead	http://guitarflash.me/?gfcMus=BC12E4V9PO1M
Eruption Guitar Solo - Edward Lodewijk Van Ha	http://guitarflash.me/?gfcMus=QHB052JV732R
Drown - Bring Me The Horizon	http://guitarflash.me/?gfcMus=U7V49A4IAWAY
Save Me - Avenged Sevenfold	http://guitarflash.me/?gfcMus=REM3WQG4GBCX
Tears Dont Fall part 2 - Bullet For My Valent	http://guitarflash.me/?gfcMus=ULIV1WFP7L0G
Colorful - Miku Sawai	http://guitarflash.me/?gfcMus=1W5BRGE35LJ6
Izzy Glow - Megaman X5 OST	http://guitarflash.me/?gfcMus=YH7O50UIK72N
Be Quiet And Drive (Far Away) - Deftones	http://guitarflash.me/?gfcMus=1MOG3BKB69AO
If Everyone Cared - Nickelback	http://guitarflash.me/?gfcMus=6RRQRQR7249A
Reincarnate - Motionless In White	http://guitarflash.me/?gfcMus=2SO1R4E3YJG8
Lous Revenge - Steve Ouimette	http://guitarflash.me/?gfcMus=VKB8UP1S1N1K
RecomeCo - John Wayne	http://guitarflash.me/?gfcMus=NIXYJVYPB2BG
Smooth Criminal - Alien Ant Farm	http://guitarflash.me/?gfcMus=V1QKVLO0Y85X
OGAP Solo Invertido - Adriano Hipy	http://guitarflash.me/?gfcMus=0EF5ATJUCD0F
Requiem For A Dream - Eric Calderone	http://guitarflash.me/?gfcMus=RLFDYRSRHEJ1
Solo cry apenas duplas - Dragonforce	http://guitarflash.me/?gfcMus=WIF056VNCAOA
The Pain - Lacuna Coil	http://guitarflash.me/?gfcMus=OGVUSFEDG5BN
Millenium Of Death - Monumental Torment	http://guitarflash.me/?gfcMus=LCENDS1B2Y3O
Miss Atomic Bomb - The Killers	http://guitarflash.me/?gfcMus=YN2V0WRSG8VF
No Sleep - Martin Garrix feat. Bonn	http://guitarflash.me/?gfcMus=B59KCT3LVGSW
Sir Duke - Stevie Wonder	http://guitarflash.me/?gfcMus=HJARVWTECHGT
Hollow Bodies - Blessthefall	http://guitarflash.me/?gfcMus=UQQ11G34YCHW
Nine Thou - Styles Of Beyond	http://guitarflash.me/?gfcMus=6GLK98IL44M1
Decode - Paramore	http://guitarflash.me/?gfcMus=PTJQSLB6DB1R
The Finish Line - Michael Angelo Batio	http://guitarflash.me/?gfcMus=G466E2ADF5MT
San Sebastian - Sonata Arctica	http://guitarflash.me/?gfcMus=H27NAFXX3AYF
Solos Yngwie Malmsteen  - Editor GodelGF	http://guitarflash.me/?gfcMus=R7SPJFS10YH8
A L E A T O R I O  - Luccas_FC	http://guitarflash.me/?gfcMus=FT0QKY8AAQC9
Supernovae Turn For The Worst  - ArchWk (ft.	http://guitarflash.me/?gfcMus=1PDPHM0TBVCS
Surrender - Andra and the Backbone	http://guitarflash.me/?gfcMus=U3K2D46L9GHT
It s My Life - Bon Jovi	http://guitarflash.me/?gfcMus=YXKCRBEE91TN
Neo-Classical Sweep - Gentaro Satomura	http://guitarflash.me/?gfcMus=1NMNIYLABTMN
20th Century Fox Intro - Fox	http://guitarflash.me/?gfcMus=YT46XQA5OO2D
Armed Strobbery - Berried Alive	http://guitarflash.me/?gfcMus=NTWBVYEEAYY6
The synth wars Jack O Reilly X10 CHART -	http://guitarflash.me/?gfcMus=BDVLAOD6SXP7
Smooth Criminal - Alien Ant Farm	http://guitarflash.me/?gfcMus=0JP5RXGFKSGW
18 And Life (Skid Row Cover) - Asking Alexand	http://guitarflash.me/?gfcMus=20D2BJ6PIM07
Umbrella - All Time Low	http://guitarflash.me/?gfcMus=ARQ0AAS59B2K
Decadence - Disturbed	http://guitarflash.me/?gfcMus=6QVCX6G66S8C
Beethoven Virus Hard 2x speed - - Hard 2x spe	http://guitarflash.me/?gfcMus=J3JC60PAXUPS
Bachs Tocatta In Dminor - Steve Ouimette	http://guitarflash.me/?gfcMus=8G5BU21XDI08
Connect The Dots - Ayreon	http://guitarflash.me/?gfcMus=C1PQ1X67NK28
Guitar Battle - Tom Morello	http://guitarflash.me/?gfcMus=YETTLQ7O9IXH
On The Way To Ainor - Rhapsody Of Fire	http://guitarflash.me/?gfcMus=2APE5JM0SJX9
Engel - Rammstein	http://guitarflash.me/?gfcMus=SKB9NPSC1VVK
Better Off Dead - Sleeping With Sirens	http://guitarflash.me/?gfcMus=A0BERTAJIAYG
Tapped Out - Mike Orlando	http://guitarflash.me/?gfcMus=FU0RH8JFVXN9
Fury of the Storm ( Live ) - Dragonforce	http://guitarflash.me/?gfcMus=F3K6YQ1T5WK6
Vultures - Arch Enemy	http://guitarflash.me/?gfcMus=KHS7N9LJK16L
The Treeman - Buckethead	http://guitarflash.me/?gfcMus=SUNRIYPM3XT9
Talking To Myself - Linkin Park	http://guitarflash.me/?gfcMus=CR8Y4I7TGWSQ
Scorpions - No Pain No Gain	http://guitarflash.me/?gfcMus=GS1452LEIM07
Holiday - Green Day	http://guitarflash.me/?gfcMus=3LFD1MACRK0P
Unanswered - Suicide Silence	http://guitarflash.me/?gfcMus=B9H5RWND2JLA
Rat in Mi Kitchen - UB40	http://guitarflash.me/?gfcMus=3073JWV5LGDO
Middle Fingers Up - Attila	http://guitarflash.me/?gfcMus=FLEFT6MBTFFD
The Last Journey Home - DragonForce	http://guitarflash.me/?gfcMus=X0GLF3TOJNIX
Endless Story - Galneryus	http://guitarflash.me/?gfcMus=K0WVB0ATNOBP
Prodigy - Schmutz06	http://guitarflash.me/?gfcMus=7B6D5R950XTF
Look Around  - Red Hot Chili Peppers	http://guitarflash.me/?gfcMus=3ETRY9VU3UFI
No More Regrets - Arch Enemy	http://guitarflash.me/?gfcMus=LJ74ITJTAYXF
Gorgeous Nightmare - Escape The Fate	http://guitarflash.me/?gfcMus=CL9CM0HNVYM7
The Laugh Track - Ice Nine Kills	http://guitarflash.me/?gfcMus=VF83I3Y5RBJL
X Japan - Rusty Nail	http://guitarflash.me/?gfcMus=ALM4PL1VKRL9
Akatsuki - Babymetal	http://guitarflash.me/?gfcMus=YXJJOS5JNE5A
Prototype - Metallicais1337	http://guitarflash.me/?gfcMus=OR0CWDKN5EMI
The Reason - The Hoosbantank	http://guitarflash.me/?gfcMus=XDC1VJYU9UUY
Guitar Battle - Jani Liimatainen Vs Syu	http://guitarflash.me/?gfcMus=LQ7I2UIUHJRB
Solos Compilation - L O I S	http://guitarflash.me/?gfcMus=6RSM3SMNO8WA
Katharsis - Tokyo Ghoul	http://guitarflash.me/?gfcMus=NOWL0EOVV0HY
Universally Speaking - Red Hot Chili Peppers	http://guitarflash.me/?gfcMus=KPEIE28I2B3H
Crush My Battle Opponents Balls - Dethklok	http://guitarflash.me/?gfcMus=8384B3MW1N0T
Radio / Video - System Of A Down	http://guitarflash.me/?gfcMus=NXA9377RYJFC
Insomnia - Robert Marcello	http://guitarflash.me/?gfcMus=PLXF2SO7W15U
Metralha 1 Minuto e 30 Segs - Pierry	http://guitarflash.me/?gfcMus=V60S8FNV6991
Treino Cry Hard SOLO - Dragonforce	http://guitarflash.me/?gfcMus=SDLE3RSVU6O8
cinema - skrillex	http://guitarflash.me/?gfcMus=CL7O8FECM8BT
La Llave De La Puerta Secreta - Rata Blanca	http://guitarflash.me/?gfcMus=PRXSOLD3IDMR
ThePhantom Agony - Epica	http://guitarflash.me/?gfcMus=VUSPHL8O1WMR
Once In A Lifetime - DragonForce	http://guitarflash.me/?gfcMus=83HSVD151MAD
Broken - Seether	http://guitarflash.me/?gfcMus=LCD1EAXCM93Y
Mega Man X - FamilyJules7X	http://guitarflash.me/?gfcMus=JH9KAYOSB5R1
Kalimba.mp3 - No Artist Set	http://guitarflash.me/?gfcMus=7WLHSWI945FY
Pudim Amassado - Gato Galactico	http://guitarflash.me/?gfcMus=LYNKR8SM911F
Fade To Black (Terceiro SP) - Metallica	http://guitarflash.me/?gfcMus=41RKQFW49MFL
Go To Hell, For Heavens Sake - Bring Me The H	http://guitarflash.me/?gfcMus=P0J4FE020NJO
Sacrifice - Megurine Luka	http://guitarflash.me/?gfcMus=OJIGQF1OX9DD
PARKING LOT - Vant	http://guitarflash.me/?gfcMus=OTTV9DMIL2NE
Super Mario Guitar - Israel Rodrigues	http://guitarflash.me/?gfcMus=2AOL21D56WAV
Keine Lust - Rammstein	http://guitarflash.me/?gfcMus=24NC47USXG4X
Bleach OPENING 13 - No Artist Set	http://guitarflash.me/?gfcMus=COSFC7VFP1P6
Damage, Inc. - Metallica	http://guitarflash.me/?gfcMus=2FQ23V2DLB4G
Besitos - Pierce The Veil	http://guitarflash.me/?gfcMus=CF82RWO62A5A
Soulless 3 Solo - Exilelord	http://guitarflash.me/?gfcMus=GR0C2JCJV0CU
Solo Shadowmaker - Adriano Hipy	http://guitarflash.me/?gfcMus=3012D8K7U8EI
Surat YASIN untuk MANTAN - Vir Aun Editor God	http://guitarflash.me/?gfcMus=7I4Y5G94C21A
Throwdown - Mike Orlando	http://guitarflash.me/?gfcMus=SW7SBXT9CSK9
Lost In Hollywood - System Of A Down	http://guitarflash.me/?gfcMus=TK5BQK31A5W2
Arc of the Pendulum - Buckethead	http://guitarflash.me/?gfcMus=PLS52EC077H3
[Touhou] Future is undefined - Iron Attack	http://guitarflash.me/?gfcMus=OVCB2TN6F7EN
Cutting Edge - Kiko Loureiro	http://guitarflash.me/?gfcMus=GY382NNPYX5I
Test Your Keyboard  - GodelGF	http://guitarflash.me/?gfcMus=KTT43LT2DFI2
The Scorpion - Megadeth	http://guitarflash.me/?gfcMus=FRHL32Y4O09B
Turbo BumbleBee - Schmutz	http://guitarflash.me/?gfcMus=D3WYVT5B1677
over chart -	http://guitarflash.me/?gfcMus=RGURBXJMBCAN
Beyond - Metaljonus	http://guitarflash.me/?gfcMus=OA0OS02CQK4U
The Heart from Your Hate - Trivium	http://guitarflash.me/?gfcMus=KEBT9UL7KWR0
Solo SOTK Parte 1 - Adriano Hipy	http://guitarflash.me/?gfcMus=5GWQAK90YGVC
Alien Killer - Lazy Miko	http://guitarflash.me/?gfcMus=I14H35NE0KYX
Prison Song - SYSTEM OF A DOWN	http://guitarflash.me/?gfcMus=ECAJ553XWAGJ
Three Bastards - Infant Annihilator	http://guitarflash.me/?gfcMus=MMHNN10DW8PH
Like A Stone - Audioslave	http://guitarflash.me/?gfcMus=3AAYKL9LG80T
Until The End - Asking Alexandria	http://guitarflash.me/?gfcMus=QC10PPB6EFAB
Dragon Ball Z Abertura 1° - Chala Head Chala	http://guitarflash.me/?gfcMus=BHAAQXU4VO5Q
Children Of The Grave - White Zombie	http://guitarflash.me/?gfcMus=356197MWY1II
Radio/Video - System Of A Down	http://guitarflash.me/?gfcMus=SUIGKB3ARWUH
[Blood+] Seasons Call - HYDE	http://guitarflash.me/?gfcMus=KK9ONU2JI895
Duplas Utopia Overcharted - Uchiha GF	http://guitarflash.me/?gfcMus=U8O6UAN0CCBS
Cosas de la Vida - Eros Ramazzotti	http://guitarflash.me/?gfcMus=E724VTDWCV0S
While She Sleeps - Seven Hills (Audio) (1).mp	http://guitarflash.me/?gfcMus=2RV4CUQCJSQ2
Burn it Down - Linkin Park	http://guitarflash.me/?gfcMus=NX5X5JKFNIFJ
Pula - Tihuana	http://guitarflash.me/?gfcMus=U09R2MQBLSEE
Initiation - Crown the Empire	http://guitarflash.me/?gfcMus=6XL8DL1WIX4N
Welcome to violence - John 5	http://guitarflash.me/?gfcMus=9BPDIJ4WT499
Serene Evil - Unlucky Morpheus	http://guitarflash.me/?gfcMus=601XXHFC471J
Final OGAP 10x - Luccas_FC	http://guitarflash.me/?gfcMus=6SLHNKQ4WIXH
Blinded War - Kang Maomao	http://guitarflash.me/?gfcMus=F644FETYYHNH
And All Things Will End - Avenged Sevenfold	http://guitarflash.me/?gfcMus=QLLAVXI385IJ
Love is War - Hatsune Miku	http://guitarflash.me/?gfcMus=IGGJPX4BAOQ7
Enfermo - Kiko Loureiro	http://guitarflash.me/?gfcMus=HOB8T0SRD3LD
Unanswered - Suicide Silence	http://guitarflash.me/?gfcMus=W6GUIWT5SY6U
Cadaveria - Mago De Oz	http://guitarflash.me/?gfcMus=8CU2YNM0JV8G
High-Max - MegamanX6	http://guitarflash.me/?gfcMus=YRFSDM0WXCNL
Beverly Hills - Weezer	http://guitarflash.me/?gfcMus=FIXYO2QL2N0R
Bon Jovi  - Its my life	http://guitarflash.me/?gfcMus=02G2FTADEFB0
Procedimientos Para Llegar A Un Comun Acuerdo	http://guitarflash.me/?gfcMus=GQE9UI8KT497
Heart Shaped Box - Nirvana	http://guitarflash.me/?gfcMus=7WGB11RNFSST
San Sebastian - Sonata Arctica	http://guitarflash.me/?gfcMus=JVUANKYOER6T
Deviate From The Form - Scar Symmetry	http://guitarflash.me/?gfcMus=69NY9JJMR0F6
Savior - Skillet	http://guitarflash.me/?gfcMus=MH7N6W3SPS90
Kembalilah - Fiv Cards Miracle	http://guitarflash.me/?gfcMus=K391JGJ85ERI
Bubbles - System Of A Down	http://guitarflash.me/?gfcMus=NPT1ASQ405HK
E - p	http://guitarflash.me/?gfcMus=XTH374Q407C2
Utopia - Schmutz06	http://guitarflash.me/?gfcMus=05XDF6ADKHFX
God Is Dead - Black Sabbath	http://guitarflash.me/?gfcMus=MV0EO7OLINMY
The Mexican (2007 Remaster) (1) - Babe Ruth	http://guitarflash.me/?gfcMus=N9B3QTJV0AQS
Carry On - Avenged Sevenfold	http://guitarflash.me/?gfcMus=0KJXJ8YMMNT4
So Far Away - Avenged Sevenfold	http://guitarflash.me/?gfcMus=IU4RACMQ0D5R
[Mirai Nikki OVA] The Creator - Yousei Teikok	http://guitarflash.me/?gfcMus=V9IYLK76E7O0
Constant Motion - Dream Theater	http://guitarflash.me/?gfcMus=33LY0ES3HCSU
The Kill ( Bury Me ) - Thirty Seconds To Mars	http://guitarflash.me/?gfcMus=EU33RI0U5LBD
Se Parece Más A Ti - Jambao	http://guitarflash.me/?gfcMus=URJ4HX7U786P
Changes Solo - Mike Orlando	http://guitarflash.me/?gfcMus=HXVH5QFF1C6M
Aku Adalah Tuhan - Beside	http://guitarflash.me/?gfcMus=SOLIHDHFGP0C
Du Hast - Rammstein	http://guitarflash.me/?gfcMus=A70G7HBANLUF
The Other self - GRANRODEO(Kuroko no basket)	http://guitarflash.me/?gfcMus=DOFMBD22F0F5
Domination - Pantera	http://guitarflash.me/?gfcMus=RXA4L9AOLG8C
Nevermore - Symphony X	http://guitarflash.me/?gfcMus=BJQ15TRHH3KL
[Dragon Ball GT] Dan Dan Kokoro Hikaretek - t	http://guitarflash.me/?gfcMus=BO12HE9BVYO3
Blessed With A Curse - Bring Me The Horizon	http://guitarflash.me/?gfcMus=G1PVEPAE93JV
Metal Angry Birds - Jared Dines	http://guitarflash.me/?gfcMus=4PHTIAORFSSX
Sweet Lover - Chaska	http://guitarflash.me/?gfcMus=XGQYNC7AK1YS
Darklake Monster - Kang Maomao	http://guitarflash.me/?gfcMus=PW3NC2T7MOR4
Damaged - John 5	http://guitarflash.me/?gfcMus=UACM73TMUCPJ
Feliz Navidad - Mitch Baker	http://guitarflash.me/?gfcMus=PSN9NQON3QC7
Dark Necessities - Red Hot Chili Peppers (Ba	http://guitarflash.me/?gfcMus=1WX9RQK9E830
Perfect Insanity - Disturbed	http://guitarflash.me/?gfcMus=357SBPVRLN7V
Deviate From The Form Solo  - Scar Symmetry	http://guitarflash.me/?gfcMus=QO9QAIEL6VKA
Heroine - Sleeping With Sirens	http://guitarflash.me/?gfcMus=BM5NRLN5EEB5
Bull - TheMetea11	http://guitarflash.me/?gfcMus=Q2TSQDBD8MNE
The Diary of Jane (RHYTHMIC) - Breaking Benja	http://guitarflash.me/?gfcMus=2P52BFLX5YDW
Life After The End Of The World - Ringworm	http://guitarflash.me/?gfcMus=XIDHTMY8AG1J
In Too Deep - Sum 41	http://guitarflash.me/?gfcMus=2YQ9SPNBLRA6
Claymore - ~Raison dEtre~	http://guitarflash.me/?gfcMus=SEG7WT1XBSPF
Whisper In The Red Sky - Galneryus	http://guitarflash.me/?gfcMus=57HNQOEX1JY8
Spit Out the Bone - Metallica	http://guitarflash.me/?gfcMus=IMNRH6M4T47M
Perfect Weapon - Black Veil Brides	http://guitarflash.me/?gfcMus=Q2R591I7K4N0
Silent Night Bodom Night - Children Of Bodom	http://guitarflash.me/?gfcMus=KPG6RMCTA2EV
Where Dragons Rule - Dragonforce	http://guitarflash.me/?gfcMus=3M89IMNXL3CV
Triste Cancion De Amor - El Tri	http://guitarflash.me/?gfcMus=9NLV8JUOJSLX
Chaos;Child Opening - Kanako Ito	http://guitarflash.me/?gfcMus=HJ9VH393BL4S
Guilty All The Same - Linkin Park	http://guitarflash.me/?gfcMus=452NJT56VBJQ
Increible este es el mejor Dubstep Launchpad	http://guitarflash.me/?gfcMus=9L0VS8L49LJA
Black Or White - Michael Jackson	http://guitarflash.me/?gfcMus=MFPBRI3HPPUE
The Devil Went Down to Georgia - Steve Ouimet	http://guitarflash.me/?gfcMus=CQCG4602YVG6
Generation Hate - Memphis May Fire	http://guitarflash.me/?gfcMus=FSACFAH0WSAT
Erzas theme - Fairy Tail	http://guitarflash.me/?gfcMus=KFARUSLVQVFC
Burn It Down - Avenged Sevenfold	http://guitarflash.me/?gfcMus=8RBI82VSHXBH
Walk Wit Mah TiTs - J Hamster THEO Siggas	http://guitarflash.me/?gfcMus=XHMAP6NWOOYQ
Asche Zu Asche - Rammstein	http://guitarflash.me/?gfcMus=GSUU4N96SSCF
CLASSICAL METAL - COLOMBIA	http://guitarflash.me/?gfcMus=4DQKTQA7FW31
Ella Baila Sola - Eslabon Armado , Peso Pluma	http://guitarflash.me/?gfcMus=64RN630PUIKQ
Wake Up The Mountain - Helloween	http://guitarflash.me/?gfcMus=G0NC6W3TM1J5
Rosenrot - Rammstein	http://guitarflash.me/?gfcMus=OHM3T3YSN5OF
Seasons In The Abyss - Slayer	http://guitarflash.me/?gfcMus=XOHF8SAQ6F6U
Soul To Squeeze  - Red Hot Chili Peppers	http://guitarflash.me/?gfcMus=MLT33N84EQC3
OCCHOCO-REST-LESS - MYUKKE	http://guitarflash.me/?gfcMus=2TITJEXA1ETF
Highly Strung - Orianthi Ft Steve Vai	http://guitarflash.me/?gfcMus=OY0N5487XOSR
Tendangan Dari Langit - KOTAK	http://guitarflash.me/?gfcMus=CR7710X0TA5D
X-Men Meets Metal - Eric Calderone	http://guitarflash.me/?gfcMus=W96XQ0BJ5KPC
Assassination Classroom Opening 1	http://guitarflash.me/?gfcMus=9E38Y21UP1OF
Lonely Boy - The Black Keys	http://guitarflash.me/?gfcMus=E8T88JSS501M
A Most Profound Quiet - Alesana	http://guitarflash.me/?gfcMus=25MFS50CBCGX
Holy Wars... The Punishment Due - Megadeth	http://guitarflash.me/?gfcMus=OHUTBLO68CBY
The Wolf - Mumford and Sons	http://guitarflash.me/?gfcMus=TV3WULT5TVLE
Iine - Babymetal	http://guitarflash.me/?gfcMus=ERO999D1UW87
Porque No se Van - Los Prisioneros	http://guitarflash.me/?gfcMus=88C7TA5B4KSS
Engel - Rammstein	http://guitarflash.me/?gfcMus=PNIE0B8JYF7U
Rocket Queen - Guns N Roses	http://guitarflash.me/?gfcMus=7FK1ORGYIGXY
Revenga - System Of A Down	http://guitarflash.me/?gfcMus=P7AP6MX96R3D
Universal Mind - Liquid Tension Experiment	http://guitarflash.me/?gfcMus=536KWA6VDUU3
Play With Me - Extreme	http://guitarflash.me/?gfcMus=YY5MYL0D42VX
Spit It Out - Slipknot	http://guitarflash.me/?gfcMus=NFHJDR4YIAVU
Revenga - System Of a Down	http://guitarflash.me/?gfcMus=MLOR60MR3PCB
Sa Ngalan Ng Pag-Ibig - December Avenue	http://guitarflash.me/?gfcMus=LNHJFHERWQPT
The Outsider - Black Veil Brides	http://guitarflash.me/?gfcMus=FN7C9FA2965J
Solo Destiny Practice - Syu	http://guitarflash.me/?gfcMus=P4T93ASETSBS
mp3 - No Artist Set	http://guitarflash.me/?gfcMus=VPPPBQ2QDAHG
Replace You - Dead By April	http://guitarflash.me/?gfcMus=U9KM3W0C2PNE
Mordreds Song - Blind Guardian	http://guitarflash.me/?gfcMus=6V11IMQE36P2
BPM210 No Shanhai Arisu - Unlucky Morpheus	http://guitarflash.me/?gfcMus=1X1OORF0FP83
For Those Who Wait (DRUMS) - Fireflight	http://guitarflash.me/?gfcMus=ESI3WS6CI0WE
[Tokyo ESP] Kyusei Àpyupóç - Yousei Teikoku	http://guitarflash.me/?gfcMus=S43V02USM43D
La Cantata Del Diablo(En Vivo) - Mägo de Oz	http://guitarflash.me/?gfcMus=13YO5R27LXEW
Continental Drift 2 - Moosie	http://guitarflash.me/?gfcMus=WOIYDTSGFOHL
DNA Uber Solo - Sidney 600	http://guitarflash.me/?gfcMus=HNFPRWV5GAKS
Far Beyond The Sun - Yngwie Malmsteen	http://guitarflash.me/?gfcMus=TQX35DN6BSR2
Nisekoi S2 Opening 1 - LiSA	http://guitarflash.me/?gfcMus=J7RQLTU1CSIJ
Battle of the Studio Speakers - Callum Whyte	http://guitarflash.me/?gfcMus=2BL2ANPIVAMG
[Attack on Titan:Final Seasons] The Rumbling	http://guitarflash.me/?gfcMus=R5624LGHA2FT
Vai Malandra - Anitta E Mais Um Monte De MC	http://guitarflash.me/?gfcMus=2FSKEFYSN4R7
Megalovania - Undertale	http://guitarflash.me/?gfcMus=RM87MBM35G88
I Love Rock and Roll - Joan Jett and the Blac	http://guitarflash.me/?gfcMus=U9KHW54MG0CQ
In The Heart Of Her Own Magic Field - Kaipa	http://guitarflash.me/?gfcMus=53277XO5A5UB
KoRn - Did my Time	http://guitarflash.me/?gfcMus=SNV3GFFYHKMW
The Edge Of The World - Dragonforce	http://guitarflash.me/?gfcMus=T0MO89GFGI03
Avant La Tempete  - Dragonforce	http://guitarflash.me/?gfcMus=DLR6WR6JI8DE
Never... Again - All Shall Perish	http://guitarflash.me/?gfcMus=29QNJU3CEQAJ
Beijinho No Ombro Versão Metal - O Metaleiro	http://guitarflash.me/?gfcMus=T31F3KXPECRA
The Show Must Go On - Famous Last Words	http://guitarflash.me/?gfcMus=PWVO0T4J2VHX
Indestructible - Disturbed	http://guitarflash.me/?gfcMus=6VVVNYBXY2EW
Kantai Collection Opening - AKINO from bless4	http://guitarflash.me/?gfcMus=G6PL7IB19AD3
Fortress - Alter Bridge	http://guitarflash.me/?gfcMus=WGU24WNFV3XA
Desafio SP 2 - Adriano Hipy	http://guitarflash.me/?gfcMus=6DADA2ESUQ69
Welcome to the Family - Avenged Sevenfold	http://guitarflash.me/?gfcMus=2WXDDGYK62KY
Walter Necropsya - Charlie Parra	http://guitarflash.me/?gfcMus=TLXCFCDDQDLV
Space Battle - F-777	http://guitarflash.me/?gfcMus=V2OR8I03P0TV
Keine ist wie du - Böhse Onkelz	http://guitarflash.me/?gfcMus=91GFDW5EMWAY
Infected - Bad Religion	http://guitarflash.me/?gfcMus=CDF9K8L1M2FR
Canon Rock - Jerry C	http://guitarflash.me/?gfcMus=0TTW8GE8GGF3
Face Down - The Red Jumpsuit Apparatus	http://guitarflash.me/?gfcMus=5DFI2W5EK2SD
21st century schizoid man   - remaster	http://guitarflash.me/?gfcMus=8JLW462JC73G
Power - Helloween	http://guitarflash.me/?gfcMus=GPISNVV74QWL
Transylvania - Iron Maiden	http://guitarflash.me/?gfcMus=UJUBDTXK9CX2
Fight Like A Brave - Red Hot Chili Peppers	http://guitarflash.me/?gfcMus=7YF4G7UK025I
Blood Oath  - Blessing Lies	http://guitarflash.me/?gfcMus=534XD7NUBJ7O
(F)lannigans Ball - Dropkick Murphys	http://guitarflash.me/?gfcMus=3LEFRC5QJ90O
Youre Gonna Go Far, Kid - The Offspring	http://guitarflash.me/?gfcMus=EXPK1KGM9T24
Hammerfall - Hammerfall	http://guitarflash.me/?gfcMus=S34XE4V5G5F1
I Am Machine - Three Days Grace	http://guitarflash.me/?gfcMus=TRW1QBNTHQGE
Burnt Ice - Megadeth	http://guitarflash.me/?gfcMus=2GME2YS4B7GE
Trilogy Suite Op. 5 - Yngie Malmsteen	http://guitarflash.me/?gfcMus=10HAWWHLEEBB
Perineum (feat. Steve Vai) - John 5	http://guitarflash.me/?gfcMus=HUCJO2M97R4B
Mobile Legends Soundtrack Guitar Cover - Mr.	http://guitarflash.me/?gfcMus=AKSA238KWPV2
violins vs guitarra - angel xD	http://guitarflash.me/?gfcMus=IXJNAF0RJV8L
Fallen World Solo - Dragonforce	http://guitarflash.me/?gfcMus=NQMWSS4PUNUQ
Kadmell - Scarlet Bullet	http://guitarflash.me/?gfcMus=BFNMEU8GLJQD
[GUMI] White Flag Of Love - Nanaki	http://guitarflash.me/?gfcMus=95PSVIY0FMQP
1000 Times Goodbye - Megadeth	http://guitarflash.me/?gfcMus=HP6TMSLT1KMX
The World Is Yours - Arch Enemy	http://guitarflash.me/?gfcMus=QSB9PF45EBQI
Welcome to the Family - Avenged Sevenfold	http://guitarflash.me/?gfcMus=1VCA4O4QODUC
Fallen Angel - Three Days Grace	http://guitarflash.me/?gfcMus=STPR3J5OQJHX
Gold On The Ceiling - The Black Keys	http://guitarflash.me/?gfcMus=JDWM3QVFMJCU
The Machine - In The Midst Of Lions	http://guitarflash.me/?gfcMus=704M9TRFQUIX
Fairy Tail Opening 21 - Edge of Life	http://guitarflash.me/?gfcMus=QDTV8PPR8XMH
Show Me A Leader - Alter Bridge	http://guitarflash.me/?gfcMus=P6JJYFX368DK
Sequoia Throne - Protest the Hero	http://guitarflash.me/?gfcMus=4IVDMP71CRKD
I was made for lovin you - Kiss	http://guitarflash.me/?gfcMus=C54DNP2VKVTR
Erased - Dead By April	http://guitarflash.me/?gfcMus=M70I4SD548Y3
Strike the Blood - Kishida Kyoudan	http://guitarflash.me/?gfcMus=D30MD5YHOO6K
Faded (Rock Cover by Stansbury) - Alan Walker	http://guitarflash.me/?gfcMus=JIVJVSD3FW6O
Through The Fire And Flames (SOLO) - DragonFo	http://guitarflash.me/?gfcMus=B57U11O61H5J
Replica - Fear Factory	http://guitarflash.me/?gfcMus=L7AV2MVODWL1
Tobu - Hope NCS Release.mp3 - No Artist Set	http://guitarflash.me/?gfcMus=KE8BYBORI449
7th Element - Vitas	http://guitarflash.me/?gfcMus=0564TW9VQVDH
Solos - Tom Morello	http://guitarflash.me/?gfcMus=M4I74GD5X5V5
Solo - My Spirit Will Go On - Dragonforce	http://guitarflash.me/?gfcMus=RC17N73BRSLX
He_s_turning_blue___Carpathian_Forest - null	http://guitarflash.me/?gfcMus=GTQE08R3V210
Big Man With A Gun - Nine Inch Nails	http://guitarflash.me/?gfcMus=JPONWL9PNTD5
Strike of The Ninja - Dragonforce	http://guitarflash.me/?gfcMus=G1IU59AL43WP
Clown Parade - Annihilator	http://guitarflash.me/?gfcMus=JQF151PVGJ3K
Soulless6 underchart - Exilelord	http://guitarflash.me/?gfcMus=KUL2CB330LV7
Shot At The Night - The Killers	http://guitarflash.me/?gfcMus=UEWBVSBD44R9
Whos Standing Now?  [Dragon Ball: Sparking -	http://guitarflash.me/?gfcMus=72CAOP93WGYB
Solo SOTK Parte 2 - Adriano Hipy	http://guitarflash.me/?gfcMus=G412GN42W9NN
Stereo Madnes Training Geometry Dash - Uchiha	http://guitarflash.me/?gfcMus=C0WWDECU0ID2
Three Hammers - Dragonforce	http://guitarflash.me/?gfcMus=6U86WUNXTVOU
Fate Of The Sadness - Galneryus	http://guitarflash.me/?gfcMus=3U6NI27W62J4
The Big Black - The Quick Brown Fox	http://guitarflash.me/?gfcMus=Q1Y8TSTG5DXT
Unravel - Tokyo Ghoul	http://guitarflash.me/?gfcMus=ULG3ETPSXDOF
Monster - Meg and Dia	http://guitarflash.me/?gfcMus=T3TMTDEX2H4Q
Malandramente - Mc Nandinho e Mc Nego Bam	http://guitarflash.me/?gfcMus=GX8F8LFNHB4B
Skeptic - Slipknot	http://guitarflash.me/?gfcMus=MYK7MGQXSWPC
Champion - Falling In Reverse	http://guitarflash.me/?gfcMus=K8FSF75XG2WU
You Cant Stop Me - Suicide Silence	http://guitarflash.me/?gfcMus=K6OQGJPDG07P
Filth Friends Unite - I See Stars	http://guitarflash.me/?gfcMus=BT8IRPYCGC5S
Stick Stickly - Attack Attack!	http://guitarflash.me/?gfcMus=S1O4AAS9IUN6
Solos - Varias Bandas	http://guitarflash.me/?gfcMus=KDDMVYB4T531
X Gon Give It To Ya Meets Metal - Eric Calder	http://guitarflash.me/?gfcMus=V8NEP0P9BX0F
Take This Life - In Flames	http://guitarflash.me/?gfcMus=GEHR0122AUKI
Dil Ki Khamoshiyon Se Baat - Orochimaru	http://guitarflash.me/?gfcMus=KUR2LS4U5LID
The Second Coming - Chelsea Grin	http://guitarflash.me/?gfcMus=CA2K5Y53IA08
God Hates Us - Avenged Sevenfold	http://guitarflash.me/?gfcMus=3I26E30LHS89
Bleach Abertura 9 Velonica - Anime Hero GF	http://guitarflash.me/?gfcMus=QBATGQL504WI
Through The Fire and Flames - Dragonforce	http://guitarflash.me/?gfcMus=LIBQMIIX0U9H
Dead & Buried - A Day To Remember	http://guitarflash.me/?gfcMus=EMNS8FOSFJEM
So Youre Afraid - Tremonti	http://guitarflash.me/?gfcMus=4L8OX6LB0FOT
Canon Rock - Gustavo Guerra - ManausGF	http://guitarflash.me/?gfcMus=H0LSX5U9Y0KE
The Big Black - The Quick Brown Fox	http://guitarflash.me/?gfcMus=EAL2CH636H35
Guerra de Lobos - A Silent Daylight	http://guitarflash.me/?gfcMus=XJ5KCVSUW4EC
Save Me - Avenged Sevenfold	http://guitarflash.me/?gfcMus=4KKQAK75HVM5
solo ao vivo - Synyster Gates	http://guitarflash.me/?gfcMus=8ABYC7X44LTH
Solo SOTK Trans2p3 - Adriano Hipy	http://guitarflash.me/?gfcMus=PMMWVGL2NTIA
Extraction Zone - Dragonforce	http://guitarflash.me/?gfcMus=RKGFDTT3BFUO
Save You - Galneryus	http://guitarflash.me/?gfcMus=446CF8YODVUS
Circus For A Psycho - Skillet	http://guitarflash.me/?gfcMus=Q2VI26PS2KBR
OreGairu_Zoku_OP_2v1_sjXkIUVFg7I.mp3 - Hiki	http://guitarflash.me/?gfcMus=Q8T6D509TY5A
The Day It All Came Down - Insomnium	http://guitarflash.me/?gfcMus=F8SKBSFP53PV
Solos Medley - John 5	http://guitarflash.me/?gfcMus=Y61HP8AR102F
The Signal Fire - Killswitch Engage	http://guitarflash.me/?gfcMus=QFMRNYEINOCN
God Save The Queen - Steve Ouimette	http://guitarflash.me/?gfcMus=9EDNRD4O56YC
Tooth And Nail - Dokken	http://guitarflash.me/?gfcMus=0TTUEYSXA1R3
Burner - Motorhead	http://guitarflash.me/?gfcMus=D1B3MARICNG6
9no LVD - Mago de Oz	http://guitarflash.me/?gfcMus=OBNGDLAM37IW
Inner Light - Hajime No Ippo	http://guitarflash.me/?gfcMus=0M279OTF9UVP
Ties That Bind - Alter Bridge	http://guitarflash.me/?gfcMus=19001UUOFMWT
Alla donde estes - Infamia	http://guitarflash.me/?gfcMus=KS1WBTETQ95K
Zelda Overworld Theme - Israel Rodrigues	http://guitarflash.me/?gfcMus=4ILYRNEDIUMG
Tell Slater Not To Wash His Dick - Bring Me T	http://guitarflash.me/?gfcMus=81JPR0BOBCL3
Message In A Bottle - The Police	http://guitarflash.me/?gfcMus=CEG3H7F6F4R4
One (Solo) - Metallica	http://guitarflash.me/?gfcMus=5BTMU5HGACQD
Secret Arms - Ray	http://guitarflash.me/?gfcMus=EC8TW3ECH3G6
The Game SOLO - Eduardo Rodrigues	http://guitarflash.me/?gfcMus=H89S2ILJP2SO
White Flame  - Babymetal	http://guitarflash.me/?gfcMus=JOT941XNRIC7
Savior - Black Veil Brides	http://guitarflash.me/?gfcMus=UC5IO489OU3P
Coffin - Black Veil Brides	http://guitarflash.me/?gfcMus=OIS1OHY9Y40X
Guitar Shredding - Sessile Nomad	http://guitarflash.me/?gfcMus=JURXF084JV6Q
Top Gear Theme - Ozielzinho	http://guitarflash.me/?gfcMus=MI2E5IQLY0M8
Work in progress glhf - lmao	http://guitarflash.me/?gfcMus=NB3WR07ALY4B
No Amnesty - Havok	http://guitarflash.me/?gfcMus=HVCFFJ1N6A4N
In The End - Black Veil Brides	http://guitarflash.me/?gfcMus=CVIE062R3OL5
A Gunshot To The Head Of Trepidation - Triviu	http://guitarflash.me/?gfcMus=H92RS2KRJ25I
Bleed - Meshuggah	http://guitarflash.me/?gfcMus=EC80WCUDA9GS
For the Love of God - steve vai	http://guitarflash.me/?gfcMus=AP3AJ65555CJ
Rosenrot - Rammstein	http://guitarflash.me/?gfcMus=6GKS7P9QHHXN
Who Are You Now - Sleeping With Sirens	http://guitarflash.me/?gfcMus=CA1NVO0HAX07
Duplas Institucionalized - DragonFlashX	http://guitarflash.me/?gfcMus=JVNEKVUMUHUB
Guardians Of Asgaard - Amon Amarth	http://guitarflash.me/?gfcMus=INBMBBG067LB
Wheels In Motion - Mike Orlando	http://guitarflash.me/?gfcMus=5EBU4RL1OPTB
Meet Me At The Gates - Blessthefall	http://guitarflash.me/?gfcMus=MFRU0BA1CQT5
OM TELOLET OM - GodelGF	http://guitarflash.me/?gfcMus=32TXV8YSOQQP
The Game - DragonForce	http://guitarflash.me/?gfcMus=LYNJU0IHNSOG
Falling Down - Atreyu	http://guitarflash.me/?gfcMus=VQE74DXL43UV
Firefly - Breaking Beijamin	http://guitarflash.me/?gfcMus=P6ED7J7HHVPF
Hijack - Our Promise	http://guitarflash.me/?gfcMus=PSRGA40JYINB
Anejo - Burn Halo feat Synyster Gates	http://guitarflash.me/?gfcMus=927MIDFO8OCQ
As I Am - Dream Theater	http://guitarflash.me/?gfcMus=HTFBB6B6G0FC
Lost Woods - Artificial Fear	http://guitarflash.me/?gfcMus=N8ND0OWVU41R
Seven Kingdoms - Seven Kingdoms	http://guitarflash.me/?gfcMus=CSXIEYTVFJ7S
Oblivion - Mastodon	http://guitarflash.me/?gfcMus=XI98DS23791E
A Little Piece Of Heaven - Avenged Sevenfold	http://guitarflash.me/?gfcMus=9GPW8CXOMEES
The High Road - Three Days Grace	http://guitarflash.me/?gfcMus=8H3GEHRQXT17
Unravel   - TK from Ling tosite sigure	http://guitarflash.me/?gfcMus=37U9QARAIE9M
Plug in Baby - Muse	http://guitarflash.me/?gfcMus=3XJO2KAQ9VMX
The Night  - Disturbed	http://guitarflash.me/?gfcMus=AWS8DNQ8BCJI
Eletronic Slight of Hand (intro) - Buckethead	http://guitarflash.me/?gfcMus=FKLK9EIUK5E6
1,320 - Megadeth	http://guitarflash.me/?gfcMus=VQJDV9O7TFI0
KoF - 100 combo video - Ash EX Kyo Kim teams	http://guitarflash.me/?gfcMus=KQF682VRNGQ7
Me Solta - Nego Da O Anel	http://guitarflash.me/?gfcMus=1TL308TF4LSJ
Moving On - Asking Alexandria	http://guitarflash.me/?gfcMus=VIW96OI84ALQ
Reapers - Muse	http://guitarflash.me/?gfcMus=PTIYMCCGDWPE
45 - Shinedown	http://guitarflash.me/?gfcMus=192Q9VJ9USV7
Aquel paseo sin retorno - Saurom	http://guitarflash.me/?gfcMus=GFBPW3H0XFAC
Vicio - Anjos Do HaNNgar	http://guitarflash.me/?gfcMus=BDUO2E9KKLP7
UBER JUICE  - Schmutz06	http://guitarflash.me/?gfcMus=83GTSLBAMUMD
Triumph For My Magic Steel - Rhapsody Of Fire	http://guitarflash.me/?gfcMus=K0SJJV3867OX
Procedimientos Para Llegar A Un Comun Acuerdo	http://guitarflash.me/?gfcMus=SAUHAV92GTAQ
As He Creates, So He Destroys - Nile	http://guitarflash.me/?gfcMus=V52SR03XTUWP
She-Wolf - Megadeth	http://guitarflash.me/?gfcMus=HNJ9JAJRQW87
Surfing With The Alien - Joe Satriani	http://guitarflash.me/?gfcMus=TOEO95WN3UDS
Sterile Nails And Thunderbowels - Silencer	http://guitarflash.me/?gfcMus=EGO6QWYMTL83
The Final Countdown - Europe	http://guitarflash.me/?gfcMus=GMYT90SWOXHA
21st Century Breakdown  - Green Day	http://guitarflash.me/?gfcMus=72ORACHN079K
Solar Flare - InfamousColin	http://guitarflash.me/?gfcMus=XGP0KKHF69AS
AOV - Slipknot	http://guitarflash.me/?gfcMus=SSWOM20XINR4
Roller Coaster - Buckethead	http://guitarflash.me/?gfcMus=SQ33T98VT7RK
Ella - Rata blanca	http://guitarflash.me/?gfcMus=1L1QC7WB13KM
El Santo Grial - Mago De Oz	http://guitarflash.me/?gfcMus=92A4VO3YO9NI
Lala - Lolo ( 31 minutos )	http://guitarflash.me/?gfcMus=7H60M9YBKU0X
Triste Cancion de Amor - El Tri	http://guitarflash.me/?gfcMus=YMCNX87DA8IN
GH3 - Destruction Armageddon 2 Underchart (+)	http://guitarflash.me/?gfcMus=QNCB05CD1QKP
New Legend - Galneryus	http://guitarflash.me/?gfcMus=DMTQ2SN9QHP5
A Prophecy - Asking Alexandria	http://guitarflash.me/?gfcMus=MKPSMTCYBJCY
NS OP 3 Blue bird [Ave Azul] EmiiBell Cover e	http://guitarflash.me/?gfcMus=WTPOIUJQYOMX
Fade - Alan Walker	http://guitarflash.me/?gfcMus=O4YFRET54CAX
The Less I Know The Better - Tame Impala	http://guitarflash.me/?gfcMus=8R6II6B3YJC0
Smokin - Boston	http://guitarflash.me/?gfcMus=8VGIN3FYGMA5
A Sky Full Of Stars - Coldplay	http://guitarflash.me/?gfcMus=6J24NUYXWD19
La cantata del diablo - Mago de Oz	http://guitarflash.me/?gfcMus=OLB73NIK72EV
Fairy Tail Abertura 17 - Anime Hero GF	http://guitarflash.me/?gfcMus=000DUEXB0GK5
Kuroemon - The Dark Doraemon	http://guitarflash.me/?gfcMus=E67JY9V09MB9
Soldier Dream  - Saint Seiya	http://guitarflash.me/?gfcMus=6HKM4O3UBKA1
Utauyo miracle - K ON	http://guitarflash.me/?gfcMus=1Q95R122F1DD
Bleed It Out - Linkin Park	http://guitarflash.me/?gfcMus=A5JOY4TNWQRK
Shigatsu_wa_Kimi_no_Uso_-_AMV_-_Wacci_-JEQ1dj	http://guitarflash.me/?gfcMus=S96UBGHG4AKO
FAIRYTALE - Dragon Guardian	http://guitarflash.me/?gfcMus=U3UJ3NJJ9T4R
Headbangeeeeerrrrr!!!!! - BABYMETAL	http://guitarflash.me/?gfcMus=G2KED2H6R4WG
Esperanza - Claudio Cordero	http://guitarflash.me/?gfcMus=BTY08O149JUV
Shepherd Of Fire - Avenged Sevenfold	http://guitarflash.me/?gfcMus=MSGG8JVFO3KN
Master Exploder - Tenacious D	http://guitarflash.me/?gfcMus=RDQLRVTM5PND
Blood and confusion - CADAVERIA	http://guitarflash.me/?gfcMus=DQ2CIV90XLII
4 Words (To Choke Upon) - Bullet For My Valen	http://guitarflash.me/?gfcMus=CK8PP94JU2BH
Knives - Bullet For My Valentine	http://guitarflash.me/?gfcMus=JY286V7BKXMH
Your Decision - Alice In Chains	http://guitarflash.me/?gfcMus=G8DYQMMA0LRT
Happier Than Ever - Billie Eilish	http://guitarflash.me/?gfcMus=UPY3OY48YEFQ
Holographic Universe - Scar Symmetry	http://guitarflash.me/?gfcMus=VS4EQYIPG1W0
Tears Dont Fall Part 2 - Bullet For My Valent	http://guitarflash.me/?gfcMus=X7DDHS0J3OCF
Danger Line - Avenged Sevenfold	http://guitarflash.me/?gfcMus=GEIP6JHS4FWI
Mythologia is End - Hatsune Miku	http://guitarflash.me/?gfcMus=13YN8JR20P2W
I Stand Alone - Godsmack	http://guitarflash.me/?gfcMus=SQ7FLEFIBOEC
Skyreach - Sora Amamiya	http://guitarflash.me/?gfcMus=I6DPFYL97K32
Guitar Solos - Yngwie Malmsteen	http://guitarflash.me/?gfcMus=MFQWURVBJ6I5
CrushCrushCrush - Paramore	http://guitarflash.me/?gfcMus=WVD6QV0J3VDO
Work From Home - Fifth Harmony	http://guitarflash.me/?gfcMus=Y9LII7EEATSE
In Your Arms - Destine	http://guitarflash.me/?gfcMus=4NW2K2ME6JQK
The Werewolf Of Westeria - John 5	http://guitarflash.me/?gfcMus=FCU4NXFEYQ74
Farewell Ballad - Zakk Wylde	http://guitarflash.me/?gfcMus=3HUJUPT0KKQ1
Still Remains - Alter Bridge	http://guitarflash.me/?gfcMus=XTCS6PEW9DO9
Final Hours - Artificial Fear	http://guitarflash.me/?gfcMus=GIOJFC4T94DI
trippin-on-a-hole-in-a-paper-heart.mp3 - No A	http://guitarflash.me/?gfcMus=CNO6SLAF8122
Angel of Salvation - Galneryus	http://guitarflash.me/?gfcMus=M5H7JVX3BK8H
Inferno - New mlu	http://guitarflash.me/?gfcMus=IH994XC2W9GQ
Be Somebody - Thousand Foot Krutch	http://guitarflash.me/?gfcMus=0B4UYD4LOPV0
Pink Wine Sparkles In The Glass - The Guess W	http://guitarflash.me/?gfcMus=86QAMHGDUTQS
Something To Remind You - Staind	http://guitarflash.me/?gfcMus=8LC003R8WH5L
Treino Pessoal OGAP 3 - Adriano Hipy	http://guitarflash.me/?gfcMus=X0DA4SDAA0UT
An Eye For An Eye - Made Of Hate	http://guitarflash.me/?gfcMus=2KS8CRF6GVWE
Vetelgyus - Galneryus	http://guitarflash.me/?gfcMus=KOH33O7AW62W
Gimme Choco - Baby Metal	http://guitarflash.me/?gfcMus=MB6CEL06AWF3
Mikasa - Veil Of Maya	http://guitarflash.me/?gfcMus=FWMFSA64732N
Cinema - Skrillex	http://guitarflash.me/?gfcMus=NUUD33TQF2BH
Planet Of The Grapes - Berried Alive	http://guitarflash.me/?gfcMus=E6CUWWICKOA1
Dont Wait - Blue Collar Special	http://guitarflash.me/?gfcMus=SIK6P2DS1T6F
Chipstream - Kommisar	http://guitarflash.me/?gfcMus=BEK9A36R5GF9
San Sebastian - Sonata Artica	http://guitarflash.me/?gfcMus=8WESPHT8D053
Black Or White - Michael Jackson	http://guitarflash.me/?gfcMus=7C21AUCN3NJM
Disasterpiece  - Slipknot	http://guitarflash.me/?gfcMus=BMCHW2I2CHAO
Violent Pornography - System of a Down	http://guitarflash.me/?gfcMus=7AHUC4DA94G0
Utopia SOLO - Schmutz06	http://guitarflash.me/?gfcMus=6EX5UMM37DJA
War Eternal - Arch Enemy	http://guitarflash.me/?gfcMus=E9OX75GLF6ET
Darling - Eyes Set To Kill	http://guitarflash.me/?gfcMus=OL6W50W8V0F4
Believe - Mumford and Sons	http://guitarflash.me/?gfcMus=K9A6BI6TR6LS
Solo Depende De Ti  - DragonFly	http://guitarflash.me/?gfcMus=VCSJO0XUMNS2
Suicide Messiah - Black Label Society	http://guitarflash.me/?gfcMus=88JY59EYV74C
Fire and Killing - Hellish War	http://guitarflash.me/?gfcMus=0LDPCA8P4AUB
Radio Video - System of a down	http://guitarflash.me/?gfcMus=NPLBTA1QFYU1
3333 - No Artist Set	http://guitarflash.me/?gfcMus=2MJBBFTPGXMJ
The Ultimate Soulless - Exilelord + Plumato	http://guitarflash.me/?gfcMus=DYMP26G9LC3F
HeadBanger  - BABYMETAL	http://guitarflash.me/?gfcMus=RQGX863LX9D9
Metal in Inappropriate Places - Rob Scallons	http://guitarflash.me/?gfcMus=Q3OJM6AA41CL
Opening 1 Trinity Seven - Seven Doors	http://guitarflash.me/?gfcMus=WUJI6DC3MQC5
All These Things I Hate Instrumental - Bullet	http://guitarflash.me/?gfcMus=0FCFH7E8ALCE
Another Medium Undertale - RichardEB / Toby F	http://guitarflash.me/?gfcMus=8R5JGFL8KQOY
[Naruto Shippuden] Silhouette - Kana-Boon	http://guitarflash.me/?gfcMus=AWU3RHAJC8VJ
Hear Me Now - Hollywood Undead	http://guitarflash.me/?gfcMus=TW13D1KYE7LD
Thank You Pain - The Agonist	http://guitarflash.me/?gfcMus=0VMMNFLX425M
Bad Reputation - Joan Jett	http://guitarflash.me/?gfcMus=EO6AUCAPF4SV
Number One - Bleach - Ichigos Theme	http://guitarflash.me/?gfcMus=TLS2HOQ1FBM3
MONO NO AWARE COVER - HAKU	http://guitarflash.me/?gfcMus=PW02P7LB5LGP
Rise - Pantera	http://guitarflash.me/?gfcMus=TE6NCS3P40EI
Pumped Up Kicks (FUNK VERSION) - Dil34n	http://guitarflash.me/?gfcMus=HASSW8E2CN7O
Intense torture 2.0 - Schmutz06	http://guitarflash.me/?gfcMus=XP5YVVRU4O89
Baile de Favela - Adriano Hipy	http://guitarflash.me/?gfcMus=2HEHK8NQXUT7
Brightdown - D.Gray-Man	http://guitarflash.me/?gfcMus=R00GBU1N6CX4
Born To Lose - the devil wears prada	http://guitarflash.me/?gfcMus=3WMAOFINQYXC
Angels Fall - Breaking Benjamin	http://guitarflash.me/?gfcMus=BUYQSEJRNCIL
Abertura 02 Sword Art Online - Anime Hero GF	http://guitarflash.me/?gfcMus=RKJ10O20SI73
Duplas + SP Utopia (Solo) - Uchiha GF	http://guitarflash.me/?gfcMus=OQ5TUAN09LLX
Murmaider - Dethklok	http://guitarflash.me/?gfcMus=I8232TMDCO5T
I Used To Have A Best Friend - Asking Alexand	http://guitarflash.me/?gfcMus=GPLF70E862K0
last resort - papa roach	http://guitarflash.me/?gfcMus=QJSJJP070BH0
Toxic Waltz - Exodus	http://guitarflash.me/?gfcMus=7PUPYOD7Q38M
To Die For - Concerto Moon	http://guitarflash.me/?gfcMus=R3GS6OKWITP2
Move It - Down & Dirty	http://guitarflash.me/?gfcMus=8DO0VP1X7GWB
Boom! - System of a Down	http://guitarflash.me/?gfcMus=I22JC1RLJEY9
Zugg Island Convict - John 5	http://guitarflash.me/?gfcMus=RY4X9R419IWJ
Suffocating Under Words of Sorrow - Bullet Fo	http://guitarflash.me/?gfcMus=EYFUWPMCM94V
Burn it Down Piano - Linkin Park	http://guitarflash.me/?gfcMus=ID2MRMG55XBD
Ring Of Saturn - Berried Alive	http://guitarflash.me/?gfcMus=1GV2RQM34P3X
Sinais Vitais - Kiara Rocks	http://guitarflash.me/?gfcMus=LTM4QE4ETM7V
O.D - Polyphia	http://guitarflash.me/?gfcMus=J62HJ5AL6S5Q
Panda  - Pasar Desapercibido	http://guitarflash.me/?gfcMus=XSN4CT12QFB7
Victim Of Fate - Helloween	http://guitarflash.me/?gfcMus=2IBU144PVJ6S
Featherless Phoenix - Ring Animated	http://guitarflash.me/?gfcMus=KVFN65V4O2WR
Slayer 2 - Schmutz06	http://guitarflash.me/?gfcMus=LD7T5KHJO4F6
A Prophecy - Asking Alexandria	http://guitarflash.me/?gfcMus=JB6IALWLG2XQ
EDTrio original chart - void222x	http://guitarflash.me/?gfcMus=33LX26IYW5GU
Someone, Somewhere +  Dedication - Asking Ale	http://guitarflash.me/?gfcMus=XGNB70E4XIYE
Everybody Talks - Neon Trees	http://guitarflash.me/?gfcMus=E2W98DWS8KUH
Metralhas 2 lines Right Hand - Uchiha GF	http://guitarflash.me/?gfcMus=X26UD0P9CU8P
Vivaldis Winter  - Dark Moor	http://guitarflash.me/?gfcMus=Q2WG7O5JV5MR
Murder Fantasies - Kreator	http://guitarflash.me/?gfcMus=IFLSPDGI0ID0
A.D.I.D.A.S - Korn	http://guitarflash.me/?gfcMus=ERKWEDGJXNWF
Rise - SKILLET	http://guitarflash.me/?gfcMus=0M1G3EUP8GKC
Mario Bros Theme - Nylithia	http://guitarflash.me/?gfcMus=MKSH1EGAKANC
Solo The Count of Tuscany - Dr Viossy	http://guitarflash.me/?gfcMus=WX3FPSU4U43G
Fatal - Motionless In White	http://guitarflash.me/?gfcMus=U59HUGRYK08L
Hollywise - Blacktop Manhattan	http://guitarflash.me/?gfcMus=4DLGY3UPBSSV
Uchiage Hanabi - DAOKO x Kenshi Yonezu	http://guitarflash.me/?gfcMus=DE8B3GGN9PSK
P.O.W. - Bullet For My Valentine	http://guitarflash.me/?gfcMus=J4EV2K8714FD
All Out Life - Slipknot	http://guitarflash.me/?gfcMus=VH1R1TVQTOW5
The Vengeful One - Disturbed	http://guitarflash.me/?gfcMus=WF5NY8V4H6WU
Servant of this Sentience - Rings of Saturn	http://guitarflash.me/?gfcMus=8S2TK1RP37DW
Victim of Fate - Helloween	http://guitarflash.me/?gfcMus=6J4UVWNICK1M
Trapped - Dead by April	http://guitarflash.me/?gfcMus=OVD97D3V8QQO
My Brain Is Hanging UpSide Down - The Ramones	http://guitarflash.me/?gfcMus=JWH35EH3BMWU
Black Widow Of La Porte - John 5	http://guitarflash.me/?gfcMus=RX98A7F8YCKC
Radiant Eclipse - Avenged Sevenfold	http://guitarflash.me/?gfcMus=J7SPOLKWQK6J
Hard To See - Five Finger Death Punch	http://guitarflash.me/?gfcMus=SUIKTUOVSEU5
Seventeen - Winger (GH80s)	http://guitarflash.me/?gfcMus=VCYLRXIWX437
Pacemaker - The Quick Brown Fox	http://guitarflash.me/?gfcMus=Q3SS6RVAL10P
Savior  - Bassjackers	http://guitarflash.me/?gfcMus=BH1R7WWWOVUT
Master Exploder - Tenacious D	http://guitarflash.me/?gfcMus=TQYSF72L6QFG
-Dont forget me - Red hot chili peppers	http://guitarflash.me/?gfcMus=V0XJ7TFNJ0F4
The Negative One - Slipknot	http://guitarflash.me/?gfcMus=2D3ERTFOA6P2
Uber Song ( Very Easy999 ) - Felipe Gamer Ter	http://guitarflash.me/?gfcMus=G9AFY9XNPY4F
Katekyo Hitman Reborn OP 2 [Boys & Girls]	http://guitarflash.me/?gfcMus=1K8OTX2PEF7T
Forever - In this Moment	http://guitarflash.me/?gfcMus=S34WGVL0UW31
Eye Of The Beholder - Metallica	http://guitarflash.me/?gfcMus=FSBFQLSGC2XH
Virus...(How About Now) - Martin Garrix & MOT	http://guitarflash.me/?gfcMus=14XSTQ7QYTQV
Bad Medicine - Bon Jovi	http://guitarflash.me/?gfcMus=PANQO514AM67
Sliver - Nirvana	http://guitarflash.me/?gfcMus=DLWIRO31EIO6
Decapitation Fornication - Infant Annihilator	http://guitarflash.me/?gfcMus=WCA64JMTHM1L
Nottes 1 - Victor	http://guitarflash.me/?gfcMus=X0D41R7E3276
This Day We Fight! - Megadeth	http://guitarflash.me/?gfcMus=DK8UV10AGRM5
Sleeptalk - Dayseeker (Stussycat)	http://guitarflash.me/?gfcMus=YOXL295G56WN
System Of A Down - Chop Suey.mp3 - SistemOfAd	http://guitarflash.me/?gfcMus=E21MWQEKBAT9
My Spirit Will Go On - Dragonforce	http://guitarflash.me/?gfcMus=GMV8M5K08V6V
Utopia ( Chart + ) - Schmutz06	http://guitarflash.me/?gfcMus=HBP95UQF31J9
Megalodon - Jarvis6666	http://guitarflash.me/?gfcMus=353HGTYAOEV3
Painkiller - Judas Priest	http://guitarflash.me/?gfcMus=0A8G6SSKSEU3
The Kings ( D-Generation X ) - Run DMC	http://guitarflash.me/?gfcMus=BT39OJW9CQT0
Poseidons Rage - Fraser Edwards	http://guitarflash.me/?gfcMus=RRE0FAIX3CPK
Du hast - Rammstein	http://guitarflash.me/?gfcMus=1NNIWS5LCPXN
Sexo - Los Prisioneros	http://guitarflash.me/?gfcMus=FM8CT0Q4VRS7
Falling - Dream Evil	http://guitarflash.me/?gfcMus=RX6RT4324YKK
2 SP do Satanás Preludio - Killua 3	http://guitarflash.me/?gfcMus=L6GX5KGQPDV6
The Voyage - Galneryus	http://guitarflash.me/?gfcMus=MC678T4FO74F
Territorial Pissing - Nirvana	http://guitarflash.me/?gfcMus=YQNN0WK059MS
Castle of Glass - Linkin Park	http://guitarflash.me/?gfcMus=3EL0KJWDWGGY
La Bikina - Hatsune Miku	http://guitarflash.me/?gfcMus=CM5SUMT1LC0S
Back To The Shack - Weezer	http://guitarflash.me/?gfcMus=9YOH1G6ILX9S
[[Noragami Aragoto]] Kyouran Hey Kids - The O	http://guitarflash.me/?gfcMus=H6L7H5TA6KEB
Dont Say Lazy - Ho-kago Tea Time	http://guitarflash.me/?gfcMus=GYSQC4ARXKJK
Five Nights at Freddys Song - The Living Tomb	http://guitarflash.me/?gfcMus=DAR5CN2A35PA
The Shortest Straw - Metallica	http://guitarflash.me/?gfcMus=QLPTQ3VKWJTY
Metal Meltdown - Judas Priest	http://guitarflash.me/?gfcMus=R0XLX2GC4GM3
Paralized - Finger Eleven	http://guitarflash.me/?gfcMus=GG11PGWUW3N4
Gintama - Tougenkyou Alien	http://guitarflash.me/?gfcMus=4C0FJRK61KP8
Shepherd Of Fire - Avenged Sevenfold	http://guitarflash.me/?gfcMus=P0LSSY3D8EU2
Rock N Roll - Skrillex	http://guitarflash.me/?gfcMus=V6X90MFBJ89A
Chainsaw Man Ending 03 - MAXIMUM THE HORMONE	http://guitarflash.me/?gfcMus=TGRNABM36DHI
Evil Eye - Yngwie Malmsteen	http://guitarflash.me/?gfcMus=RDRI06Y7D2ND
The Hell Song - Sum 41	http://guitarflash.me/?gfcMus=L3SNT0Q3YII2
Stockholm Syndrome - Muse	http://guitarflash.me/?gfcMus=A77GJP2X8D6L
In Trance - Scorpions	http://guitarflash.me/?gfcMus=UUX2CI56X6XJ
Metallica Welcome Home SOLO - NuNo GF	http://guitarflash.me/?gfcMus=CQF4IQ3D7MRJ
Harapan - For Dance Miracle	http://guitarflash.me/?gfcMus=ESKM5KEW51W4
Paper Wings - Rise Against	http://guitarflash.me/?gfcMus=N7RUXL08YA07
Sonic Stomp - Mike Orlando	http://guitarflash.me/?gfcMus=WKB619GJU8DK
Shout - Black Tide	http://guitarflash.me/?gfcMus=XAPMV14O655V
Legion - Hammerfall	http://guitarflash.me/?gfcMus=91ELTL6CRGMW
Im Broken - Pantera	http://guitarflash.me/?gfcMus=6NHJ9EEL1JS6
I Wanna Rock - Twisted Sister	http://guitarflash.me/?gfcMus=KHUWVBA4076Y
Big Sur Moon - Buckethead	http://guitarflash.me/?gfcMus=4VK0R62KACMV
Unleash The Bastards - Municipal Waste	http://guitarflash.me/?gfcMus=TMK38ORLGM6W
Kairo - Primary Yuiko	http://guitarflash.me/?gfcMus=TBIJ49JYK3O2
La Llave de la Puerta Secreta - Rata Blanca	http://guitarflash.me/?gfcMus=FIW6OB7LTT1F
Laser Cannon Deth Sentence - Dethklok	http://guitarflash.me/?gfcMus=1F5IHA0153PV
Sekai Wo Koete - Kishida Kyoudan...	http://guitarflash.me/?gfcMus=DYPCM9YANMPT
My Spirit Will Go On - DragonForce	http://guitarflash.me/?gfcMus=4EG6YNIILY54
Gate - Megaman X6 OST	http://guitarflash.me/?gfcMus=RS7VXAWJWU3Q
On the Way to Ainor - Rhapsody of Fire	http://guitarflash.me/?gfcMus=SJHGUNJAJ9UD
Hollow Darkness - Death Scythe	http://guitarflash.me/?gfcMus=ONP4X7GUW06Q
We Own the Night - Impellitteri	http://guitarflash.me/?gfcMus=5WY8VI2HTXE0
Random All - ...............	http://guitarflash.me/?gfcMus=PYL32Q5011UC
Me Libera - BANDA DJAVU	http://guitarflash.me/?gfcMus=UQPAV64EYX5J
Terra Formars Opening - TERRASPEX	http://guitarflash.me/?gfcMus=2GJVREUO9DSM
You Aint No Family - iwrestledabearonce	http://guitarflash.me/?gfcMus=F025NLNE5VTT
D.O.B. - Iori Nomizu	http://guitarflash.me/?gfcMus=WF5L5RBUBQ8U
Micface - GuitarHeroAddict112 FT.Mafham And G	http://guitarflash.me/?gfcMus=MGI6DA6XX0VL
Angeles De Acero - Rata Blanca	http://guitarflash.me/?gfcMus=HMQ8X90APH7E
Chewed Up Spit Out - Berried Alive	http://guitarflash.me/?gfcMus=7O3SM7EBP57G
Christ And Combat - Powerwolf	http://guitarflash.me/?gfcMus=6U87U3X2F40U
Karol Sevilla I Itzitery I LyricBesosDeCeniza	http://guitarflash.me/?gfcMus=TCB9M1HJMF2L
In The End Drum - Linkin Park	http://guitarflash.me/?gfcMus=FYBSG568C74E
Solos - Varias Bandas	http://guitarflash.me/?gfcMus=9RV3QV8AKE22
Voice Of The Soul - Death	http://guitarflash.me/?gfcMus=N2PMU826WAI9
Milagros Charm - Time Requiem	http://guitarflash.me/?gfcMus=349MV2VTG3UW
Fight Fire with Fire - Metallica	http://guitarflash.me/?gfcMus=XE4589EQ3YWR
Nocturnal Conspiracy - Haken	http://guitarflash.me/?gfcMus=ETCWKB0O52MK
1,000 Eyes - Death	http://guitarflash.me/?gfcMus=LHH0POK04GKA
Not Lose - Hagane	http://guitarflash.me/?gfcMus=W91SVDV21GE7
Six - All That Remains ( Pack uwu )	http://guitarflash.me/?gfcMus=WE7KR4HRC4JJ
Porcupine Challenge - New Eme Éle U	http://guitarflash.me/?gfcMus=7FNN549560XC
Dark Matter - Rusty Cooley	http://guitarflash.me/?gfcMus=BGC3B9T6Q5SR
The Metal - Tenacious D	http://guitarflash.me/?gfcMus=MGLONT4D0SJC
Stolen Life - Arch Ememy	http://guitarflash.me/?gfcMus=78JUYHI8AHRO
Wiggle  - Jason Derulo	http://guitarflash.me/?gfcMus=U3Q6BICWRCH0
Riffer Madness - Charlie Parra	http://guitarflash.me/?gfcMus=YMECCSAOIYU1
Tango Down - Akira	http://guitarflash.me/?gfcMus=YWH1G0XY0D6J
Am I Evil? - Metallica	http://guitarflash.me/?gfcMus=3101VEU0MEEU
Nobody - Avenged Sevenfold	http://guitarflash.me/?gfcMus=OTQFSAACQONN
Final Masquerade - Linkin Park	http://guitarflash.me/?gfcMus=46UKWB42WAKW
Brother - Stuck In The Sound	http://guitarflash.me/?gfcMus=L5PSULQPA1ID
Feisty Cadavers - John 5	http://guitarflash.me/?gfcMus=UQHEVPQK1PO0
The Hell Song  - Sum 41	http://guitarflash.me/?gfcMus=AKVXIE1QK8VG
You Are Next - Angelus Apatrida	http://guitarflash.me/?gfcMus=Q0679R9Y4WW0
A.T.W.A - System of a Down	http://guitarflash.me/?gfcMus=PSMBI89X9616
Perpetual Burn  - Jason Becker	http://guitarflash.me/?gfcMus=10P1EE6Y0LXU
Chart Treinamento - AndreyOne	http://guitarflash.me/?gfcMus=T6IO8FDFEX68
False Pretense - The Red Jumpsuit Apparatus	http://guitarflash.me/?gfcMus=7KMGOM57XURI
Reign Of Terror - Rhapsody Of Fire	http://guitarflash.me/?gfcMus=JY6LV9O2NNM9
The Force Of Courage -  Galneryus- Charter: J	http://guitarflash.me/?gfcMus=V1N5CRMYP3H6
Los_prisioneros-Para_Amar	http://guitarflash.me/?gfcMus=11GELUM5RANA
Demons - Darkest Hour	http://guitarflash.me/?gfcMus=LOEMMLT42S35
Solos - DragonForce	http://guitarflash.me/?gfcMus=33OEJ9U4RIGM
Parte Tensa Treino TTFAF - Adriano Hipy	http://guitarflash.me/?gfcMus=D7GRAHRLNTLV
Planets - Avenged Sevenfold	http://guitarflash.me/?gfcMus=A2X91DNC8SPH
The Fool - Fleshgod Apocalypse	http://guitarflash.me/?gfcMus=80V6145OYBVN
Radio/Video - System Of A Down	http://guitarflash.me/?gfcMus=FLH2D95CVP3R
Lost - Avenged Sevenfold	http://guitarflash.me/?gfcMus=KKBDYNGYD7WJ
The Chosen Ones - Dream Evil	http://guitarflash.me/?gfcMus=Q06CEJ5PPM9N
Slayer Adaptada - Schmutz06	http://guitarflash.me/?gfcMus=8R82QYINMKCP
Isolation Metralhas - Adriano Hipy	http://guitarflash.me/?gfcMus=66EHIE3EYSYQ
Flame Stag - Mega Man X2 OST	http://guitarflash.me/?gfcMus=EWTAVYA5QDD6
I Wont Give In - Asking Alexandria	http://guitarflash.me/?gfcMus=O3BTASRQ0NKJ
Sidneys Fanatical Uber Solo - Sidney600	http://guitarflash.me/?gfcMus=MHCY4KP50T9S
Hit The Floor  - Linkin Park	http://guitarflash.me/?gfcMus=DPDOJHGEK3SG
Nanbaka Opening 1  Anime Hero GF - Anime Nanb	http://guitarflash.me/?gfcMus=UVYJ58CEQ6LM
Bodom Blue Moon (The Second Coming) - Childre	http://guitarflash.me/?gfcMus=GL6TIGSOTX5G
Apology - Alesana	http://guitarflash.me/?gfcMus=EBGQETJQUF3C
Blinded in Chains - Avenged Sevenfold	http://guitarflash.me/?gfcMus=WDIXSOO60LTH
Call me - Blondie	http://guitarflash.me/?gfcMus=5Q2ASKGMHQJU
Pain - Three Days Grace	http://guitarflash.me/?gfcMus=932BKPSCWMCY
No Celestial - LE SSERAFIM	http://guitarflash.me/?gfcMus=8KC55UNYJ7H9
Beethoven Virus - Albertto Lopezz	http://guitarflash.me/?gfcMus=ISDUEOE38839
Dodói da cabeca - La Fênix	http://guitarflash.me/?gfcMus=B7O8FFOH1LK4
The Ytse Jam - Dream Theater	http://guitarflash.me/?gfcMus=AVYLNMN12M7X
The Promised Flag - Galneryus	http://guitarflash.me/?gfcMus=1CMK1M7VBHMJ
Chord Change - Camel	http://guitarflash.me/?gfcMus=HBUJ3IDRD3I2
Reminiscence - Versailles	http://guitarflash.me/?gfcMus=YGFKPIPRCBCU
Carolyn - Black Veil Brides	http://guitarflash.me/?gfcMus=H1AAQRR4PTXS
Huracán - Airbag	http://guitarflash.me/?gfcMus=L4U8Y19S7RTS
Francesco Fareri Solo Medley - Francesco Fare	http://guitarflash.me/?gfcMus=5VCAAOD7P60C
- BUCKETHEAD VS BUMBLEFOOT	http://guitarflash.me/?gfcMus=BHA9TOK0BHSQ
Caprici Di Diablo SOLO - Yngwie Malmsteen	http://guitarflash.me/?gfcMus=IYGRC10EVD9W
The Flood - Escape The Fate	http://guitarflash.me/?gfcMus=UAHR1QA4YG1O
Lotus Island - Buckethead	http://guitarflash.me/?gfcMus=UAHSYYK9KNCO
Garden Of Eden - Guns N Roses	http://guitarflash.me/?gfcMus=I4RSBXN6CMO2
Temples - Unicorn Kid	http://guitarflash.me/?gfcMus=MSI1DKE5XCVE
Winter Depreciation - Jacob Landon	http://guitarflash.me/?gfcMus=TQSRAHQOFJGA
The Dance Of Eternity - Dream Theater	http://guitarflash.me/?gfcMus=R49TTGU9Y2EV
[Kore wa zombie desu ka! Of the Dead!] - Iori	http://guitarflash.me/?gfcMus=0LAATG5OT47J
Kuroshitsuji Opening 2 - Shiver - The Gazette	http://guitarflash.me/?gfcMus=H8CEOCTG6443
Suffocating Under Words Of Sorrow - Bullet Fo	http://guitarflash.me/?gfcMus=J6TR3NL8KMI7
Banquet - Bloc Party	http://guitarflash.me/?gfcMus=1YP6HECT7IMI
Preludio 2 SP - Rata Blanca	http://guitarflash.me/?gfcMus=OSVOVGBFUAYG
Death Moon - SHK	http://guitarflash.me/?gfcMus=OYRUVVOFKU68
Pareo adalah emerald - JKT48	http://guitarflash.me/?gfcMus=2C9MXR6MTJOU
Three Hammers -  DragonForce	http://guitarflash.me/?gfcMus=E5H4WBUKAHWT
7 Mil notes impossible part 3 - _Madruga	http://guitarflash.me/?gfcMus=VIR65IN27LYK
Pulse of the Maggots  - Slipknot	http://guitarflash.me/?gfcMus=RH4A85AK9H3W
Fury Ultimo SP Expert e Hard - Adriano Hipy	http://guitarflash.me/?gfcMus=G44M692TS3N3
Geometry Dash - Back On Track	http://guitarflash.me/?gfcMus=K97QRO4SH1X1
Dont Touch - Galneryus	http://guitarflash.me/?gfcMus=ELUYJVUGRGPF
La Fantastica Aventura - Dragon Ball Luis De	http://guitarflash.me/?gfcMus=TXNUYMS8PT0E
[Fire Force] Inferno - Mrs. GREEN APPLE	http://guitarflash.me/?gfcMus=U2VFEPD0VWRR
Word Up! - Korn	http://guitarflash.me/?gfcMus=78O6TDFO7R3G
Rain - Sid	http://guitarflash.me/?gfcMus=VS1VGFKAF899
Hikari No Rock - Bleach	http://guitarflash.me/?gfcMus=AXM78YFAK4KC
Forever - Martin Garrix, Matisse & Sadko	http://guitarflash.me/?gfcMus=H8AODJF0C6GP
Its my life - Bon Jovi	http://guitarflash.me/?gfcMus=Q3R049MGYEBC
Maleficio - Tormenta	http://guitarflash.me/?gfcMus=2V4PP7L9B4VF
Scream - Avenged Sevenfold	http://guitarflash.me/?gfcMus=ET99406IIJM6
Abertura - Dragon Ball Super	http://guitarflash.me/?gfcMus=I16286548TAO
Nottingham Lace - Buckethead	http://guitarflash.me/?gfcMus=DAX6IDD7TDOG
Burden - As I Lay Dying	http://guitarflash.me/?gfcMus=TLS8HX727HMP
Prelude Into The Future - Vinnie Moore	http://guitarflash.me/?gfcMus=YT9BSDQMSSDI
Soy un Cacahuate - Sponge Bob Square Pants	http://guitarflash.me/?gfcMus=H5MD5QF804PL
My Apocalypse - Escape The Fate	http://guitarflash.me/?gfcMus=EXOVPR37FUEQ
Prelude Speed Metal Messiah - Joe Stump	http://guitarflash.me/?gfcMus=3VP0G2MASRLD
Ambrosia - Alesana	http://guitarflash.me/?gfcMus=K1ISHSXSXFEP
The Poison - Bullet For My Valentine	http://guitarflash.me/?gfcMus=284M4JTR4I7V
Like A Stone - Audioslave	http://guitarflash.me/?gfcMus=268B3OD50U7X
Shadow Moses - Bring Me The Horizon	http://guitarflash.me/?gfcMus=IJTG0WMJD1UD
Pleasure and Pain - Bullet for my Valentine	http://guitarflash.me/?gfcMus=PAUJXCLVMGSP
The Duel - Rusty Cooley	http://guitarflash.me/?gfcMus=N7SL4VXX0OCK
Crazy - A Skylit Drive	http://guitarflash.me/?gfcMus=UI4X6DHEHM9M
Mulher de Fases - Raimundos	http://guitarflash.me/?gfcMus=VAA853ITS02G
Blinded in Chains - Avenged Sevenfold	http://guitarflash.me/?gfcMus=D34X82UYKXHD
[Yaranaika] World Is Mine - Takakazu Abe	http://guitarflash.me/?gfcMus=6NHF1US012SI
[MEGAMAN X] Cant Defeat Airman HOLIC - Hanata	http://guitarflash.me/?gfcMus=97GNTXXJMJG8
Beyond The Dark Sun - Wintersun	http://guitarflash.me/?gfcMus=PGPYSHY6BMN5
Prophetian - Eternal Tears Of Sorrow	http://guitarflash.me/?gfcMus=1F0ISFFBMOQD
My Apocalypse - Escape The Fate	http://guitarflash.me/?gfcMus=LHIPXP9KJNJN
Shot Me Down ft Skylar Grey - David Guetta	http://guitarflash.me/?gfcMus=Q1XAO9EPBSMS
Welcome Home - OPIRUS ELEMENT	http://guitarflash.me/?gfcMus=GW7U6CMTNTGK
Destiny último SP - Galneryus	http://guitarflash.me/?gfcMus=KCRKJEQFXPOD
Shingeki no Kyojin Ending 02	http://guitarflash.me/?gfcMus=S377UYRAJDE5
Slunk Parade AKA Freaks in the Black - Bucket	http://guitarflash.me/?gfcMus=EBE309GFLORY
Teclado lindinho - 2009	http://guitarflash.me/?gfcMus=DQ4WNWRP6UT9
Kingdom Hearts Meets Metal.mp3 - No Artist Se	http://guitarflash.me/?gfcMus=Y8VYAIH8P04C
SOLO LOOP Soldiers 1 min - Dragonforce	http://guitarflash.me/?gfcMus=HHPRXFA2A3DT
Freaks - Timmy Trumpet & Savage	http://guitarflash.me/?gfcMus=RRCG7HADFAPT
Cum On Feel The Noize - Quiet Riot	http://guitarflash.me/?gfcMus=GS1Y22FIBOBK
Radio/Video - System of a Down	http://guitarflash.me/?gfcMus=HRYP229KHBC4
The Negative One - Slipknot	http://guitarflash.me/?gfcMus=DGQQVXHB3UJT
One Piece Abertura 3 Hikari - Anime Hero GF	http://guitarflash.me/?gfcMus=7LKM82U0I6RH
P.O.W - Bullet For My Valentine	http://guitarflash.me/?gfcMus=4WGCT1I7E1NT
Botnus - Buckethead feat. Efraim Sanchez	http://guitarflash.me/?gfcMus=5ATSX5MCH9E1
Bendera Kuning - Betrayer	http://guitarflash.me/?gfcMus=1TLBWPKLHY56
Breaking The Sky - Jin	http://guitarflash.me/?gfcMus=VRE4UTC04LU8
The Final Countdown - Europe	http://guitarflash.me/?gfcMus=KHT4VJQ4SC6L
The Drug In Me Is You - Falling In Reverse	http://guitarflash.me/?gfcMus=UYHTP6RGKTC8
Welcome To Violence - John 5	http://guitarflash.me/?gfcMus=KJK1OGAX6PJ4
Hip To Be Scared - Ice Nine Kills	http://guitarflash.me/?gfcMus=L24Y04E8FK41
Tetris Dupstep - New plays	http://guitarflash.me/?gfcMus=9IGWFBITTS4Y
Angel of Salvation - Galneryus	http://guitarflash.me/?gfcMus=6697KQH2NR0Y
dragonforce solos	http://guitarflash.me/?gfcMus=KX5X2A1T2IXJ
He Woman Hater - Extreme	http://guitarflash.me/?gfcMus=PAPK6PBAPA68
All The Small Things - Blink-182	http://guitarflash.me/?gfcMus=IC774LKT37MG
Needled 24_7 - Children of Bodom	http://guitarflash.me/?gfcMus=Q8SM74HJLPTK
Deathfire Grasp - Pentakill	http://guitarflash.me/?gfcMus=PP1QHGXQDAAG
Debil Metal - Mamonas Assassinas	http://guitarflash.me/?gfcMus=BVSPMO9UW4JF
Famous Last Words - My Chemical Romance	http://guitarflash.me/?gfcMus=TQ365JJD9GF8
What You Want - Evanescence KH	http://guitarflash.me/?gfcMus=U2R3MK6DEG50
That Was Just Your Life - Metallica	http://guitarflash.me/?gfcMus=2ND42PDWIS0Q
Hunting High And Low - Stratovarius	http://guitarflash.me/?gfcMus=TV12GSATS09D
Talking To The Moon - Bruno Mars	http://guitarflash.me/?gfcMus=A14A72YAY1OM
Fallen World - DragonForce	http://guitarflash.me/?gfcMus=6LRABHJ19B3D
30 Shredders In One Solo - Ben Higgins	http://guitarflash.me/?gfcMus=7N0ABNHVNBJP
Sad But True Lyrics ( - Metallica	http://guitarflash.me/?gfcMus=MC3QRQQAST4O
And Their Eulogies Sang Me To Sleep - The Ago	http://guitarflash.me/?gfcMus=3QQAO9MNSJR7
Solo de dont cry   - guns and roses  version	http://guitarflash.me/?gfcMus=ESHCOQIR2SW0
Flatlines, Thin Lines - John 5	http://guitarflash.me/?gfcMus=7T41MSMICD1E
Buster Voodoo - Rodrigo Y Gabriela	http://guitarflash.me/?gfcMus=OST6KWE0SGBP
Toumei Datta Sekai Naruto Shippuden	http://guitarflash.me/?gfcMus=SVBC3BHVMF8N
Guitars Suck - Bumblefoot	http://guitarflash.me/?gfcMus=8X5YWOUEDJUV
R.I.P Magrelim - MC Magrelinho	http://guitarflash.me/?gfcMus=LDGELTPWH523
Brand New World - One Piece	http://guitarflash.me/?gfcMus=GX6SOIVMF0HW
A Sua Maneira - Capital Inicial	http://guitarflash.me/?gfcMus=QADE5DKVUXVW
Battery - Metallica	http://guitarflash.me/?gfcMus=9SU0FKWS54EE
Bleed - Meshuggah	http://guitarflash.me/?gfcMus=6XQHHS3YMJFG
Destruction Preventer - Sonata Arctica	http://guitarflash.me/?gfcMus=I8U2V5BGLG6N
Guitar Solo - Bruno Albuquerque	http://guitarflash.me/?gfcMus=3VV2J08C57WJ
Return To Hangar - Megadeth	http://guitarflash.me/?gfcMus=622IDX1VO07L
Through The Fire And Flames - Dragonforce	http://guitarflash.me/?gfcMus=WUNQPYY34QY9
Where Dragons Rule (teste) - DragonForce	http://guitarflash.me/?gfcMus=GW7V3KWY92SK
Ichirinnohana - HIGH and MIGHTY COLOR	http://guitarflash.me/?gfcMus=1TJKOOW02S5S
Arma-Goddamn - Marilyn Manson	http://guitarflash.me/?gfcMus=8X9DL2C5G9TN
Dreaming - System of a Down	http://guitarflash.me/?gfcMus=AEVCY5MOKI2W
The Dark Memories - Heavenly	http://guitarflash.me/?gfcMus=DW9QAD8TA5YL
Buried Alive - Avenged Sevenfold	http://guitarflash.me/?gfcMus=OYSS2F36EEH8
Speed Of Light - Stratovarius	http://guitarflash.me/?gfcMus=5W8RCRATLY1W
Levan Polka - Hatsune Miku	http://guitarflash.me/?gfcMus=16QC6P9KEHRR
Whiplash - Metallica	http://guitarflash.me/?gfcMus=XSME21MLVGNT
Heeding the call - Hammerfall	http://guitarflash.me/?gfcMus=FRE5MYMYTM9J
War of The Angels - Rusty Cooley	http://guitarflash.me/?gfcMus=BRHIKRF79XGN
John 5 - Flatlines, Thin Lines	http://guitarflash.me/?gfcMus=FG65NV36FYM9
Strike The Blood OP 1 - Kishida Kyoudan and T	http://guitarflash.me/?gfcMus=RN0H328U6HXO
Critical Acclaim - Avenged Sevenfold	http://guitarflash.me/?gfcMus=X6G54VOGCWOH
Defenders - DragonForce	http://guitarflash.me/?gfcMus=LW1WF66YXVM2
NB - Ult Sp	http://guitarflash.me/?gfcMus=QN5HRWSKOWW6
Matenme Por Que Me Muero - Caifanes	http://guitarflash.me/?gfcMus=JWH8B6DTWB8I
Hysteria - Muse	http://guitarflash.me/?gfcMus=H1AFWJNUCIAG
A Sitting Ovation - Mike Orlando	http://guitarflash.me/?gfcMus=9JFUXHRMLY4A
Broken Beat & Scarred - Metallica	http://guitarflash.me/?gfcMus=0M8A9UPM7IJV
Born To Win - Mutiny Within	http://guitarflash.me/?gfcMus=DTPNQO9R9N8M
Alesana  - The Lover	http://guitarflash.me/?gfcMus=TCD33LQQ341M
A Little Faster Dragon Ball Z - There For Tom	http://guitarflash.me/?gfcMus=EFP85Y0XNMJQ
Old School - Rob Marcello	http://guitarflash.me/?gfcMus=02LA27L9A7M5
War of the Gods - Amon Amarth	http://guitarflash.me/?gfcMus=45X9UGNFSLKY
Turbo Bumblee Bee(Vlad Filth) - Schmutz6	http://guitarflash.me/?gfcMus=XP2IFTFP9B8H
Paradise Lost - Symphony X	http://guitarflash.me/?gfcMus=2HGCY172YQ58
Youth Gone Wild (Skid Row Cover) - Asking Ale	http://guitarflash.me/?gfcMus=K7LSNN5PL2J1
Garnachas - Vete A La Versh	http://guitarflash.me/?gfcMus=34BC43JEVATA
Hard Times - Paramore	http://guitarflash.me/?gfcMus=RKB0YY8625PX
Shot At The Night - The Killers	http://guitarflash.me/?gfcMus=54VUSGBLQAWU
Feel - Skarlett Riot	http://guitarflash.me/?gfcMus=CG73LE9G8QTA
The Guillotine - Escape The Fate	http://guitarflash.me/?gfcMus=VWI5IJA40207
Blood On Your Hands - Arch Enemy	http://guitarflash.me/?gfcMus=QVVXCDU19B58
OGAP Final - Dragonforce	http://guitarflash.me/?gfcMus=WDA7C70SFE7X
You Got Another Thing Comin - Judas Priest	http://guitarflash.me/?gfcMus=BVP26DFO9LK1
Noche Acosador  - John 5	http://guitarflash.me/?gfcMus=FKO2MP551QPW
[Black MIDI] - Voyage 570k - By GFC_2.2	http://guitarflash.me/?gfcMus=RJMLOB0RND6I
Megalodon - Mastodon	http://guitarflash.me/?gfcMus=S416O9HDS5FY
Numb - Linkin Park	http://guitarflash.me/?gfcMus=UYBPRQM41XD3
Korpiklaani - Journey Man	http://guitarflash.me/?gfcMus=64U9P6JRWS85
Nosso Amor - MC Pedrinho	http://guitarflash.me/?gfcMus=W5WM3V27IAXK
Sons Of Night - Black Veil Brides	http://guitarflash.me/?gfcMus=02E9VHBCJYNY
Creep - Radiohead	http://guitarflash.me/?gfcMus=P34XAVCJU5X1
This Cocaine Makes Me Feel Like Im On This S	http://guitarflash.me/?gfcMus=JXDQAHKLEDL3
Sucking a cock of a Vietnam Veteran - Gutalax	http://guitarflash.me/?gfcMus=WIMXJ6B6BTNG
Burn It To The Ground - Nickelback	http://guitarflash.me/?gfcMus=NDSCTW9QK4HQ
Rise Up - Drowning Pool	http://guitarflash.me/?gfcMus=X85IRQPKI1Q8
Year Zero - Ghost	http://guitarflash.me/?gfcMus=U9MD86Y3340R
Spiders - System of a Down	http://guitarflash.me/?gfcMus=BB4N1Y466QC1
Vortex - Megadeth	http://guitarflash.me/?gfcMus=CR801QHY255Q
Bocah Ngapa Yak - Wali	http://guitarflash.me/?gfcMus=82IQ4N6Q9YAE
Wings of Liberty - Dragonforce	http://guitarflash.me/?gfcMus=DAPF1UNT962W
Uzu to Uzu - NICO Touches The Walls	http://guitarflash.me/?gfcMus=3IW6P8FVYE8Q
Psychoswing - Claudio Cordero	http://guitarflash.me/?gfcMus=KCQUBD3UIIO0
I Need Your Love - Calvin Harris	http://guitarflash.me/?gfcMus=7IW4Y0E7EY2R
Final Wars - Buckethead	http://guitarflash.me/?gfcMus=MD56Q0D8GD4R
Opening 2 - Death Note	http://guitarflash.me/?gfcMus=IEYV2R2DHXCB
Mas Que Nadie Mas - Feeling Every Sunset	http://guitarflash.me/?gfcMus=YMEBFJ0JXQI1
Metralhas Perpetual Burn - Jason Becker	http://guitarflash.me/?gfcMus=42FBESU9Y1HM
Failure - Breaking Beijamin	http://guitarflash.me/?gfcMus=1TOOM33CKO4X
Keep Holding On - Falling In Reverse	http://guitarflash.me/?gfcMus=KM0OR2VTCUBB
Diggers Den - Buckethead	http://guitarflash.me/?gfcMus=TQ1HQ0F20P3T
Silvera - Gojira	http://guitarflash.me/?gfcMus=65KIRU474SMW
Harvest of Hate - Argos	http://guitarflash.me/?gfcMus=WRYHDE9GDWL6
Driftveli City - Pokemon B/W	http://guitarflash.me/?gfcMus=L2B06SO56S37
Gone Away - The Offspring	http://guitarflash.me/?gfcMus=UJXXWWGMCMLG
Daddy, Brother, Lover, Little Boy - Mr.big	http://guitarflash.me/?gfcMus=0N3YEYS5A983
Never Miss A Beat - Kaiser Chiefs	http://guitarflash.me/?gfcMus=FU38XAVLRBN1
No More Regrets - Arch Enemy	http://guitarflash.me/?gfcMus=I19OR9O5B4X3
Adventure Of A Lifetime - Coldplay	http://guitarflash.me/?gfcMus=HMSS3AHYXPI4
Fast As A Shark - Accept	http://guitarflash.me/?gfcMus=XXS1UQ3F164J
Spit It Out - Slipknot	http://guitarflash.me/?gfcMus=HF0BY9YGPPNE
La llorona Letra-Chavela Vargas	http://guitarflash.me/?gfcMus=CHSYVXM9W9JA
Time to Play the Game - Motorhead	http://guitarflash.me/?gfcMus=GKGKJJX42QFO
Fucking Hostile - Pantera	http://guitarflash.me/?gfcMus=QAFBGFECH2JX
Denial - We Are Harlot	http://guitarflash.me/?gfcMus=NLCWEGW0112A
Give It All - Rise Against	http://guitarflash.me/?gfcMus=QFNJS9D8O3O1
Treino meu 1  - Vaza	http://guitarflash.me/?gfcMus=V0TCKG4SN84Y
Mr. Brightside - The Killers	http://guitarflash.me/?gfcMus=X5LF5B1O3QB9
Clavado En un Bar - Maná	http://guitarflash.me/?gfcMus=PXWG3CCEOI5A
Abertura - Digimon 4	http://guitarflash.me/?gfcMus=848Y6BQ6FYN7
Treino Pessoal OGAP 1 - Adriano Hipy	http://guitarflash.me/?gfcMus=9OFOYTDVLNX5
Animals - Martin Garrix	http://guitarflash.me/?gfcMus=15S6Q29M9XFS
Second And Sebring - Of Mice & Men	http://guitarflash.me/?gfcMus=IJ89KCWYAOS2
Godfhater Theme - Slash	http://guitarflash.me/?gfcMus=5LTSL1GGB5Q5
Hearts Burst into Fire - Bullet For My Valent	http://guitarflash.me/?gfcMus=YLLCL9BGOYH7
More Than A Feeling - Boston	http://guitarflash.me/?gfcMus=DMUK2K78YCPH
DNA Uber Solo  - Sou Skype	http://guitarflash.me/?gfcMus=1SXK9DNGRK35
By The Way - Red Hot Chili Peppers	http://guitarflash.me/?gfcMus=VA4Y1VGQOFQN
Bumbum Granada - MCs Zaac & Jerry	http://guitarflash.me/?gfcMus=1CDTJ4IIPB00
Tender Surrender (Studio Version) - Steve Vai	http://guitarflash.me/?gfcMus=L83SHVJFSNA7
Megasus - Megasus	http://guitarflash.me/?gfcMus=8M6TNLKKKJUS
Guitar Flash Metralhas - L O I S	http://guitarflash.me/?gfcMus=CWGFDSWU1BAH
Storm The Sorrow - Epica	http://guitarflash.me/?gfcMus=D83PUBGVRL0J
first of the year SNX REMIX - skrillex	http://guitarflash.me/?gfcMus=137FMAQK651G
Hump de Bump  - Red Hot Chili Peppers	http://guitarflash.me/?gfcMus=B7SQAK2YP0VJ
Resonance - TM Revolution	http://guitarflash.me/?gfcMus=MOXGWEI0O2SC
4 Solos Cry For Eternity - Dragonforce	http://guitarflash.me/?gfcMus=Q11X5L8VYCL7
Take On Me - A-HA	http://guitarflash.me/?gfcMus=KM0KJIA7BDBN
We are Number One - Lazy Town	http://guitarflash.me/?gfcMus=9L0TYQ0U25UA
A Flame For Freedom - Dragonforce	http://guitarflash.me/?gfcMus=AWRB2LVRO8VH
Test Washburn WI14 - Kevin Castaneda	http://guitarflash.me/?gfcMus=5FWVGC5QK68Y
Jordan 150% Speed  - Buckethead	http://guitarflash.me/?gfcMus=NCVXFRHM27T5
War of the Angels - Rust Cooley	http://guitarflash.me/?gfcMus=3B2313ECO4PM
Wice - Star Fighter  Magnatron 2.0 is OUT NOW	http://guitarflash.me/?gfcMus=62PGQ5B7U0FX
Ritual - Ghost	http://guitarflash.me/?gfcMus=XE0VPNSQLY9N
21 Guns  - Green Day	http://guitarflash.me/?gfcMus=HV5G1JK57P5G
Dont Mess with Ouija Boards - Falling in Reve	http://guitarflash.me/?gfcMus=NY95UNL6X2FO
Via Lactea - Zoè	http://guitarflash.me/?gfcMus=8WH7C3M42WGU
Rojo Melanic  - Tal Vez	http://guitarflash.me/?gfcMus=2818IX2VFLV4
Poisonous Shadows - Megadeth	http://guitarflash.me/?gfcMus=7ETTHKFSIW86
Lrn2Metal - MrOMGWTFxCorp	http://guitarflash.me/?gfcMus=PE5ULGU89QLH
Blackout - Parkway Drive	http://guitarflash.me/?gfcMus=WCJXDA58M7H5
Battle Music  - Tom Morello	http://guitarflash.me/?gfcMus=NLJSEDC76JPS
Over My Head (Better Off Dead) - Sum 41	http://guitarflash.me/?gfcMus=FOWQBCCI8BIY
Hola - Panda	http://guitarflash.me/?gfcMus=4QBM9L8YHM65
Crosses - Edu Falaschi	http://guitarflash.me/?gfcMus=OUNO0N5PNW1L
Oceana - December	http://guitarflash.me/?gfcMus=EHH29WD8O4LA
Head Of The Pack - Skull Fist	http://guitarflash.me/?gfcMus=OMUI76EOMBT6
Le Internet Medley Editor GodelGF - MrGregMur	http://guitarflash.me/?gfcMus=6D8PSPKM876U
A Skylines Severance - Trivium	http://guitarflash.me/?gfcMus=MHDQ63Y0MGW6
In Spite of Ones Age -Ver Immortal- - Master	http://guitarflash.me/?gfcMus=HYP9YSNHHY7T
Stutter Step - Kolajo	http://guitarflash.me/?gfcMus=VY4WJJ2CO3QJ
The Wrath Of Mr. Greg Murphy - Editor Godel_G	http://guitarflash.me/?gfcMus=222K462K9FEL
Midnight Madness - Dragonforce	http://guitarflash.me/?gfcMus=S1H95TYCKRON
Holding On - DragonForce	http://guitarflash.me/?gfcMus=SX3CA911TTWT
Opening 1  - Saint Seiya	http://guitarflash.me/?gfcMus=HP989EDPPHXP
For Those Who Wait. - Fireflight	http://guitarflash.me/?gfcMus=0TY08M9EE438
Random Drops - Random	http://guitarflash.me/?gfcMus=MXKGX0IF0CDM
Patterns 2++ METRALHAS - Schmutz06	http://guitarflash.me/?gfcMus=A822AQ44I2I5
In Dreams Of Terror - Evile	http://guitarflash.me/?gfcMus=E6A1CKIBP8M0
Sellouts (Feat. Danny Worsnop) - Breathe Caro	http://guitarflash.me/?gfcMus=C7LYVT3HJLW0
The Coats Of Claude - Buckethead	http://guitarflash.me/?gfcMus=40UCGBBWWMEN
Crawling - Linkin Park	http://guitarflash.me/?gfcMus=UGFRIQWB4O7H
[Sword Art Online] Crossing Field - LiSA	http://guitarflash.me/?gfcMus=8CRRKKGQUGWC
Goodbye Agony - Black Veil Brides	http://guitarflash.me/?gfcMus=4DPTOGCHEIRN
Wutjai - Silly Fools	http://guitarflash.me/?gfcMus=FT2FURMQ5O0N
Slam - Mike Orlando	http://guitarflash.me/?gfcMus=1MVB8RE84C97
Never Too Late - Three Days Grace	http://guitarflash.me/?gfcMus=0KI6GPPS115Q
Losing You - Dead by April	http://guitarflash.me/?gfcMus=I3FPO4YHHMWE
Black Lungs - Architects	http://guitarflash.me/?gfcMus=GNU76BTS0278
Pumped Up Kicks - Foster The People	http://guitarflash.me/?gfcMus=JT7T8Y35H043
Talk Dirty To Me  - by Poison	http://guitarflash.me/?gfcMus=B8P1F68H9FKH
Technical Difficulties - Racer x	http://guitarflash.me/?gfcMus=TP51JD3OACQ8
- Awake and Alive - Skillet	http://guitarflash.me/?gfcMus=EAM3TBWAEA2S
La Voz Dormida - Mago De Oz	http://guitarflash.me/?gfcMus=ELJLL2DWIR3H
Chopis Centis - Mamonas Assassinas	http://guitarflash.me/?gfcMus=YU2DDEB4U8EC
Flight of the Bumblebee - Charlie Parra	http://guitarflash.me/?gfcMus=KA5X5KEV8SM0
O Grave Bater - MC Kevinho	http://guitarflash.me/?gfcMus=36YYLOLS0YKO
Rainbow Chicken Dance - Simples	http://guitarflash.me/?gfcMus=R648N16BUDFS
Guitar Demo #2 - Syu	http://guitarflash.me/?gfcMus=E5GBXKBK2NWG
Through The Fire And Flames TTFAF FULL - Drag	http://guitarflash.me/?gfcMus=H5MBAAUYTN2M
Planet Of The Grapes 1 Solo - Berried Alive	http://guitarflash.me/?gfcMus=NFJFRLNAK77V
Caprice No 24 - InfamousColin	http://guitarflash.me/?gfcMus=F8QV0029A42I
Ring Of Fire - Dragonforce	http://guitarflash.me/?gfcMus=8DNWJEQHR69N
The Horse - A Wilhelm Scream	http://guitarflash.me/?gfcMus=DDH25JK3HH3S
The Sound of Truth - As I Lay Dying	http://guitarflash.me/?gfcMus=RFCJVWRP1O2D
Iine! - BABYMETAL	http://guitarflash.me/?gfcMus=4WGITAY776NG
Cant Fight This Feeling - REO Speedwagon	http://guitarflash.me/?gfcMus=AEYUAOJ4MCPN
Jump Man - Buckethead	http://guitarflash.me/?gfcMus=DL0R8IY6HPOB
In Waves  - Trivium	http://guitarflash.me/?gfcMus=E0677XSETQHC
Akame Ga Kill Ending Song.mp3 - No Artist Set	http://guitarflash.me/?gfcMus=POAGIJ26L3KO
Dragon Ball Super Intro - Dragon Ball Super	http://guitarflash.me/?gfcMus=7FHK5XDX8BA7
Staff Roll - Resident Evil 3 Nemesis	http://guitarflash.me/?gfcMus=VVRS8B43SLMQ
Ansatsu_Kyoushitsu_Second_Season_OP_2_Sub_Esp	http://guitarflash.me/?gfcMus=5MQ7Y68KU2FP
Mars Slank - Slank	http://guitarflash.me/?gfcMus=9XTUAE4CC9V8
I Miss You - blink182	http://guitarflash.me/?gfcMus=EC6CJRR21I5F
Head Öf The Pack - SKULL FIST	http://guitarflash.me/?gfcMus=74EU696DKHBP
7 -seven- - Flow x Granrodeo	http://guitarflash.me/?gfcMus=7T3GKJUOIVDN
Welcome To The Family - Avenged Sevenfold	http://guitarflash.me/?gfcMus=NHY2XX0144M4
Opening 1 - One Piece	http://guitarflash.me/?gfcMus=WKC46RV9NROK
Feel Good Inc Cover - Leo Moracchioli	http://guitarflash.me/?gfcMus=EI50WIRD7NNX
Monster Sweep - Schmutz06	http://guitarflash.me/?gfcMus=TSKOMYPKGHIG
In Bloom - Nirvana	http://guitarflash.me/?gfcMus=FDQKVKRRO3JP
Are You Ready to Rock - Pop the Sun	http://guitarflash.me/?gfcMus=9K685X8SEOTQ
Siege Engine - Buckethead	http://guitarflash.me/?gfcMus=AE2GWJR14E12
Alive - Pearl Jam	http://guitarflash.me/?gfcMus=J3GVPWD53HQ1
Berco Esplendido - Ecliptyka	http://guitarflash.me/?gfcMus=3JQPQREV2IFB
Merry Axe-Mas - Ice Nine Kills	http://guitarflash.me/?gfcMus=W2DNM891OPU9
A Broken Man - Dream Theater	http://guitarflash.me/?gfcMus=SX2E4QLB1ALS
Judgement Day - DragonForce	http://guitarflash.me/?gfcMus=YJWY1508XN3G
Cry Final - Dragonforce	http://guitarflash.me/?gfcMus=TQ1CNY96SRF6
Here I Am - Asking Alexandria	http://guitarflash.me/?gfcMus=X4O50PU6JBMB
Angel Of Death - Slayer	http://guitarflash.me/?gfcMus=IO63YCCB9YA8
Punk vs Metal - Charlie parra	http://guitarflash.me/?gfcMus=GOLIIAPPLB8N
Say Goodnight - Bullet For My Valentine	http://guitarflash.me/?gfcMus=HXVMBIA6M2IA
Utopia BySonicult - Schmutz06	http://guitarflash.me/?gfcMus=XJ24S1QTMYQL
Xanandra - Mago de oz	http://guitarflash.me/?gfcMus=NR9WBV35JNLF
The Betrayal - Fleshgod Apocalypse	http://guitarflash.me/?gfcMus=O8HE6BWFJ5P9
Old School Hollywood - System Of A Down	http://guitarflash.me/?gfcMus=KKD1F0951PWX
Crossing Field - LiSA  Sword Art Online	http://guitarflash.me/?gfcMus=O7F11IUQ31E6
Kingdom For A Heart - Sonata Arctica	http://guitarflash.me/?gfcMus=6WUT9WAL5128
Fat Tonys Orders (Guitar Flash Edit) - Schmut	http://guitarflash.me/?gfcMus=T5LGUJ2CN6I9
Sad Statue - System Of A Down	http://guitarflash.me/?gfcMus=NJUETA1XF7B1
Revenga - system of down	http://guitarflash.me/?gfcMus=CNW3ACFSLDO8
Poison Was The Cure - Megadeth	http://guitarflash.me/?gfcMus=G2HXWY50VQWO
Mr. Crowley - Ozzy Osbourne	http://guitarflash.me/?gfcMus=UYGUME2K52O8
Black Star - Yngwie Malmsteen	http://guitarflash.me/?gfcMus=A5MBI7CPY1FY
All The Small Things - Blink-182	http://guitarflash.me/?gfcMus=9MVH4U3D6VJI
Rebellion - Linkin Park	http://guitarflash.me/?gfcMus=WOLMU5LM27HY
Super Mario Bros - Main Theme - SSH	http://guitarflash.me/?gfcMus=07Q2XX7YLURH
Jesus Of Suburbia - Green Day	http://guitarflash.me/?gfcMus=6EXWW5VXS08N
Point Of No Return - Havok	http://guitarflash.me/?gfcMus=7DVJSDT8DVVJ
Lips ( MiNiMaL SeT) - Breech	http://guitarflash.me/?gfcMus=I3NKOLCBFUDW
Solos - Bullet For My Valentine	http://guitarflash.me/?gfcMus=I4O7O3FAUJDN
Final 20th Century Boi - Cabeça de Boquete	http://guitarflash.me/?gfcMus=F1S7O1RSJQ70
To Be The Best - Tenacious D	http://guitarflash.me/?gfcMus=6BGPMR1H0SGO
The One - We Are Harlot	http://guitarflash.me/?gfcMus=JT2JBBHS6Y5B
The Final Countdown - Europe	http://guitarflash.me/?gfcMus=I4MHDA1T1LP9
Generation Warriors - Angra	http://guitarflash.me/?gfcMus=IVYMFO6AV9TM
Viva La Vida - Coldplay	http://guitarflash.me/?gfcMus=EP2MQOBMP8HS
4 Words - Bullet For My Valentine	http://guitarflash.me/?gfcMus=RISSX1HKLISB
Peacemaker - Sonata Arctica	http://guitarflash.me/?gfcMus=I1Y72PB7AQB6
Soldiers Of The Wasteland SP Solo - LolNames	http://guitarflash.me/?gfcMus=XGPVC1WT6RA5
Haruka Kanata Op - Naruto Metal	http://guitarflash.me/?gfcMus=C5WQEQX4077V
God Hates Us - Avenged Sevenfold	http://guitarflash.me/?gfcMus=J9G8EGRV3LWX
Sail Away - The Rasmus	http://guitarflash.me/?gfcMus=XP1PCB6UMOK4
I Wanna Rock - Twisted Sister	http://guitarflash.me/?gfcMus=HIF7YCCH98Q9
Instant Crush - Daft Punk ft.Julian Casablanc	http://guitarflash.me/?gfcMus=IQPBRKWXAY1U
Help Is On The Way - Rise Against	http://guitarflash.me/?gfcMus=XCHF2Q7SLDTE
Animals - Architects	http://guitarflash.me/?gfcMus=RY5PF22QAX9W
LIAR MASK - Akame Ga Kill	http://guitarflash.me/?gfcMus=619MXPC699IF
Tentative - System Of A Down	http://guitarflash.me/?gfcMus=2XM0CVQ6IKA1
Treino Persoal Inside - DragonFlash X	http://guitarflash.me/?gfcMus=6J3YKUS2PGDM
Three Bastards - Infant Annihilator	http://guitarflash.me/?gfcMus=10RQMFUJFRX8
Suicide Note Pt. II - Pantera	http://guitarflash.me/?gfcMus=YN6CJQUTQDJ7
Bad Girls Club - Falling In Reverse	http://guitarflash.me/?gfcMus=IFMP1FBYMM20
Beethoven Virus - Christophe Deremy	http://guitarflash.me/?gfcMus=41SCSX6YU93Y
The Temple Of Hate - Angra	http://guitarflash.me/?gfcMus=FRFVR9LOT1LW
Hospital For Souls - Bring Me The Horizon	http://guitarflash.me/?gfcMus=FB3YE0PDKETB
The Vengeful One - Disturbed	http://guitarflash.me/?gfcMus=6GMFQSRRKSL2
Lo de Siempre - Hijos del Potus	http://guitarflash.me/?gfcMus=RMA3146E7CK9
Tendinitis - Jason Richardson	http://guitarflash.me/?gfcMus=C3CKG0YQ5N49
Snuff - Slipknot	http://guitarflash.me/?gfcMus=8UQDBWXPF83C
Repentless - Slayer	http://guitarflash.me/?gfcMus=63OAYJ960MLM
Metralhas Traveller v2 - Structural Vortex	http://guitarflash.me/?gfcMus=EYGY597XNQ3J
Cant Let Go - Death of The Cool	http://guitarflash.me/?gfcMus=LP7SEEACOXFL
When the Lights Are Down - Kamelot	http://guitarflash.me/?gfcMus=RM7GH1ND42WU
Solo B Soldiers of Wasteland - Dragonforce	http://guitarflash.me/?gfcMus=KA40Y2Y6E8AY
Cataclysm Challenge - Charts GF :v	http://guitarflash.me/?gfcMus=OW8N1WEW53QL
Thank You Ohlingers - Buckethead	http://guitarflash.me/?gfcMus=C6WG6YWH7K7L
Original Theme  Nintendo - Super Mario Bros (	http://guitarflash.me/?gfcMus=YU35GWKXGU2O
Still Getting It - Foreign Beggars	http://guitarflash.me/?gfcMus=SKGJLDFOCWUC
Typhoon  - Julian Calor	http://guitarflash.me/?gfcMus=1OH7FJ37E3B8
Dodongo/Volvagia Theme - Artificial Fear	http://guitarflash.me/?gfcMus=XIG4DPH9CROX
[MEGAMAN X] Cant Defeat Airman - Rockman	http://guitarflash.me/?gfcMus=8M6LP4TF76I6
Machete Mirage - Buckethead	http://guitarflash.me/?gfcMus=9L0UVYBYND7A
Storming The Burning Fields - DragonForce	http://guitarflash.me/?gfcMus=I19NU1E0PVM3
Home Sweet Hole - Bring Me The Horizon	http://guitarflash.me/?gfcMus=17GS5VL6YUH7
Evanescence - Bring Me To Life	http://guitarflash.me/?gfcMus=ALPK6OE2F5K0
Novae Ruptis V2 - Keep of Kalessin	http://guitarflash.me/?gfcMus=J7STTDGNCAI7
The Scales of Struggle OVERCHARTED - Anthony	http://guitarflash.me/?gfcMus=QESTQW0K04NT
Needles CA - John 5	http://guitarflash.me/?gfcMus=280FFES1TY8Q
Pé na porta e Soco na cara - Matanza	http://guitarflash.me/?gfcMus=3T5VDR875N7Q
Fatal Tragedy - Dream Theater	http://guitarflash.me/?gfcMus=AD56O6WN67N4
Hand Of Blood - Bullet For My Valentine	http://guitarflash.me/?gfcMus=S1N7Y8XSVQ06
Dream Of Becoming - Andy James	http://guitarflash.me/?gfcMus=56NT26KLDGA1
Holy Solos - Stratovarius	http://guitarflash.me/?gfcMus=PV4OTVKEUHRR
In my Arms - Dead by April	http://guitarflash.me/?gfcMus=3BD91F5QJF0X
In The Delight - Galneryus	http://guitarflash.me/?gfcMus=M0AIFU7RRK34
Xanandra - Mago De Oz	http://guitarflash.me/?gfcMus=EBCCR8RU6IRL
Orion - Metallica	http://guitarflash.me/?gfcMus=U05EDA9KH3EM
Knight of Sword - Unlucky Morpheus	http://guitarflash.me/?gfcMus=CHT278XQCI7X
This War is Ours - Escape The Fate	http://guitarflash.me/?gfcMus=3EMXP2C3P1SY
Seremos Heróis - The Kira Justice	http://guitarflash.me/?gfcMus=41KJKQM7IEGF
Sparks - Parkway Drive	http://guitarflash.me/?gfcMus=UDS39G0I8BG4
See You At The Party Richter - Austrian Death	http://guitarflash.me/?gfcMus=CT1VJQVKVNIW
Ring Of Fire - Dragonforce	http://guitarflash.me/?gfcMus=WUMXP8F4VVYW
Walking Through The Woods - Zomby Woof	http://guitarflash.me/?gfcMus=07MP21AHPLGP
Separate Ways (Journey Cover) - Asking Alexan	http://guitarflash.me/?gfcMus=Y0143GMVFNKI
Apology - Alesana	http://guitarflash.me/?gfcMus=PRRRIV26R5NL
( Naruto Shippuden Opening 4 ) CLOSER - Joe I	http://guitarflash.me/?gfcMus=OUMRRD14FK1L
[Devil May Cry Anime] Future In My Hands - Ai	http://guitarflash.me/?gfcMus=6OC46YVI4SHQ
She-Wolf - Megadeth	http://guitarflash.me/?gfcMus=L4PX1DMGVQU1
Tempesta Di Fuoco - Rhapsody Of Fire	http://guitarflash.me/?gfcMus=NRFT81SGAEKX
You re A Lie - Slash	http://guitarflash.me/?gfcMus=16IRR8Q318TV
Barracuda  - Heart	http://guitarflash.me/?gfcMus=4LC2MJ3235NL
Black Diamond - Stratovarius	http://guitarflash.me/?gfcMus=ASGA6GXUMQ4C
Unknown Soldier - Warmen	http://guitarflash.me/?gfcMus=7UYTGUVLT02L
La Llave de la Puerta Secreta - Rata Blanca	http://guitarflash.me/?gfcMus=JENSDPLG2VPN
The Phoenix - Galneryus	http://guitarflash.me/?gfcMus=U74XIHNANRWI
In My Darkest Hour - Megadeth	http://guitarflash.me/?gfcMus=F648OXFL0YN5
Sign - Naruto Shippuden	http://guitarflash.me/?gfcMus=OF9X22ACJTLY
Katowice Stawowa - Mariusz Goli	http://guitarflash.me/?gfcMus=4L8IU6FFTI16
This Dying Soul - Dream Theater	http://guitarflash.me/?gfcMus=OQDF61GM82WT
Blinded In Chains - Avenged Sevenfold	http://guitarflash.me/?gfcMus=4UPBPTOWLELN
My Apocalypse - Escape the fate	http://guitarflash.me/?gfcMus=RXIXUGTGYBUV
Gustavo Guerra - Symphony x - ManausGF	http://guitarflash.me/?gfcMus=C8FPSN2EF0L7
About You Now - Miranda Cosgrove	http://guitarflash.me/?gfcMus=1V7669YE6HU7
Cochise - Audioslave	http://guitarflash.me/?gfcMus=1QDKBU43P605
Aún Estás En Mis Sueños - Rata Blanca	http://guitarflash.me/?gfcMus=2VVYBGMQ5PWV
Can Can - Audition - I dont know _	http://guitarflash.me/?gfcMus=4WDW7FQBP3B2
Future Never Dies - Galneryus	http://guitarflash.me/?gfcMus=M17VVQOQOAFP
Mundo Animal - Mamonas Assassinas	http://guitarflash.me/?gfcMus=5F195PMHNU7Q
Scary Monsters And Nice Sprites  - Skrillex	http://guitarflash.me/?gfcMus=HV5G4BA0MISH
Losing My Religion - R.E.M	http://guitarflash.me/?gfcMus=NIW9BUA4UVB2
Unravel - Tokyo Ghoul	http://guitarflash.me/?gfcMus=R7OCQALEIHTF
Pegasus Fantasy - Los Caballeros del Zodiaco	http://guitarflash.me/?gfcMus=CQ88ITO72451
Cant Repeat - The Offspring	http://guitarflash.me/?gfcMus=88I2WY9DOU4B
Mechanical Toys - John Charles Fiddy	http://guitarflash.me/?gfcMus=V1M76879VJ56
Slayer Hard - Schmutz06	http://guitarflash.me/?gfcMus=PYJ8NXKO05IC
We Will Rock You - Queen	http://guitarflash.me/?gfcMus=FJSOQE48QM10
Astral Empire - Dragonforce	http://guitarflash.me/?gfcMus=U8PYU17YJ7B6
Storm of Emotions - Angra	http://guitarflash.me/?gfcMus=4RBJXAWH3DIH
Sepulcros En Ruinas  - Masacre	http://guitarflash.me/?gfcMus=FI2CG7X7J5NJ
BlackCult - Hagane	http://guitarflash.me/?gfcMus=TCBAJ9RO8NDL
X Intro Stage - Megaman X5 OST	http://guitarflash.me/?gfcMus=GIIHCEIRWN3D
Knocking on heavens door - Guns and Roses	http://guitarflash.me/?gfcMus=K99F6974QQ9F
Turbo BumbleBee - Schmutz	http://guitarflash.me/?gfcMus=ILQD41V1B6J1
Menace - Crown The Empire	http://guitarflash.me/?gfcMus=LTJSG3M0JYJR
Break - Three Days Grace	http://guitarflash.me/?gfcMus=26F5BVXWDPTH
Beethoven Villero - Damas Gratis	http://guitarflash.me/?gfcMus=K502NNDIX1SN
Solstice - Sithu Aye	http://guitarflash.me/?gfcMus=I735GVNP6PHH
The Game of Death - Buckethead	http://guitarflash.me/?gfcMus=YU1F8VVD1O3B
Canon Rock - Jerry C	http://guitarflash.me/?gfcMus=309SUP9KFE12
Dies Irae - Mago de Oz	http://guitarflash.me/?gfcMus=DJASL5U3WWMS
Quantum Catastrophe - Brain Drill	http://guitarflash.me/?gfcMus=XMPGY31QK9SO
The Ghost Of You  - My Chemical Romance	http://guitarflash.me/?gfcMus=4VFRO01H6RB3
Meu treino 2 - Vaza	http://guitarflash.me/?gfcMus=29SA16WI299X
Welcome To The Family - Avenged Sevenfold	http://guitarflash.me/?gfcMus=W8D280XXA2D5
[RWBY] Red Like Roses II - Sandy Lee Casey	http://guitarflash.me/?gfcMus=UT6WYRPA43WQ
Reasons To Live - DragonForce	http://guitarflash.me/?gfcMus=N99ATAR4EILG
Killpop - Slipknot	http://guitarflash.me/?gfcMus=MML6J6DVMM1V
Burn It to the Ground - Nickelback	http://guitarflash.me/?gfcMus=UN20KLEQ83QF
Orion - Metallica	http://guitarflash.me/?gfcMus=I8YFLHT7O66F
Take On Me Metal Cover -  Leo Moracchioli	http://guitarflash.me/?gfcMus=3N6E22EQ6FDU
Daddy Discord - DBpony	http://guitarflash.me/?gfcMus=6QUKSWHG5DWY
What I Dont Know - Avatar	http://guitarflash.me/?gfcMus=8X8JMAS59ETA
Devilish Death - DalekSam	http://guitarflash.me/?gfcMus=G5S6V59S55DH
Buried Alive - Avenged Sevenfold	http://guitarflash.me/?gfcMus=KS4H1FCLM44Y
Yo te esperare - 3msc	http://guitarflash.me/?gfcMus=JPKFB8XTR220
Friendoned - S3RL	http://guitarflash.me/?gfcMus=RH1OLA2NSERI
The Scarecrow - Avantasia	http://guitarflash.me/?gfcMus=QQOLBLRMOEN5
On the Backs of Angels - Dream Theater	http://guitarflash.me/?gfcMus=1RT9VAG635R1
The Dope Show - Marilyn Manson	http://guitarflash.me/?gfcMus=0ORH4T04MAXI
Titibo-tibo - Moira Dela Torre	http://guitarflash.me/?gfcMus=2KOUA74PMUGA
Nimet - DIDOMIDO	http://guitarflash.me/?gfcMus=9K625ORSLIT3
17th Century Chicken Pickin - Chris Impellitt	http://guitarflash.me/?gfcMus=50LR2SSEIDGQ
Wheels In Motion - Mike Orlando	http://guitarflash.me/?gfcMus=KKCAAPAF0BLK
Suite Pee - System Of A Down	http://guitarflash.me/?gfcMus=5MSVDQBV3SQ4
[Kurokami] Trance - Granrodeo	http://guitarflash.me/?gfcMus=FXEK39V5LFFG
Xanandra - Mago De Oz	http://guitarflash.me/?gfcMus=JY316NQBRSMU
The Lost Battalion - Sabaton	http://guitarflash.me/?gfcMus=HXXCJJYQ28IN
UNDIVIDED - Asking Alexandria	http://guitarflash.me/?gfcMus=TTFAGRHL4YJ0
Way Too Damn Much - Dragonforce	http://guitarflash.me/?gfcMus=8Q5J38SITF6N
Finaly Home - Guguzinho do poder	http://guitarflash.me/?gfcMus=H94I239C085W
Defaced - Dark Lunacy	http://guitarflash.me/?gfcMus=8YYQTISB8XJ3
Love Story - Taylor Swift	http://guitarflash.me/?gfcMus=1W2Q3TGB9QKQ
Resign to Surrender  - Epica	http://guitarflash.me/?gfcMus=OMYQSIPJJ35B
Chop Suey Treino Parte C Expert - Adriano Hip	http://guitarflash.me/?gfcMus=91DTQ3WH6TYK
Suna - Mar De Copas	http://guitarflash.me/?gfcMus=O5S7O7R20Q05
The Odyssey - Symphony X	http://guitarflash.me/?gfcMus=PHITD93NKWPB
Nirvana - Lithium	http://guitarflash.me/?gfcMus=25JN61BF245V
Vices - Memphis May Fire	http://guitarflash.me/?gfcMus=PTEGR7YYNIEY
The Unforgiven III - Metallica	http://guitarflash.me/?gfcMus=9R3224XW46C8
Palalopeyank - Slank	http://guitarflash.me/?gfcMus=1W6YLF2CQQ7V
Declaration - Trivium	http://guitarflash.me/?gfcMus=K8B8PL76K7WG
Una sonrisa al atardecer - akash	http://guitarflash.me/?gfcMus=5APCEBKB84R9
Dont Say Lazy - K ON	http://guitarflash.me/?gfcMus=21AGOOWT2JOR
Arpeggios From Hell - Yngwie Malmsteen	http://guitarflash.me/?gfcMus=8VLQ4GAQCJ49
Rebel Love Song - Black Veil Brides	http://guitarflash.me/?gfcMus=C0TAW3JOC0DN
Initiation - Crown The Empire	http://guitarflash.me/?gfcMus=SGWR8PSFPAGN
Emotions - Galneryus	http://guitarflash.me/?gfcMus=BH8MAL1X965C
Eye Of The Tiger - Survivor	http://guitarflash.me/?gfcMus=49CWDHT8B5NI
The Odyssey - Symphony X	http://guitarflash.me/?gfcMus=HPDTV9LL7K94
Damaged - John 5	http://guitarflash.me/?gfcMus=E0BJ2TPUQ0S4
Respawn - Schmutz06	http://guitarflash.me/?gfcMus=HK2UBEY6KD5M
Shadow of the Abattoir - Trivium	http://guitarflash.me/?gfcMus=A065E75L25TC
El Que Quiera Entender Que Entienda - Mago De	http://guitarflash.me/?gfcMus=YBF10PU0J26B
The Will To Overcome - Battlecross	http://guitarflash.me/?gfcMus=1L3GN0BRV281
In The End - Linkin Park	http://guitarflash.me/?gfcMus=LBNJ12LF9U1V
Age Of Antichrist - JackDevil	http://guitarflash.me/?gfcMus=7EOQGEKLL9L0
Blasphemian - Infant Annihilator	http://guitarflash.me/?gfcMus=NH2OEAS7RMMI
SmokeEm If Ya GotEm - Parkway Drive	http://guitarflash.me/?gfcMus=WNODNRQ95051
The Flame Of Youth - DragonForce	http://guitarflash.me/?gfcMus=OR5NU170GFLA
Fields of Despair - DragonForce	http://guitarflash.me/?gfcMus=YRJ0Y0BRU50Q
Power - Helloween	http://guitarflash.me/?gfcMus=I0C7ME2M0J9H
Santeria - Sublime	http://guitarflash.me/?gfcMus=GOKRA914548A
Solo Nemesis 10x - Adriano Hipy	http://guitarflash.me/?gfcMus=YREU5CUBQ1OL
Kisah Lalu - Second Demise	http://guitarflash.me/?gfcMus=CEFBFO6BTH4Q
Anthem For The Weak - Lost Autumn	http://guitarflash.me/?gfcMus=R7ODOJVJ4P6F
Toulouse - Nicky Romero Por SEBAS CJ LOQUENDO	http://guitarflash.me/?gfcMus=9JE3UYIRYCGW
Memories Of A Broken Heart - Crown The Empire	http://guitarflash.me/?gfcMus=WIDATDI7IB1V
RWBY Volume 1 Opening - Rooster Teeth	http://guitarflash.me/?gfcMus=Y8G94L9HSONA
Im Alright. - Jerry C	http://guitarflash.me/?gfcMus=MC9OL5QQ5SF7
Planet Of the Grapes Antepenultimo - Berried	http://guitarflash.me/?gfcMus=MJV8T1KWM2BE
Rime of the Ancient Mariner - Iron Maiden	http://guitarflash.me/?gfcMus=PFWW7HFOA7MB
Take This Life - In Flames	http://guitarflash.me/?gfcMus=FLH1G1U8AIQR
Flatlines, Thin Lines HARD  - John 5	http://guitarflash.me/?gfcMus=2NGQLTVYK3N5
SMK Hittar Munspelet - Slägsmalsklubben	http://guitarflash.me/?gfcMus=3YBRH2FIHRCQ
TTFAF Pack Solo - -Loudy-Rioty-	http://guitarflash.me/?gfcMus=UABU4KLS8P26
Smooth Criminal - Alien Ant Farm	http://guitarflash.me/?gfcMus=LLS0RDXNYHNF
Planeta das uvas 2sp Expert - Alan boa	http://guitarflash.me/?gfcMus=S5S5XYQDEBS5
Marica tu  Pluma Gay - Abel Baca Perez	http://guitarflash.me/?gfcMus=CVMSPJJJ6DKW
The S-Lot - John 5	http://guitarflash.me/?gfcMus=2AIKVC27FOBP
Wolfgangs March - Theodore Ziras	http://guitarflash.me/?gfcMus=O40A9Y3BK1AY
Primal Concrete Sledge - Pantera	http://guitarflash.me/?gfcMus=ED004AEIHN6Y
Finaly Home - Gustavo Fresco	http://guitarflash.me/?gfcMus=3U5WA1IBQVJQ
Rap God Word Record BPM - Eminem	http://guitarflash.me/?gfcMus=8Y27AK5H4BIT
Domination - Pantera	http://guitarflash.me/?gfcMus=6OB7WORWWGHP
FullMoon - Sonata Arctica	http://guitarflash.me/?gfcMus=Q5DR4AENNF2P
Rats - Ghost	http://guitarflash.me/?gfcMus=WK8QHEEIK3PS
A Sitting Ovation - Mike Orlando	http://guitarflash.me/?gfcMus=1CJVM23K2RB6
Six (Metralla Intro/Final) - All That Remains	http://guitarflash.me/?gfcMus=24LMTEGC4HGK
Bite of the Mosquito - John Petrucci and Jord	http://guitarflash.me/?gfcMus=UU5VHX03V9W3
Guile Theme - Nando Moura	http://guitarflash.me/?gfcMus=LASWA0J9Y6OC
12 - No Artist Set	http://guitarflash.me/?gfcMus=B60QJ13RV0IP
Mad Butcher - Destruction	http://guitarflash.me/?gfcMus=OF5PIGOC2TXU
Domination - Bullet For My Valentine	http://guitarflash.me/?gfcMus=8JHL6IG7164O
Something In Your Mouth - Nickelback	http://guitarflash.me/?gfcMus=GW8QHDHAAX4L
Maroon 5 - Maps (Metal Cover)  - Andrew Baena	http://guitarflash.me/?gfcMus=87K2GJPFBGR0
New Legend - Galneryus	http://guitarflash.me/?gfcMus=X149BQWFIEKY
Save The Population - Red Hot Chili Peppers	http://guitarflash.me/?gfcMus=MT6VAGWVO8X3
You Kill Me (In A Good Way) - Sleeping With S	http://guitarflash.me/?gfcMus=8LCUTBVHBRTX
D minor - Sonatine	http://guitarflash.me/?gfcMus=6CCDTMTUICTW
Gintama Opening 13 - Spyair	http://guitarflash.me/?gfcMus=CSYAGH3Q26U6
Frankenstein - The Edgar Winter Group	http://guitarflash.me/?gfcMus=9ASWBXRJ4QVN
Tribute To The Past - Gamma Ray	http://guitarflash.me/?gfcMus=D0LSQ4LSY8EE
Mercyful Fate - Metallica	http://guitarflash.me/?gfcMus=IWQLOEFBIF7R
Ievan Transa - Hatsune Bioca	http://guitarflash.me/?gfcMus=SJK3EQ3BMJIR
Shepherd Of Fire - Avenged Sevenfold	http://guitarflash.me/?gfcMus=BIVA694O7W7E
Naruto Shippuden Opening 6 - FLOW	http://guitarflash.me/?gfcMus=16HTMPBD7OHU
Opening Theme - Dragon Ball Z	http://guitarflash.me/?gfcMus=I8T6K3H0YCIM
Funeral Derangements - Ice Nine Kills (gibbyC	http://guitarflash.me/?gfcMus=1SYAHEB17R3I
Avenged Sevenfold Solos - Avenged Sevenfold	http://guitarflash.me/?gfcMus=88FLFVW7SI5K
Numb - Linkin Park	http://guitarflash.me/?gfcMus=J52MPW6CRIHE
Tiada Lagi - Last Child	http://guitarflash.me/?gfcMus=GDFEU81DTR9E
Bad Company DDC Otavio Nemitz - Five Finger D	http://guitarflash.me/?gfcMus=Y725MYNV2WE5
The Finish Line - Michael Angelo Batio	http://guitarflash.me/?gfcMus=Y9HYPTQR0760
Blessing of the Future ( solo) - Jupiter	http://guitarflash.me/?gfcMus=MLNVUYRBGLOA
Sorairo Days - Shoko Nakagawa	http://guitarflash.me/?gfcMus=J2TV7TEPDH0D
Mortal Kombat Theme - Israel Rodrigues	http://guitarflash.me/?gfcMus=TPB3MBOQMS2E
Pegasus Fantasy - Anime Hero GF	http://guitarflash.me/?gfcMus=CVHFXECWOVX5
Puppets 3 - Motionless in White	http://guitarflash.me/?gfcMus=W4V11M9DOTAT
Tapped Out - Mike Orlando	http://guitarflash.me/?gfcMus=RQJ9JGK07W1D
Storming the Burning Fields - DragonForce	http://guitarflash.me/?gfcMus=EC5DG027MPHF
Repentless - Slayer	http://guitarflash.me/?gfcMus=X75R626W482J
Take No Prisoners  - Megadeth	http://guitarflash.me/?gfcMus=HSQRN2T2IQDX
The Weak Willed - All That Remains	http://guitarflash.me/?gfcMus=HRROVCYMQ3DX
I Write Sins Not Tragedies - Panic! At The Di	http://guitarflash.me/?gfcMus=VWDTNMDN3SOE
Anixto - Ride or Die [NCS Release] - Anixto	http://guitarflash.me/?gfcMus=SG4LE6MBNCF7
Was It Worth It? - Children Of Bodom	http://guitarflash.me/?gfcMus=C0O6YNDCT4EI
Pegasus Fantasy - Saint Seiya	http://guitarflash.me/?gfcMus=2MGTW47F0CBS
Baby Got Back (I like big butts) - Sir Mix-a-	http://guitarflash.me/?gfcMus=WR86XNNODUVP
Sunset di Tanah Anarki - S.I.D	http://guitarflash.me/?gfcMus=RS64URNOA8FD
Cancion Del Mariachi - Los Lobos con Antonio	http://guitarflash.me/?gfcMus=1JGQHG4TDG6N
Muriendo - Aggelos	http://guitarflash.me/?gfcMus=RAB2XTSC03VS
Cant Stand Losing You - The Police	http://guitarflash.me/?gfcMus=F9I1AYRAPGFB
The Game (SOLO) - DragonForce	http://guitarflash.me/?gfcMus=KA4Y2TO1T0Y0
[Naruto Shippuden] Blood Circulator - Asian K	http://guitarflash.me/?gfcMus=XAVHYP9PPFFE
Higher Ground - Red Hot Chilli Peppers	http://guitarflash.me/?gfcMus=A5CUPW9VJV51
Left Outside Alone - Blind Channel	http://guitarflash.me/?gfcMus=MGDUFMKLMXWS
Soulless 6 - ExileLord	http://guitarflash.me/?gfcMus=S0NGEJF5HXCG
Dans Patterns and Stuff and Things - Audio By	http://guitarflash.me/?gfcMus=TV5KBWNBHEKS
Behind The Nut Love - John 5	http://guitarflash.me/?gfcMus=QDVKJI473WBV
Naruto Shippuden Ending 16 - Aqua Timez	http://guitarflash.me/?gfcMus=G99IQXT2HM4E
PEGASUS FANTASY OMEGA VERSION - MAKE UP	http://guitarflash.me/?gfcMus=9CHF1SYIGSM2
Bones Exposed - Of Mice & Men	http://guitarflash.me/?gfcMus=3JYLOH2ULX8T
Uber Song 2  - Invader037	http://guitarflash.me/?gfcMus=TXOT1DI34LNE
Returns - Batmetal	http://guitarflash.me/?gfcMus=WBVAHM2IOGG4
Duel With The Devil - Puppetz	http://guitarflash.me/?gfcMus=O8AJ3MRD0UEQ
Baile de Favela PARÓDIA METAL - O Metaleiro	http://guitarflash.me/?gfcMus=JQFYAK5LA3EK
Proxy - Martin Garrix	http://guitarflash.me/?gfcMus=TRV9NSEYV4S1
Final Attack - Dazzle Vision	http://guitarflash.me/?gfcMus=I67H91UCN749
Metal Paçoca - O Metaleiro	http://guitarflash.me/?gfcMus=H3YMHEH3AONK
The Legacy  - Black Veil Brides	http://guitarflash.me/?gfcMus=AI4WE77GRLTA
The Tides - Darkest Hour	http://guitarflash.me/?gfcMus=NJJ2SOSJRP13
Guitar Flash 2 Solo - Adriano Hipy	http://guitarflash.me/?gfcMus=KL0UU22OIRYX
Paradise - Stratovarius	http://guitarflash.me/?gfcMus=NIYXOFEF4MMG
Thrasher - Evile	http://guitarflash.me/?gfcMus=LIHNJN89PL80
Cyclotron - 7 for 4	http://guitarflash.me/?gfcMus=0Y2AQ28T96VT
Green Day - Jesus Of Suburbia (Short Version)	http://guitarflash.me/?gfcMus=07TIE0K4H8R9
Alison Hell - Annihilator	http://guitarflash.me/?gfcMus=KVGKEF0PVEWS
Beethoven Virus - Nightcore	http://guitarflash.me/?gfcMus=JC2366EIJANA
lucharemos por la gloria - Adrin Barba	http://guitarflash.me/?gfcMus=1IIQ12JV12TB
Bad To The Bone - George Thorogood	http://guitarflash.me/?gfcMus=55RCWBX42VLG
!Lonely Go! - Brian the Sun	http://guitarflash.me/?gfcMus=M23D1LB90U4A
Mouiikai - THE ORAL CIGARETTES	http://guitarflash.me/?gfcMus=VHVKHOC3J0G1
Billie Jean - Michael Jackson	http://guitarflash.me/?gfcMus=7GB9PG1EPGBQ
Ayo Technology -  50 cent feat Justin Timberl	http://guitarflash.me/?gfcMus=CKBC9CNLWCYV
Carnivore - Starset	http://guitarflash.me/?gfcMus=7T6SR3L8DRCR
trakinagemJunin - represa	http://guitarflash.me/?gfcMus=MU41SVNO8KX2
Strike of the Ninja - DragonForce	http://guitarflash.me/?gfcMus=2BFYC8J6DENB
Qwerty - Mushroomhead	http://guitarflash.me/?gfcMus=WE8IXMVI6NVJ
Akad - Payung Teduh	http://guitarflash.me/?gfcMus=QN3TDCOAF6LR
Guardians Of Asgaard - Amon Amarth	http://guitarflash.me/?gfcMus=P4V2MLRFN8YT
Bleed - Meshuggah	http://guitarflash.me/?gfcMus=M9T3WL57SO0N
Snuff - Slipknot	http://guitarflash.me/?gfcMus=SCMGHTS7O80V
Gaikoz Castle Boss - Grand Chase	http://guitarflash.me/?gfcMus=RM6OBQON4NKH
Mukuro Attack!! - Hatsune Miku	http://guitarflash.me/?gfcMus=YPS44C2320X8
Ge4ce - Schmutz06	http://guitarflash.me/?gfcMus=OXX33UFD4851
Chemical Warfare - Slayer	http://guitarflash.me/?gfcMus=DBLW6PACKRQH
We Are The Champions - Queen	http://guitarflash.me/?gfcMus=W1H38T1WDM60
Can You Feel My Heart #2 - Bring Me The Horiz	http://guitarflash.me/?gfcMus=2BFYAHTBYM0B
Dragonforce- Holy War	http://guitarflash.me/?gfcMus=4S2Q5HWN3W7A
Throne - Bring Me The Horizon	http://guitarflash.me/?gfcMus=NRHGS4BHCO8B
Solos (Vol.4) - Varias Bandas	http://guitarflash.me/?gfcMus=HFW1K6S71ACA
No te quiero olvidar - 3MSC	http://guitarflash.me/?gfcMus=1NRRGDQLTPLS
Satania  - Mago De Oz	http://guitarflash.me/?gfcMus=VPLDILU5USTO
Untethered Angel - Dream Theater	http://guitarflash.me/?gfcMus=TEX313A35I4M
Boku wa Tomodachi ga Sukunai NEXT Ending	http://guitarflash.me/?gfcMus=NUXXSPRIAVBV
Brasileirinho - Pepeu Gomes	http://guitarflash.me/?gfcMus=ISI09BUJCCEE
Born To Lead Solo  - Falling In Reverse	http://guitarflash.me/?gfcMus=IE2GRD05DSBP
San Sebastian - Sonata Arctica	http://guitarflash.me/?gfcMus=7SA9SQEGVQ07
Pump it up - Antonio Vivaldi	http://guitarflash.me/?gfcMus=5F188GCC2NVQ
Psycho - System Of A Down	http://guitarflash.me/?gfcMus=43CELWAL43TX
Noche Acosador - John 5	http://guitarflash.me/?gfcMus=OSWM20Q5OTBG
[Berserk] Gats - Susumu Hirasawa	http://guitarflash.me/?gfcMus=6UXSLTCOTUJL
Just Another Girl - The Killers	http://guitarflash.me/?gfcMus=68V2W2KQQ2E0
In the End - Linkin Park	http://guitarflash.me/?gfcMus=56MYLLBFXSA0
Policia - Sepultura	http://guitarflash.me/?gfcMus=Q2XDFY944HMS
Sequoia Throne - Protest The Hero	http://guitarflash.me/?gfcMus=N8QXMJ5RC6C6
Fury Of The Storm Overcharted Solo - Dragonfo	http://guitarflash.me/?gfcMus=WJIIFQT3E3C1
Dan Stage Theme - Super Puzzle Fighter II Tur	http://guitarflash.me/?gfcMus=33NKJIB5KNG9
Raised By Wolves - Falling In Reverse	http://guitarflash.me/?gfcMus=MYF4MAVQU927
Nomadic - Slipknot	http://guitarflash.me/?gfcMus=BGGG3E1S9MGJ
Black Or White - Michael Jackson	http://guitarflash.me/?gfcMus=1V6AU84XJD76
The Duel - Rusty Cooley	http://guitarflash.me/?gfcMus=G3CJQRW2K7X9
For the Love of God - steve vai	http://guitarflash.me/?gfcMus=AQW2D8D7LRDQ
AO HARU RIDE OPENING - CHiCO	http://guitarflash.me/?gfcMus=DCLMU6JUDC37
Hazy Hamlet - Symphony Of Steel (New Song 201	http://guitarflash.me/?gfcMus=PQ2IKY7L0WXT
Holy Thunderforce - Rhapsody Of Fire	http://guitarflash.me/?gfcMus=T1B72VDA8CDH
Boys & Girls - Rasengan	http://guitarflash.me/?gfcMus=1G2WUFQ5N0EG
P S A E T B T  - Madagascar	http://guitarflash.me/?gfcMus=LYID34RVXG2B
El poema de la lluvia triste - Mago de Oz	http://guitarflash.me/?gfcMus=MT9HVB6R5B9H
Crimson Skies - Black Veil Brides	http://guitarflash.me/?gfcMus=A4AC4W8M5JMY
Radio Video - System Of a Down	http://guitarflash.me/?gfcMus=D0HF2Q42VIFM
Truth Hurts - Bullet For My Valentine	http://guitarflash.me/?gfcMus=V8I81VOJ0E0A
Sindrome Necromorbido Audiovisualmente Adquir	http://guitarflash.me/?gfcMus=1SSEHHWU29F0
Slip To The Void - Alter Bridge	http://guitarflash.me/?gfcMus=U9H2DA2L6UOY
Stressed Out - Twenty One Pilots	http://guitarflash.me/?gfcMus=J561FAN3U8G6
Youre Not Alone - Dragonforce	http://guitarflash.me/?gfcMus=5W1VCUVNGGDE
That Fire - Black Tide	http://guitarflash.me/?gfcMus=5HITGLEY1CYY
Father Time - Stratovarius	http://guitarflash.me/?gfcMus=PTCQGELITJQL
Mary lou - Sonata Arctica	http://guitarflash.me/?gfcMus=JFGOSYA7HMEU
Arcadia - Jupiter	http://guitarflash.me/?gfcMus=G4XJ537MUF0W
The Devil Made Me Do It - Steve Ouimette	http://guitarflash.me/?gfcMus=V3ATK2JSLG7J
Siege Engine - Buckethead	http://guitarflash.me/?gfcMus=G3GVIW4O2OL1
Episode 29 - Mushroomhead	http://guitarflash.me/?gfcMus=3GGED38ESRHV
Forever Marked - Currents	http://guitarflash.me/?gfcMus=INHM3XQL3E9T
Guitar Solo II - Syu	http://guitarflash.me/?gfcMus=MME846XDN32P
On My Own - Ashes Remain	http://guitarflash.me/?gfcMus=SL7QPTP0WOW5
Life Of The Party - The Weeknd	http://guitarflash.me/?gfcMus=YXH2E884LLHJ
Timur Tragedi - Power Metal	http://guitarflash.me/?gfcMus=XMTRTYX7GI4G
What The Hell - Avril Lavinge	http://guitarflash.me/?gfcMus=QI0N4GBGKLRT
I Miss the Misery - Harlestorm	http://guitarflash.me/?gfcMus=2BOITHRJ6FA8
In Control - Vinnie Moore	http://guitarflash.me/?gfcMus=O4YEU5J0I4YX
[Naruto] Sadness and Sorrow - MUSASHI PROJECT	http://guitarflash.me/?gfcMus=JTY3T94NAL5J
Anesthesia(Pulling Teeth) - Metallica	http://guitarflash.me/?gfcMus=41N64T58KP4T
Hyper Music - Muse	http://guitarflash.me/?gfcMus=3WTBU4TKH7WH
BUMBUM TAMTAM - MC FIOTI	http://guitarflash.me/?gfcMus=RT1TUDBHKERL
La Bamba - Los Lobos	http://guitarflash.me/?gfcMus=5ST93APM4WW1
Spiders - System Of A Down	http://guitarflash.me/?gfcMus=X77FKMA8DYDW
Knives And Pens - Black Veil Brides	http://guitarflash.me/?gfcMus=444O1NVD45JE
Solo Suite - L O I S	http://guitarflash.me/?gfcMus=8LDSYTB85C5Y
King Of Fighters Kyo Theme Guitar.mp3 - No Ar	http://guitarflash.me/?gfcMus=ASLL1CUBJ1F5
Black Fire - DragonForce	http://guitarflash.me/?gfcMus=QWN7XMVJ3W6O
Theme B - Lawliet	http://guitarflash.me/?gfcMus=JIX1940DVHHF
Born To Lead SOLO - Falling In Reverse	http://guitarflash.me/?gfcMus=FQQ9SUS3HIVU
Tokyo Teddy Bear - UtsuP Ft. Kagamine Rin	http://guitarflash.me/?gfcMus=R3GXBGGN4J1O
Dont Stop Me Now - Queen	http://guitarflash.me/?gfcMus=ODEIB9O62982
Other Self Kuroko No Basuke	http://guitarflash.me/?gfcMus=QESVLDKT7KBT
Fin de Semana - Zoé	http://guitarflash.me/?gfcMus=O9DW8ET2FXQT
Filha da Puta - Ultraje a Rigor	http://guitarflash.me/?gfcMus=W8ALRWKRFODE
It Never Ends - Bring Me The Horizon	http://guitarflash.me/?gfcMus=VJSL5R90T5YO
Welcome to the Black Parade - My Chemical Rom	http://guitarflash.me/?gfcMus=PGTBKM7ST4BW
Nasty - Polyphia	http://guitarflash.me/?gfcMus=3FD401245C6R
Dancing Like Flames - Lorna Shore	http://guitarflash.me/?gfcMus=DJFXGSBJ11XX
Concerto - Cacophony	http://guitarflash.me/?gfcMus=5NMO42U35N4B
The Big Black (Nightcore) Chorus - TQBF	http://guitarflash.me/?gfcMus=Y7XV3D2VKWQ1
No Scared - One Ok Rock	http://guitarflash.me/?gfcMus=KM1NUSLOQMYB
First Of The Year  - Skrillex	http://guitarflash.me/?gfcMus=B9O0XDIA0MKT
Were Not Gonna Take It - Twisted Sister	http://guitarflash.me/?gfcMus=Y5B2OB9C2UO0
Bleed it out - Linkin Park	http://guitarflash.me/?gfcMus=8S20N1XLA41K
Highway To Oblivion - DragonForce	http://guitarflash.me/?gfcMus=STTXUFVAFV53
How Do You Like Me Now - Chomp Chomp Attack!	http://guitarflash.me/?gfcMus=KVGM8VLY3UKR
EUTENIA - Cego (Clipe Oficial) - EUTENIA	http://guitarflash.me/?gfcMus=ERMQXPFLS4KG
Power Rangers Theme - Buckethead	http://guitarflash.me/?gfcMus=E3YTDEFIGT68
Silver & Gold - Primal Fear	http://guitarflash.me/?gfcMus=CS3P33UMQ36X
Poison In Your Veins - Alter Bridge	http://guitarflash.me/?gfcMus=P882OA53I930
Heroes of War - Chavez Nieves	http://guitarflash.me/?gfcMus=1V9UKT2PF87K
Boba Niña Nice - Belinda	http://guitarflash.me/?gfcMus=BAE8Y13P7LXL
Tribute to Randy Rhoads - Michael Angelo Bati	http://guitarflash.me/?gfcMus=26CPOA51ORIP
Sweating Bullets - Megadeth	http://guitarflash.me/?gfcMus=YOYBAAT1LDW1
The Obsessive Devotion - Epica	http://guitarflash.me/?gfcMus=FQGTXR1ENLWX
Riddle - Konami Sound Team	http://guitarflash.me/?gfcMus=UFGNWKHM5KII
Monster - DotEXE Meg and Dia	http://guitarflash.me/?gfcMus=CX3C460VXM05
Looking Up - Paramore	http://guitarflash.me/?gfcMus=CX5X6GSPS4NV
Black Is The Soul - Korn	http://guitarflash.me/?gfcMus=UXPQANNOCXNF
Speed Fucks - Charlie Parra	http://guitarflash.me/?gfcMus=3T44A9YCI1JD
ghost - nose	http://guitarflash.me/?gfcMus=C0RRLIL9A6PW
Endless Sorrow - HEY-SMITH	http://guitarflash.me/?gfcMus=GTPMXPI89FDM
Another Brick in the Wall - Pink Floyd	http://guitarflash.me/?gfcMus=IGMHJC4RLN2P
Welcome To Violence - John 5	http://guitarflash.me/?gfcMus=PNK2HM1PMX79
M A R E N O L - LeaF	http://guitarflash.me/?gfcMus=WG4PQXRIATWT
Faith - Ghost	http://guitarflash.me/?gfcMus=1SUYMIEJAIRQ
Pacing Energy - VVVVVV	http://guitarflash.me/?gfcMus=VWGCVFK7QTO5
Neopangea - Alejandro Silva	http://guitarflash.me/?gfcMus=D8D7H44YD6XG
Cinta Tak Bersyarat - Element	http://guitarflash.me/?gfcMus=HXUJY80O7SUM
Maddy Candy [K ON] - Death Devil	http://guitarflash.me/?gfcMus=J6YWUJBTAX6C
Evil - Interpol	http://guitarflash.me/?gfcMus=VJMJ2TOXHPNI
Anguish And Fear - Yngwie Malmsteen	http://guitarflash.me/?gfcMus=P31IQ1AJK0A9
Ayah - GodelGF	http://guitarflash.me/?gfcMus=JPL6GIWJSGDD
You Waste Your Time  - Tremonti	http://guitarflash.me/?gfcMus=4KBAK1T7HI08
Valhalla - Blind Guardian	http://guitarflash.me/?gfcMus=IE1PJCCKXMBC
Pleasant Surprise - Takayoshi Ohmura	http://guitarflash.me/?gfcMus=P76IGIWIV839
Policia  - Sepultura	http://guitarflash.me/?gfcMus=TIEBMD9QHIVV
Super Survivor - Dragon Ball Z	http://guitarflash.me/?gfcMus=NIUP323K8UBC
Oooooh Xanaina - MC Lan	http://guitarflash.me/?gfcMus=V008LEIYSQRH
Po Pi Po - Hatsune Miku	http://guitarflash.me/?gfcMus=V2KEJ5ICMBT4
A Love Like War (Feat. Vic Fuentes) - All Tim	http://guitarflash.me/?gfcMus=5UKCX7EBO7Y6
Blurry - Puddle Of Mudd	http://guitarflash.me/?gfcMus=KINLHTXKGC7I
The Middle - Jimmy Eat World	http://guitarflash.me/?gfcMus=OSS8FEY90W0O
Otro dia para ser con letra  -  hermetica	http://guitarflash.me/?gfcMus=14WTRYIUJ23V
Cry For Eternity SOLO - Dragon Force	http://guitarflash.me/?gfcMus=OUMWX5WU2AC8
This Grace - Deventter	http://guitarflash.me/?gfcMus=STJJWLER76I5
8th Commandment - Sonata Arctica	http://guitarflash.me/?gfcMus=UXDK9CVAHLD4
Infected Voice - Sepultura	http://guitarflash.me/?gfcMus=ESO6WY2JFNKJ
Spanish Fly - Van Halen	http://guitarflash.me/?gfcMus=AU6P5LAF74TR
X - X JAPAN	http://guitarflash.me/?gfcMus=IYK9AW3QYK8C
Complicated - Avril Lavinge	http://guitarflash.me/?gfcMus=0Q3UWL6XP28L
Black Fire  - DragonForce	http://guitarflash.me/?gfcMus=SHRC2IKGDQH8
Bitter Revenge, Sweet Tragedy - Asking Alexan	http://guitarflash.me/?gfcMus=YSDXV2PPIOOK
Paranoid Android - Radiohead	http://guitarflash.me/?gfcMus=AJ87U23LUTTE
Over It - Bullet For My Valentine	http://guitarflash.me/?gfcMus=0T2NM6DPNUEM
Ilusi - D Flower	http://guitarflash.me/?gfcMus=IO9NOYB24TAM
Set To Fail - Lamb Of God	http://guitarflash.me/?gfcMus=V8KR8OV3NF01
Boulevard Of Broken Dreams  - Green Day	http://guitarflash.me/?gfcMus=V1U0EGR19DSO
Jaws of Life - John Petrucci	http://guitarflash.me/?gfcMus=927GFC9S1QN4
Sawasdee - encX	http://guitarflash.me/?gfcMus=WVE15PJU4ROP
Necronomicon Epilogue - John Petrucci	http://guitarflash.me/?gfcMus=TJ89JFNO53KQ
Shedding Skin - Pantera	http://guitarflash.me/?gfcMus=48I4M7B29BBB
For Whom The Bell Tolls - Metallica	http://guitarflash.me/?gfcMus=UXECBU55481H
Stronger Cover Guitar - Kanye West	http://guitarflash.me/?gfcMus=WPH40084DS6K
I Am Not A Vampire - Falling In Reverse	http://guitarflash.me/?gfcMus=MMDF2NOI1GEC
Back To Shalla-Bal - Joe Satriani	http://guitarflash.me/?gfcMus=AOBC7O6946BD
Seven Nation Army - The White Stripes	http://guitarflash.me/?gfcMus=WJLW2CLY30NS
Stone And Silver I - The Mountains Of Man - S	http://guitarflash.me/?gfcMus=THPRWH2R5H5H
The Opened Ways  Metal version - Shadow of th	http://guitarflash.me/?gfcMus=23SR8MCVU7FE
Boku no Hero Academia Opening - -	http://guitarflash.me/?gfcMus=K2HV9HT7P3EP
Hello Hello Hello - Projeto Remake	http://guitarflash.me/?gfcMus=45WKJN9YXNWK
El Chancro Voraz  - Vete a la Versh	http://guitarflash.me/?gfcMus=IXHSTUQL478K
Levels - Avicii	http://guitarflash.me/?gfcMus=KL6RS8R19IXG
Heroes Of Our Time - DragonForce	http://guitarflash.me/?gfcMus=TEW5SS5IW64L
F Dragon Ball - Maximum The Hormone	http://guitarflash.me/?gfcMus=XNHDEBPH00IU
The Diary of Jane - Breaking Beijamin	http://guitarflash.me/?gfcMus=E5GEOA6YUBXG
Goodbye My Love - LoveHateHero	http://guitarflash.me/?gfcMus=NADMYLRGMBQJ
Train of Consequences - Megadeth	http://guitarflash.me/?gfcMus=R2IRVSGPY0OP
Nightmare (Overchart) - Avenged Sevenfold	http://guitarflash.me/?gfcMus=EXMYEP8QSQQP
Hell - Super Meat Boy	http://guitarflash.me/?gfcMus=C420IX064SIO
Sugar SP Final - Uchiha GF	http://guitarflash.me/?gfcMus=25GDP7E9YW5R
Hurt - Johnny Cash	http://guitarflash.me/?gfcMus=UWLHQ31OUX0A
Needles - System Of A Down	http://guitarflash.me/?gfcMus=P77BJ16DIUQL
Tokkei Winspector - Takayuki Miyauchi	http://guitarflash.me/?gfcMus=W383C1V76986
Tumbalatum - MC Kevinho	http://guitarflash.me/?gfcMus=7647VUWC5D1H
Theres No Sympathy For The Dead - Escape The	http://guitarflash.me/?gfcMus=Q9REP2ACKQT9
Show dos Metaleiros - O Metaleiro	http://guitarflash.me/?gfcMus=PYTODHXM1I59
Pokemon Abertura 1 - Projeto Remake	http://guitarflash.me/?gfcMus=JPTXU9V2YUCW
Soul Of A Robot - John 5	http://guitarflash.me/?gfcMus=06UMMJ5QHPRV
Solo SOTK Parte 3 - Adriano Hipy	http://guitarflash.me/?gfcMus=00XSPDFLR89E
Three Hammers (Sexto SP) - DragonForce	http://guitarflash.me/?gfcMus=A12RY9QPBYOW
In My Place - Coldplay	http://guitarflash.me/?gfcMus=UU6LSQDIP8KG
Phone Tapper - Callum Whyte	http://guitarflash.me/?gfcMus=Q8VXIFYYUDHN
Losing My Insanity - Dio	http://guitarflash.me/?gfcMus=YJUAMKWWOWR2
Hellrider - Judas Priest	http://guitarflash.me/?gfcMus=GRBP35KXJHMS
Bang Your Head (Metal Health) - Quiet Riot	http://guitarflash.me/?gfcMus=K1LHVC2476P4
Good Friends - Command6	http://guitarflash.me/?gfcMus=I6EIHHU4T7RF
Mayhem - Halestorm	http://guitarflash.me/?gfcMus=NH8RFGOEPA9N
To Die For - Concerto Moon	http://guitarflash.me/?gfcMus=2FQ09EH3FUFG
Through the Fire and Flames - Dragonforce	http://guitarflash.me/?gfcMus=Y3SR4DTA97XE
Gugur Bunga - Batu Nisan	http://guitarflash.me/?gfcMus=R1RLOLGJYGYX
Shuugawari no Kiseki no Shinwa - Kinniku Shou	http://guitarflash.me/?gfcMus=XQYSJFL7RRWF
Classico - Tenacious D	http://guitarflash.me/?gfcMus=BFIFPQ7PA0R8
Fullmoon - Sonata Artica	http://guitarflash.me/?gfcMus=QH7QO8MQ5U3N
Feisty Cadavers - John 5	http://guitarflash.me/?gfcMus=XAQASRHS62GL
Better Off (Alone) - Fit For Rivals	http://guitarflash.me/?gfcMus=7QR592FFU898
Hunger - Amaranthe	http://guitarflash.me/?gfcMus=5D8HV8THTTT8
10th Man Down - Nightwish	http://guitarflash.me/?gfcMus=VRC9E93TNXU7
Polyamorous - Breaking Benjanin	http://guitarflash.me/?gfcMus=N5C7U0DDS59Y
Cry! Roar!! - Mushihimesama	http://guitarflash.me/?gfcMus=JPN2UBGUTCPE
[One Punch Man] The Hero - 331Erock(JAM ProJe	http://guitarflash.me/?gfcMus=B2QFVWTF9PQX
The Washing Away of Wrong - John 5	http://guitarflash.me/?gfcMus=4G710U6W7OIM
Lick It Up - Kiss	http://guitarflash.me/?gfcMus=GM1DF1BLW7T1
Out Of My Head - Mushroomhead	http://guitarflash.me/?gfcMus=NEKG9FEHS07K
Phantom of the Opera - Iron Maiden	http://guitarflash.me/?gfcMus=W0LQ9QA6NRT3
Plateau - Nirvana	http://guitarflash.me/?gfcMus=U2UP6NPEGQSE
Highly Strung ft Steve Vai - Orianthi	http://guitarflash.me/?gfcMus=8Q853AT42T0D
The Beautiful People - Marilyn Manson	http://guitarflash.me/?gfcMus=5MTOF9KPPFEH
Stone Cold Crazy  - Queen	http://guitarflash.me/?gfcMus=1KBGG1RMNNIU
Needled 24-7 - Children Of Bodom	http://guitarflash.me/?gfcMus=E5LIMOCBD7WL
Almah-Zombies Dictator-solo - ManausGF	http://guitarflash.me/?gfcMus=7ES49JR83Q8R
Because its Midnight - Limozeen	http://guitarflash.me/?gfcMus=P83ROVSVSGF7
The Hero - Allos	http://guitarflash.me/?gfcMus=II7LNMJU9QGC
Fighting Of The Spirit Rock Metal  - SSH	http://guitarflash.me/?gfcMus=GKC7REQIK9RW
Thunderstruck - AC/DC	http://guitarflash.me/?gfcMus=JPJH5PI4YIP0
Rock Is Dead - Tenacious D	http://guitarflash.me/?gfcMus=7AJMHEC0AISD
Flight of the bumblebee - Rimsky Korsakov	http://guitarflash.me/?gfcMus=ALPOF80NGMKN
Heroes of Our Time - Drangonforce	http://guitarflash.me/?gfcMus=0M89CMFHLB7V
Dominion - Rusty Cooley	http://guitarflash.me/?gfcMus=5AVLIHMDCP22
Violent Pornography - System Of a Down	http://guitarflash.me/?gfcMus=J9CWJKUE7CL6
Fall To Pieces - Velvet Revolver	http://guitarflash.me/?gfcMus=YNDAXQACPWID
Tears Of The Sun - Operatika	http://guitarflash.me/?gfcMus=XBLXWUKBAS5T
Well Be Back - Megadeth	http://guitarflash.me/?gfcMus=9JIHHKANNARO
Soul Eater Abertura 1 - Anime Hero GF	http://guitarflash.me/?gfcMus=YFMNA911WLMO
2022 EM UMA MUSICA - Inutilismo	http://guitarflash.me/?gfcMus=JLFB9G0D2JKD
Haruka Kanata   Albertt - Asian KungFu Genera	http://guitarflash.me/?gfcMus=O6TSNPU1EG0U
Hijo de Puta - Asspera	http://guitarflash.me/?gfcMus=2HM65H2YXS4Q
Rapid Eye Movement - Theodore Ziras	http://guitarflash.me/?gfcMus=BSBBESN9PKGU
Minds Of The Mad 2 - Exilelord	http://guitarflash.me/?gfcMus=JWENISP7MOK3
7 Dias - Claudio Cordero	http://guitarflash.me/?gfcMus=PIEBI4P5VIEV
U Cant´t Touch This Metal Cover - Leo Moracch	http://guitarflash.me/?gfcMus=3GGKG4EA0P5J
Knives and Peans - Black Veil Brides	http://guitarflash.me/?gfcMus=VG69YQY3WVVK
Anastasia Solo Final - Adriano Hipy	http://guitarflash.me/?gfcMus=DXX79JJETIO0
The Third Eye - CROWSCLAW	http://guitarflash.me/?gfcMus=J1XFY72CN4NS
Uprising - Muse	http://guitarflash.me/?gfcMus=1GWTU9VXQCQB
[BANANA FISH] found & lost - Survive Said The	http://guitarflash.me/?gfcMus=NPQLRXN3Q0TS
Time Leaper - Hinkik	http://guitarflash.me/?gfcMus=8UK3AHMHPEFJ
Love Isnt Always Fair - Black Veil Brides	http://guitarflash.me/?gfcMus=U8SJKN6QF2AK
Spazzmatica Polka - Kevin MacLeod	http://guitarflash.me/?gfcMus=5L3EWR93AM11
Nero Forte - Slipknot	http://guitarflash.me/?gfcMus=9BQ3QLSH9B8M
Hayat Bu Iste - Manga	http://guitarflash.me/?gfcMus=DK6YH8GYFUB4
TURISAS - Battle Metal 2008 (OFFICIAL VIDEO).	http://guitarflash.me/?gfcMus=Q8SF7V1JSKTW
Wheels 1 SP - Adriano Hipy	http://guitarflash.me/?gfcMus=O35L4U0SGALQ
We Will Rock You - Queen	http://guitarflash.me/?gfcMus=9W03GCU9UMU1
SoldierSide - System Of A Down	http://guitarflash.me/?gfcMus=5SVYBCE7J4WE
Dragon Ball Super New Opening - Limit Break x	http://guitarflash.me/?gfcMus=6NBC3GMNI6TD
Paranoia - A Day To Remember	http://guitarflash.me/?gfcMus=HSPP90SPOP1A
This Is Only The Beginning - Forget My Silenc	http://guitarflash.me/?gfcMus=3BE77YKGC0BX
Drown - Bring Me The Horizon	http://guitarflash.me/?gfcMus=LRTBKO19EEIC
Treino Metralha Over :) - sei la	http://guitarflash.me/?gfcMus=MD1R2MVHDO50
Solos Complitation - L O I S	http://guitarflash.me/?gfcMus=LCJY8OXSY8DH
Apollo 21 - Sidney600 ( And RIP neil armstron	http://guitarflash.me/?gfcMus=TO6317TVI6QW
Zombie - The Cranberries	http://guitarflash.me/?gfcMus=N8HBWRBTINPL
Moon Light Sonata - Dr viossy	http://guitarflash.me/?gfcMus=E5AARV0NBFXA
Crystal Planet - Joe Satriani	http://guitarflash.me/?gfcMus=8409L2CXG0DM
Murder Fantasies Studio - Kreator	http://guitarflash.me/?gfcMus=ULIQU5JYLVOS
Valley of the Damned - DragonForce	http://guitarflash.me/?gfcMus=RWG6O6VQXWJI
Blinding Lights - The Weeknd	http://guitarflash.me/?gfcMus=W5RA805PM1MS
Explorers - Hinkik (Geometry Dash)	http://guitarflash.me/?gfcMus=RT1NRC5LDG4X
Shoujo S - Bleach	http://guitarflash.me/?gfcMus=HHH1GWLOOVQA
Red Hot Chili Peppers - Scar Tissue  - No Art	http://guitarflash.me/?gfcMus=5TPQ4EMA0QXL
[Your Name] Sparkle - RADWIMPS	http://guitarflash.me/?gfcMus=N0YESKGQPA5G
Solos - Galneryus	http://guitarflash.me/?gfcMus=CR6ASPSEMX5C
Dr Willy Castle theme - Megaman 2	http://guitarflash.me/?gfcMus=MQVB7167GRT1
Glhwrmchen - We Butter The Bread With Butter	http://guitarflash.me/?gfcMus=XICOTUF83L16
Synchronicity II - The Police	http://guitarflash.me/?gfcMus=25MAP5TG4FSA
River Metal Version - JKT48	http://guitarflash.me/?gfcMus=WDJT4QJMMPHI
Nobodys Hero - Black Veil Brides	http://guitarflash.me/?gfcMus=6LOTTE6VEY3M
Blues Balls - John 5	http://guitarflash.me/?gfcMus=KTPJD0VAIKIM
Touch Me Im Sick - Mudhoney	http://guitarflash.me/?gfcMus=BH3FKH07XM67
Hit Me With Your Best Shot - Pat Benatar	http://guitarflash.me/?gfcMus=AQVC2F0RRSPC
Sakit Jiwa - Netral	http://guitarflash.me/?gfcMus=HL3I85CAKAHC
Hunting High And Low - Stratovarius	http://guitarflash.me/?gfcMus=SR5GY1AKAA3N
Closure - Asking Alexandria	http://guitarflash.me/?gfcMus=JH2Q5IUVD2SH
Ievan Polkka - Hatsune Miku	http://guitarflash.me/?gfcMus=WIL98DXPGU03
Chill Kill - Red Velvet	http://guitarflash.me/?gfcMus=THFD1FA3BK7J
Beethoven Virus Metal Version - Christophe De	http://guitarflash.me/?gfcMus=JG8RB75S4ARN
Orgullo Redskin - Brigada Oi!	http://guitarflash.me/?gfcMus=78N9L3A4YF3G
Adrenalin Rush - George Bellas	http://guitarflash.me/?gfcMus=VR9R0XFI7CJF
Cry for Eternity SOLO EXPERT - Dragonforce	http://guitarflash.me/?gfcMus=B0YGL7KFMJDS
Adrenalin Rush - George Bellas	http://guitarflash.me/?gfcMus=OCH94VST52V3
Uber Song - Invader037	http://guitarflash.me/?gfcMus=60BB9IQL386S
Sou Ciumento Mesmo  - Wesley Safadao	http://guitarflash.me/?gfcMus=DYLXWVHJKWQ2
Judgement Day - Dragonforce	http://guitarflash.me/?gfcMus=H5M72Q9CS62Y
Waidmanns heil - Rammstein	http://guitarflash.me/?gfcMus=BVO7RJVD7P81
Solo cry apenas metralhas - Dragonforce	http://guitarflash.me/?gfcMus=X166MSRV5I80
El Santo Grial - Mago de Oz	http://guitarflash.me/?gfcMus=NS2RWM7MSXML
Prelude op.23 no.5 in G minor - S. Rachmanino	http://guitarflash.me/?gfcMus=2SPW469JLN49
Bones Exposed - Of Mice & Men	http://guitarflash.me/?gfcMus=M5H6MMNXPCVH
When Everydays The Weekend - Asking Alexandri	http://guitarflash.me/?gfcMus=BEKB1S16W4F9
New World (Paradise Parody) - Minecraft	http://guitarflash.me/?gfcMus=C6NRIXSEST81
Ludicrous Speed - F-777	http://guitarflash.me/?gfcMus=JVQ217NSI0UP
Genom [K ON] - Death Devil	http://guitarflash.me/?gfcMus=6V6IGJTR6DOG
Amore - Babymetal	http://guitarflash.me/?gfcMus=XSI0FEUP7JC2
[Nano] No pain, No game.mp3 - No Artist Set	http://guitarflash.me/?gfcMus=WUGUP2JWY8CQ
First Of The Year - Skrillex	http://guitarflash.me/?gfcMus=DE5TP5SDS4HT
PURPLE GUY SONG - iTownGamePlay	http://guitarflash.me/?gfcMus=UDURN14TG2SI
Corazón Espinado - Maná	http://guitarflash.me/?gfcMus=CCO3B9V18P2Y
The Call of Ktulu - Metallica	http://guitarflash.me/?gfcMus=KNQXQYRE4213
Ilussia -  Mago de Oz	http://guitarflash.me/?gfcMus=VNXQ10SQQ44A
Watch The World Burn - Falling In Reverse	http://guitarflash.me/?gfcMus=YVQV4AI3794Q
Eu Falei Pra Elas (KondZilla) - MC G15	http://guitarflash.me/?gfcMus=D94CUTJU6A09
moonlight talk - No Artist Set	http://guitarflash.me/?gfcMus=T8801TSACLK0
Onde Estiver (Bass) - Gloria	http://guitarflash.me/?gfcMus=BVQ0BVUE25V2
Get Back - The Beatle	http://guitarflash.me/?gfcMus=9PA8X6KN4OBP
Hatred and Revenge - Dragonforce	http://guitarflash.me/?gfcMus=RLIYLM1NYGUF
SICK SAD LITTLE WORLD  - INCUBUS	http://guitarflash.me/?gfcMus=LE2E15YGRD4Q
Bon Voyage - ONE PIECE	http://guitarflash.me/?gfcMus=AFQVUP4LNRQH
Burn My Heart - Galneryus	http://guitarflash.me/?gfcMus=8PPPASSG8O94
Tibuto a L - Death Note	http://guitarflash.me/?gfcMus=1SVVUSJ5ITRQ
Blaze Heatnix Stage Magma Area - Mega Man X6	http://guitarflash.me/?gfcMus=LSPYRJTNWWUK
Resistance - ...	http://guitarflash.me/?gfcMus=0M6MSJVGJ0JH
kore wa zombie desu ka Opening - Iori Nomizu	http://guitarflash.me/?gfcMus=P0BC1N0KS9K5
Future Never Dies - Galneryus	http://guitarflash.me/?gfcMus=SX42IBOM90W7
Die For Glory SOLO - Hellish War	http://guitarflash.me/?gfcMus=YPUSF5GJVYLL
Ride The Lightning - Metallica	http://guitarflash.me/?gfcMus=QGEXXX4J20PG
Apollo 21 - Sidney600	http://guitarflash.me/?gfcMus=DTJOWA9CWOW4
Gentle Shockwave - Victor Severo	http://guitarflash.me/?gfcMus=8VMODQECJV3A
This Is My Life - I Am I	http://guitarflash.me/?gfcMus=XFYU8U3JD59Y
Sabbath Bloody Sabbath - Bruce Dickinson	http://guitarflash.me/?gfcMus=04CA6DFJ3TOA
Yesterday Is Dead And Gone - Arch Enemy	http://guitarflash.me/?gfcMus=16QD3XJP0P4R
Megitsune - Babymetal	http://guitarflash.me/?gfcMus=PNK4B4L0SDU8
Nippon Manju - Ladybaby	http://guitarflash.me/?gfcMus=5L2MU918O0DN
METRALLAS :v - Pa k quieres saber eso jaja sa	http://guitarflash.me/?gfcMus=10QXMOBJ7WXV
Solos - Varias Bandas	http://guitarflash.me/?gfcMus=K98N0Y8EPCX2
Invincible - DEAF KEV	http://guitarflash.me/?gfcMus=7T56SKI9X3C1
Freedom - Stratovarius	http://guitarflash.me/?gfcMus=EXQFXKAR3VEG
Soulless 6  - ExileLord	http://guitarflash.me/?gfcMus=AO9HSVMX3AYC
P.O.W. - Bullet For My Valentine	http://guitarflash.me/?gfcMus=XNJ2P44WTY69
Hardwired - Metallica	http://guitarflash.me/?gfcMus=AQP851TF9WQ7
Not The American Average  - Asking Alexandria	http://guitarflash.me/?gfcMus=BVV56JBV6977
Beat It - Michael Jackson	http://guitarflash.me/?gfcMus=3RMRS49545GR
Shepherd Of Fire - Avenged Sevenfold	http://guitarflash.me/?gfcMus=594I20HM4TD8
wut the.. (poop) - CHON	http://guitarflash.me/?gfcMus=ED1TKUOPWB60
Introspection Of An Introvert - Marc Rizzo	http://guitarflash.me/?gfcMus=JDRFGEKJQR1Q
Overlord Opening - OxT	http://guitarflash.me/?gfcMus=6RP5OH0D8MLJ
Remix Song Windows 7 - Windows Song	http://guitarflash.me/?gfcMus=WMTOINMQ29GS
Struggle for the Freedom Flag  - Galneryus	http://guitarflash.me/?gfcMus=Q2PFY84QQ50L
Epidox - Exilelord	http://guitarflash.me/?gfcMus=8EL86UM6JFX9
Monsoon - Tokio Hotel	http://guitarflash.me/?gfcMus=Q07BHBUK4EWN
Arabella - Arctic Monkeys	http://guitarflash.me/?gfcMus=XMPF2TQLY1GO
Kalimba - No Artist Set	http://guitarflash.me/?gfcMus=1L4A4KKXBP82
999 SOLO the game - Dragonforce	http://guitarflash.me/?gfcMus=OR1B05AIK6AI
Daddy Discord - DBPony	http://guitarflash.me/?gfcMus=O29A21J6CMKS
Meus Passos - Oficina G3	http://guitarflash.me/?gfcMus=1TS45X5DUTRP
Goddamn Im Dead Again - Sum 41	http://guitarflash.me/?gfcMus=C51W6MOPPIU1
Beheading And Burning - Cannibal Corspe	http://guitarflash.me/?gfcMus=2E1M2X1WM6P1
Mr. Blue Sky - Electric Light Orchestra	http://guitarflash.me/?gfcMus=3EK9E9XNV25L
Speedball - Zakk Wylde	http://guitarflash.me/?gfcMus=MTEMO7WEUNWM
Blood C Opening - DUSTZ	http://guitarflash.me/?gfcMus=0JNGEDC5B25I
The Little Things Give You Away - Linkin Park	http://guitarflash.me/?gfcMus=5E40XBQ4QNUS
Falcon Punch - Razihel	http://guitarflash.me/?gfcMus=SL52F0BJ3Q9Q
Tiga Titik Hitam - BURGERKILL	http://guitarflash.me/?gfcMus=THG8F9TECGIK
Not The American Average - Asking Alexandria	http://guitarflash.me/?gfcMus=OTOREP61HXC9
Battle at Sea - Hellish War	http://guitarflash.me/?gfcMus=XHG8M93UD9OK
Wolfgang Amadeus Mozart Rondo Alla Turca - Ch	http://guitarflash.me/?gfcMus=96KDPCR244RA
[Yu-Gi-Oh! GX] Kaisei Joshou Hallelujah - JIN	http://guitarflash.me/?gfcMus=MFIALTRJYHV9
Runaway - Linkin Park	http://guitarflash.me/?gfcMus=AAJFO64GH6XQ
Dendam - Last Chlid	http://guitarflash.me/?gfcMus=GOJU2YWJXS8A
All These Things I Hate  - Bullet for my vale	http://guitarflash.me/?gfcMus=UFICB5KXEBTW
Batmetal - Dethklok	http://guitarflash.me/?gfcMus=4TQC7NF4T8LC
Uber Song 75% Speed - Invader 037	http://guitarflash.me/?gfcMus=1E8C2MY30IDW
Toxic Garbage Island - Gojira	http://guitarflash.me/?gfcMus=9TKKJI54B7FG
Rusty Cooley - Rusty Cooley	http://guitarflash.me/?gfcMus=M14A9WFU874B
Eruption - Van Halen	http://guitarflash.me/?gfcMus=WVDXTE9EOI12
Rebel Love Song - Black Veil Brides	http://guitarflash.me/?gfcMus=BN4LARXY6LCH
I Wanna Rock - Twisted Sister	http://guitarflash.me/?gfcMus=2U25K64J2UJO
Solo Scars Of Yesterday - Dragonforce	http://guitarflash.me/?gfcMus=7EOKG54LS4LD
Thats What You Get - Paramore	http://guitarflash.me/?gfcMus=RF8Y6ATX5T3Y
Emotions - Galneryus	http://guitarflash.me/?gfcMus=499IRV2CM8CQ
Prisoner in me - Imperanon	http://guitarflash.me/?gfcMus=2OC3KWMPAY02
Kehilangan - Firman	http://guitarflash.me/?gfcMus=DR0DUJ43V76U
Buried Alive - Avenged Sevenfold	http://guitarflash.me/?gfcMus=AI5UNIC10XTB
Virus - Beethoven (Banya)	http://guitarflash.me/?gfcMus=6XVLE79B6FEL
The Aftermath - Escape The Fate	http://guitarflash.me/?gfcMus=B4J685CBHIRH
Sabor Electrico - Ecos	http://guitarflash.me/?gfcMus=PWS8GY1ISQT6
Rising Hope - LiSA	http://guitarflash.me/?gfcMus=444N4FL8IW7E
Distance - Rasengan	http://guitarflash.me/?gfcMus=YN81UJ89KC7K
Like A Stone - Audioslave	http://guitarflash.me/?gfcMus=CKC2IEB6DJY9
Kill the King - Megadeth	http://guitarflash.me/?gfcMus=IJYO6UDHVFT6
Solo Inside the Winter Storm - Dragonforce	http://guitarflash.me/?gfcMus=1W4EJ69HW9J5
Demon(s) - Darkest Hour	http://guitarflash.me/?gfcMus=TYQ83ETW6XBI
Trill For Eternity (Ruthless Edition) - Drago	http://guitarflash.me/?gfcMus=JRAQ4MEOQPFR
Not Listening - Papa Roach	http://guitarflash.me/?gfcMus=TDC3J0BOFIDY
Zetsubou Billy - Rasengan	http://guitarflash.me/?gfcMus=JY1A1DRLQEBH
The Trend - Annihilator	http://guitarflash.me/?gfcMus=SE7GFBCKQL2V
In The Heat Of The Night - To/Die/For	http://guitarflash.me/?gfcMus=EPWAYJ408QU1
Cigaro - System Of A Down	http://guitarflash.me/?gfcMus=ABK5W7S1XCX4
Jim Yosef - Link [NCS Release]	http://guitarflash.me/?gfcMus=91I5MYTY23AC
Valley Of The Damned Solos - Dragonforce	http://guitarflash.me/?gfcMus=B54ABEQE6M64
For Whom The Bell Tolls - Metallica	http://guitarflash.me/?gfcMus=R7RT5L8OY357
Pinkie Pie Loves Sugar - Foozogz	http://guitarflash.me/?gfcMus=MI2F3Q1PK7Y7
Dragging Dead Bodies In Blue Bags Up Really L	http://guitarflash.me/?gfcMus=TKWPFTAEBNM5
Burn - Dope	http://guitarflash.me/?gfcMus=36X0G6636F8N
End Of Days - Bullet For My Valentine	http://guitarflash.me/?gfcMus=GCU3QP59EIU4
Sik Sik Sibatumanikam - Jamrud	http://guitarflash.me/?gfcMus=A76D8EQHS4HX
They Say - Scars On Broadway	http://guitarflash.me/?gfcMus=6ICPMXXHW8NT
Careful How You Use It - Tauan Herbert	http://guitarflash.me/?gfcMus=FDQESKLVI6V2
Marcianito 100% real no fake - Ovnis	http://guitarflash.me/?gfcMus=OF23YD6B0IAG
Say Youll Haunt Me - Stone Sour	http://guitarflash.me/?gfcMus=QO4LGUX42S95
The Body Of Death Of The Man With The Body Of	http://guitarflash.me/?gfcMus=SOFFH7L8I2D6
La Celula Que Explota - Caifanes	http://guitarflash.me/?gfcMus=3ROG7NCGDVR6
12 Clusterfucks Of Christmas - Schmutz06	http://guitarflash.me/?gfcMus=UVXP6HSEJBL9
Fury of the Storm Final Part - M.G	http://guitarflash.me/?gfcMus=T9VKL6KJV3XE
Lili Twil [test] - Myrath	http://guitarflash.me/?gfcMus=D84N1UVMK5BJ
Until Energy - LABANOON	http://guitarflash.me/?gfcMus=V1UXKY6R3X4P
Mezmer - Pinkly Smooth	http://guitarflash.me/?gfcMus=7D2RYBL6V9UC
Silence Speaks (Feat. Oliver Sykes) - While S	http://guitarflash.me/?gfcMus=1BW458K55WK5
40-1 - Sabaton	http://guitarflash.me/?gfcMus=U2VMEXT0O3RF
parte tensa II Dark Matter - no	http://guitarflash.me/?gfcMus=801BVRL53F7S
The Force Of Courage -  Galneryus- Charter: J	http://guitarflash.me/?gfcMus=0SAHFYDKNBOT
Changes - Mike Orlando	http://guitarflash.me/?gfcMus=IFTL1CP6R5OJ
Planet of the Grapes (Andres Felipe) - Berrie	http://guitarflash.me/?gfcMus=9LY2SG252QJW
TOP GEAR Theme  - Super Nintendo VN	http://guitarflash.me/?gfcMus=UROEHDJ2W2TI
Rustys Freestyle Shred - Rusty Cooley	http://guitarflash.me/?gfcMus=9TPIEW4KM5QY
Hero - Skillet	http://guitarflash.me/?gfcMus=CG3JT1LTX46U
Separation of Church and Skate - NOFX	http://guitarflash.me/?gfcMus=OAX5K7TR4J54
Angel Of Salvation - Galneryus	http://guitarflash.me/?gfcMus=1UJELOQ5UUH5
Daddy Discord - DBpony	http://guitarflash.me/?gfcMus=K0P33SQ2BTO7
War Eternal - Arch Enemy	http://guitarflash.me/?gfcMus=P0ETHQDPOMJV
Solo Tema Poderoso Chefao Godfather theme - o	http://guitarflash.me/?gfcMus=837C6TN719NG
Metalingus - Alter Bridge	http://guitarflash.me/?gfcMus=XCC6YJ5QGRJL
Hatsune Miku - Kagerou Days	http://guitarflash.me/?gfcMus=E8V2P430LN1N
Silence Speaks (feat. Oli Sykes) - While She	http://guitarflash.me/?gfcMus=I4P5UMT0O4PN
King Nothing - Metallica	http://guitarflash.me/?gfcMus=AKVVOXGGDS7G
Gematria(The Killing Name) - Slipknot	http://guitarflash.me/?gfcMus=HXW8A1D51QI0
Beyond The Wall - Gauntlet	http://guitarflash.me/?gfcMus=UFHGWB1MDFIV
Hammer High - Hammerfall	http://guitarflash.me/?gfcMus=O42UB8V5EHXO
The Way You Make Me Feel  - Michael Jackson	http://guitarflash.me/?gfcMus=KKESL98U249B
War - Linkin Park	http://guitarflash.me/?gfcMus=11H6ODV0EWBN
Breed - Nirvana	http://guitarflash.me/?gfcMus=4WENFGFV6ABF
Wastelands - Linkin Park	http://guitarflash.me/?gfcMus=8M6SQDAF0CIS
Halloween - Helloween	http://guitarflash.me/?gfcMus=WA3D2EDR9PQW
Silence Followed By A Deafening Roar - Paul G	http://guitarflash.me/?gfcMus=XK1W87UQ883A
Guitar Flash 2 Solo Final - Adriano Hipy	http://guitarflash.me/?gfcMus=1CJ2P29G9OYS
The Memory Remains - Metallica	http://guitarflash.me/?gfcMus=T6BT30IIFV7O
Bangarang - Skrillex ( Guitar Cover )	http://guitarflash.me/?gfcMus=OCO2FU2GWO6M
Giant Green Destruction - The Ogre Packet Sla	http://guitarflash.me/?gfcMus=OYW5TJBRVV50
Tapped Out - Mike Orlando	http://guitarflash.me/?gfcMus=KBXRS488VUB6
Planet of the Grapes - Berried Alive ft Lucas	http://guitarflash.me/?gfcMus=QWRGEGRO646S
Speed Metal Messiah - Joe Stump	http://guitarflash.me/?gfcMus=ED1WCKJ4PY6Y
Steel Dragon We All Die Young - Rock Star	http://guitarflash.me/?gfcMus=F4HE9VL2HWL4
Chapter Four - Avenged Sevenfold	http://guitarflash.me/?gfcMus=MAKCVI1QKWPF
Hurricane - I Prevail	http://guitarflash.me/?gfcMus=V9B5G5CAF4PG
Gray Stone Gateway - Kiko Loureiro	http://guitarflash.me/?gfcMus=VABSA40I29D6
The Poison - Bullet For My Valentine	http://guitarflash.me/?gfcMus=4HVJPPDWJP81
King For A Day - Pierce The Veil	http://guitarflash.me/?gfcMus=3LJKMYL7NCBT
Violet Hill - Coldplay	http://guitarflash.me/?gfcMus=W1CVJP07337V
Jiraiyas Theme - Toshiro Masuda	http://guitarflash.me/?gfcMus=7XCR8N41565F
The Drug In Me Is - Falling In Reverse	http://guitarflash.me/?gfcMus=M9OY07YUAS1H
Never Dead - Megadeth	http://guitarflash.me/?gfcMus=R9FKSY6TOH78
Peeling Out - Buckethead	http://guitarflash.me/?gfcMus=TLXBH43955AV
Exiles Minute of Madness - Exilelord	http://guitarflash.me/?gfcMus=5L4ABKTECID2
Vermillion pt. 2 - Slipknot	http://guitarflash.me/?gfcMus=SBRSCPPOKHBO
Vivaldi Tribute - Tina S	http://guitarflash.me/?gfcMus=F4AK0N2942XK
Let It Sleep - Asking Alexandria	http://guitarflash.me/?gfcMus=NVSORAFAK3N4
The Maze - Vinnie Moore	http://guitarflash.me/?gfcMus=29S6UE1RGJXA
Eruption - Van Halen	http://guitarflash.me/?gfcMus=V0WR4B6SWDRQ
SP Minds of the Mad - Giovani	http://guitarflash.me/?gfcMus=NQID1EG3K17C
Get Jinxed - League of Legends	http://guitarflash.me/?gfcMus=77V58CU86B2M
BODIES SEGUNDO SP PARTE CHATA - Drowning Pool	http://guitarflash.me/?gfcMus=DF5PGM7RSMH6
Thats What You Get - Paramore	http://guitarflash.me/?gfcMus=BQQBGB5VN6EU
Doki Doki Morning - BabyMetal	http://guitarflash.me/?gfcMus=UT9DIMSAE8JI
Hasta Que El Cuerpo Aguante - Mago de OZ	http://guitarflash.me/?gfcMus=8FHR56TX1HAT
Whatsername - Green Day	http://guitarflash.me/?gfcMus=HK1Y0C4PX9HL
Whats Up People - Maximum The Hormone	http://guitarflash.me/?gfcMus=WPBUVT7297UR
Valiant Verification - Pergamum	http://guitarflash.me/?gfcMus=HMPFVQQF3UJ1
Think This - Toxik	http://guitarflash.me/?gfcMus=MMKA84JF0IDV
Bar Fight - The Word Alive	http://guitarflash.me/?gfcMus=2LVJN3VLQJKI
My Land - Sonata Arctica	http://guitarflash.me/?gfcMus=M06GWH2S2QFM
Stretching Lighthouse - Buckethead	http://guitarflash.me/?gfcMus=NG9MV1XL5Y9O
Someone, Somewhere (Ben Bruce Acoustic) - Ask	http://guitarflash.me/?gfcMus=2MJHBOAQ93M6
Pray For Plagues - Bring Me The Horizon	http://guitarflash.me/?gfcMus=VJRVTYVK07BA
Jesus Of Suburbia - Green Day	http://guitarflash.me/?gfcMus=U167C1SKPXE0
Mr. Brightside - The Killers	http://guitarflash.me/?gfcMus=06YYEOCCY7EO
Solo SOTK Parte 6 - Adriano Hipy	http://guitarflash.me/?gfcMus=OK66GJNO3F3E
The Sound of Truth - As I Lay Dying	http://guitarflash.me/?gfcMus=8951HSXNRNIY
Tempting Time - Animals As Leaders	http://guitarflash.me/?gfcMus=DXOF1S20OY8G
Fury of The Storm PACK Invertido - Adriano Hi	http://guitarflash.me/?gfcMus=BNATGPOVOYBA
Astral Empire - Dragonforce	http://guitarflash.me/?gfcMus=BH4DTR5S6X68
The Duel - Rusty Cooley	http://guitarflash.me/?gfcMus=NFBNDUOSER9C
Zymgorias 8-bit Adventure - Zaghurim	http://guitarflash.me/?gfcMus=96CKECHECHGQ
Hall of the Mountain King - Apocalyptica	http://guitarflash.me/?gfcMus=OVID5R88RMPT
dragon ball super cover - ada masson	http://guitarflash.me/?gfcMus=1EBPQ0GT38CO
CHEI DE SAL - MC GORILA	http://guitarflash.me/?gfcMus=HV11HPI4XKHP
In This River - Black Label Society	http://guitarflash.me/?gfcMus=2IBQSLJ4U265
TheFatRat  - No Artist Set	http://guitarflash.me/?gfcMus=E635CN44KP0H
Happier Than Ever - Billie Ellish	http://guitarflash.me/?gfcMus=LLQBESTCQQC2
Figure 09 - Linkin Park	http://guitarflash.me/?gfcMus=PWYAMOCGJYSC
Creeping In My Soul - Cryoshell	http://guitarflash.me/?gfcMus=W8ETBI7RWO1I
Heavy Is the Crown - Linkin Park	http://guitarflash.me/?gfcMus=QBE8543V3SVA
Mega City - F-Zero	http://guitarflash.me/?gfcMus=6FW2JCBLR3VM
Until The World Goes Cold - Trivium	http://guitarflash.me/?gfcMus=YKSA30GU2B4E
ANGEL OF SALVATION  - GALNERYUS	http://guitarflash.me/?gfcMus=P0BDXWAPEHW5
Canon Rock - Dragonforce	http://guitarflash.me/?gfcMus=E5LHPG26RYKL
Radio Song - Superbus	http://guitarflash.me/?gfcMus=RI1JFI6W7PFU
Take me away - Christina Vidal and Lindsay Lo	http://guitarflash.me/?gfcMus=TLPMU3Y5QEBB
No More Regrets - Arch Enemy	http://guitarflash.me/?gfcMus=599MWNX38XOD
The Bards Revenge - Aeon Bridge	http://guitarflash.me/?gfcMus=94XID1OD1TD9
Erotic Nightmares - Steve Vai	http://guitarflash.me/?gfcMus=8R75IOE2E8CP
Meaning In Tragedy - As I Lay Dying	http://guitarflash.me/?gfcMus=B018B2Y7BJCT
Betrayed - Avenged Sevenfold	http://guitarflash.me/?gfcMus=RIUOCT1VNE5C
Isosceles - Marc Rizzo	http://guitarflash.me/?gfcMus=OTPHMRUMW4CN
Alerion - Asking Alexandria	http://guitarflash.me/?gfcMus=VFGUWSXNXQI5
Woman - Wolfmother	http://guitarflash.me/?gfcMus=3AEDAYQCJW0L
Peace Of Mind - Rusty Cooley	http://guitarflash.me/?gfcMus=XTJLHONJ100S
King - Satyricon	http://guitarflash.me/?gfcMus=PBHHLX0151UE
Under The Knife - Rise Against	http://guitarflash.me/?gfcMus=PUBT84GXL7QK
People = Shit - Slipknot	http://guitarflash.me/?gfcMus=39HW2CEYTJM0
Brand New Day - Babymetal	http://guitarflash.me/?gfcMus=JS7REIIVAKG3
Tremor - MArtin Garrix	http://guitarflash.me/?gfcMus=ABF1YSMOEGXY
The Wardunks 747 - New	http://guitarflash.me/?gfcMus=CTS550V3P8JD
Moonlight Sonata - Dr.Viossy	http://guitarflash.me/?gfcMus=4VMQ08Q5PJM9
Emotional Breakdown - Parkway Drive	http://guitarflash.me/?gfcMus=DRV4CXH2E8JP
Teenagers - My Chemical Romance	http://guitarflash.me/?gfcMus=5MQ3TECT8D33
The Nightmare Unravels - John 5	http://guitarflash.me/?gfcMus=134S378I4TD2
Phantom Lord  - Metallica	http://guitarflash.me/?gfcMus=20D38RGU4UC6
My Soul Your Beats  - Girls Dead Monster	http://guitarflash.me/?gfcMus=0XA221HG1S7D
Keine Lust - Rammstein	http://guitarflash.me/?gfcMus=86OLBO3W0V3E
Defying Gravity - Vinnie Moore	http://guitarflash.me/?gfcMus=TNK0QE021I09
Santana feat. Romeo Santos - Margarita	http://guitarflash.me/?gfcMus=3O1YXMVN9O2F
Injection - Rise Against	http://guitarflash.me/?gfcMus=W1I4PNR4LG6O
Smoke on The Water - Deeple Purple	http://guitarflash.me/?gfcMus=O1I21CYQ6M71
Contempress (Feat. Maria Brink Of In This Mom	http://guitarflash.me/?gfcMus=U05DF1YFWU3M
Out of Control - Nothings Carved in Stone	http://guitarflash.me/?gfcMus=VTY1YUB3YK98
Radio  Video  - System of a down	http://guitarflash.me/?gfcMus=3VP2BI7K07AD
Holographic Universe - Scar Symmetry	http://guitarflash.me/?gfcMus=JCXOHSWRGLNI
Raising Hell - Bullet For My Valentine	http://guitarflash.me/?gfcMus=X5KM2SRTG4NW
Allegory Cave - Jupiter	http://guitarflash.me/?gfcMus=UDTYN9KT98S5
Deepest Cut - Get Scared	http://guitarflash.me/?gfcMus=5MUGIRTKC23U
Parasyte: Kiseijuu Sei no Kakuritsu	http://guitarflash.me/?gfcMus=91EP34QXSXMK
Mark Of Cain - ...	http://guitarflash.me/?gfcMus=RN3YGDU5M39F
Dead Or Alive - Bon Jovi	http://guitarflash.me/?gfcMus=OGT7C3L7SMB9
Vela, Together We Await The Storm - The Human	http://guitarflash.me/?gfcMus=AWSFB5HDOPV5
Twisted Void - LemonxreaperGH	http://guitarflash.me/?gfcMus=0FCKNYAYVBO1
The Enemy Inside - Dream Theater	http://guitarflash.me/?gfcMus=N3F3TEDQHN8O
I Speed At Night Story - Thousand Leaves	http://guitarflash.me/?gfcMus=KHTXSJK9LFIY
17th Century Chicken Pickin - Impellitteri	http://guitarflash.me/?gfcMus=E8YD379A94CR
Fury of The Storm PACK - Adriano Hipy	http://guitarflash.me/?gfcMus=VG8XDB3E6M8Y
Domination - Pantera	http://guitarflash.me/?gfcMus=XBHK8I3J7362
Still Alive - Glados	http://guitarflash.me/?gfcMus=9GQMJ5C4GD36
Blacksong - Jorn	http://guitarflash.me/?gfcMus=TMMW2GTINMNA
Infinity - Galneryus	http://guitarflash.me/?gfcMus=69S8DPKOVLQX
Satania - Mago de Oz	http://guitarflash.me/?gfcMus=AJ4N3NFYK760
Reasons To Live - Dragonforce	http://guitarflash.me/?gfcMus=MXORC3PPOROQ
Requiem For A Dream - Meest Metal	http://guitarflash.me/?gfcMus=YROBWNX466YI
Reapers - Muse	http://guitarflash.me/?gfcMus=XEYSDDHA6PL0
World is Mine - hatsune Miku	http://guitarflash.me/?gfcMus=UV23XL011S91
Satellite - Rise Against	http://guitarflash.me/?gfcMus=TMJ8OVQ7FVCV
Begging For Mercy - Bullet For My Valentine	http://guitarflash.me/?gfcMus=GJIE147BIEEP
All Signs Point To Lauderdale - A Day To Reme	http://guitarflash.me/?gfcMus=T9XE3QUPCQXF
Carol of the Bells - August Burns Red	http://guitarflash.me/?gfcMus=9K632W2W7Q63
Burn It Down - Avenged Sevenfold	http://guitarflash.me/?gfcMus=94YLOBYTF31W
Solos  - Dragonforce	http://guitarflash.me/?gfcMus=T9SA5COESUYA
Unchained Predator - DOOM The Dark Ages	http://guitarflash.me/?gfcMus=AQSOOUVGI2EY
Gehenna - Slipknot	http://guitarflash.me/?gfcMus=R49MT8E96WE8
Eon - Celldweller	http://guitarflash.me/?gfcMus=DTHW97KFNGL3
The Guillotine (Part I) - Escape The Fate	http://guitarflash.me/?gfcMus=5TIRS6WMGYMF
The Devil Went Down To Georgia PACK - Adriano	http://guitarflash.me/?gfcMus=L1GEFRMYW3QM
Destroyer of the Universe - Amon Amarth	http://guitarflash.me/?gfcMus=N9EIANMW9FEK
Glass Doll - Star Anis	http://guitarflash.me/?gfcMus=X5ELV4GVPVOQ
Victory Call - Black Veil Brides	http://guitarflash.me/?gfcMus=78SDJHGFHB3L
Adrián Barba - Hello Hello Hello -version ful	http://guitarflash.me/?gfcMus=JVLS1RBLS68W
Metrallas - ...	http://guitarflash.me/?gfcMus=ERP7ESSQNHJ7
When You Were Young - The Killers	http://guitarflash.me/?gfcMus=BS7VR7VD1N53
Original Tetris theme - (Tetris_Soundtrack)	http://guitarflash.me/?gfcMus=MNF07O779PQ3
All the Small Things - Blink-182	http://guitarflash.me/?gfcMus=4EG0VNCME2HG
Indestructible - Disturbed	http://guitarflash.me/?gfcMus=300B7XLHTT25
Freestyle Shred - Rusty cooley	http://guitarflash.me/?gfcMus=XLTV2IJTH044
El Poder Nuestro Es - Dragon Ball Z	http://guitarflash.me/?gfcMus=RDRDUE3GRCBQ
Lutar Pelo o Que e Meu - Charlie Brown Jr	http://guitarflash.me/?gfcMus=WDH5Q6FBDY64
Dust In The Wind - Kansas	http://guitarflash.me/?gfcMus=OUHL0HAIQ8DG
Creeping Death - Bullet for My Valentine	http://guitarflash.me/?gfcMus=VWB5A39CU2D1
Not Ready to Die - Demon Hunter	http://guitarflash.me/?gfcMus=UYBLJ81I1GDF
Suite Pee - System of a Down	http://guitarflash.me/?gfcMus=TCC8OR7F18PL
Black Abyss - Black Tide	http://guitarflash.me/?gfcMus=ASH997NP2JRC
Funny - Scars On Broadway	http://guitarflash.me/?gfcMus=HMTUFLSGD07R
Wind #1 - Naruto	http://guitarflash.me/?gfcMus=CW6YNAJW1XNJ
HAVOK - From the Cradle to the Grave	http://guitarflash.me/?gfcMus=R020JN88SDXU
Dragonforce - Scars of Yesterday [www.slider.	http://guitarflash.me/?gfcMus=T4O1K604I1HN
Curse Of The Virgin Canvas - Alesana	http://guitarflash.me/?gfcMus=HJBJXF39Y446
Satanael -  Mago De Oz	http://guitarflash.me/?gfcMus=7T6V4DWPS10F
Hanuman - KLUAYTHAI	http://guitarflash.me/?gfcMus=GHUQO2KM791B
Juegos de Seduccion - Soda Stereo	http://guitarflash.me/?gfcMus=Q9IV61C4DWJC
Interloper - Slipknot	http://guitarflash.me/?gfcMus=8NRPW6YE92KS
Obsidian - ExileLord	http://guitarflash.me/?gfcMus=LJ80TVEAW3LF
Land Of Shattered Dreams - DragonForce	http://guitarflash.me/?gfcMus=K1KMYD8YE3DQ
Jenny B - Bumblefoot	http://guitarflash.me/?gfcMus=LD9DDDO4C5FW
Welcome To The Black Parade - My Chemical Rom	http://guitarflash.me/?gfcMus=XQVC3C82WEXO
¡NIÑOS RATAS! rap   - zarcort y piter g	http://guitarflash.me/?gfcMus=BI0QP36PG2U5
With Or Without You - U2	http://guitarflash.me/?gfcMus=DAS1NPWQP9DB
Solo - Mand With Lost - Felipe Gamer Terror	http://guitarflash.me/?gfcMus=5X1L1B4692P4
Just Do It - Shia LaBeouf	http://guitarflash.me/?gfcMus=UXHSSWHBYL18
Canon Rock - Jerry C	http://guitarflash.me/?gfcMus=HTHXU9T7IA3Q
Circle With Me - Spiritbox	http://guitarflash.me/?gfcMus=5K8R9HWRFOCH
High Horse - Oceans Ate Alaska	http://guitarflash.me/?gfcMus=N9GELPGDVJ2L
Covering Fire - Havok	http://guitarflash.me/?gfcMus=JI1JKOXSXB57
Iluminado - Comsequencia	http://guitarflash.me/?gfcMus=GDG43AOYAX9R
Ungrateful - Escape The Fate	http://guitarflash.me/?gfcMus=RDQKUNJHKIBD
Like Light to the Flies - Trivium	http://guitarflash.me/?gfcMus=UUW46YQF4MLJ
Night Crawler - Judas Priest	http://guitarflash.me/?gfcMus=IKYFRKW5A8HU
Next Go Round - Nickelback	http://guitarflash.me/?gfcMus=COO2K3OT8J2E
Carrying The Game Remix - Big Boy Gang	http://guitarflash.me/?gfcMus=CPNXBJ37723Q
Hell Is For Children - Children Of Bodom	http://guitarflash.me/?gfcMus=FRD8EOHDLAAJ
Senandung Pertemanan - The Changcuters	http://guitarflash.me/?gfcMus=9NQVWEFE28KF
The Thespian - Alesana	http://guitarflash.me/?gfcMus=Y726J7X1N5Q5
A.T.W.A - System Of A Down	http://guitarflash.me/?gfcMus=JY3XEXVV05MV
Time is Running Out - Muse	http://guitarflash.me/?gfcMus=IEQ8WKOHB1DF
Serpents In Paradise - Avantasia	http://guitarflash.me/?gfcMus=10ROSY9A8BA9
A-Punk - Vampire Weekend	http://guitarflash.me/?gfcMus=PTM79ONC9O1J
asdfmovie song - Lil Deuce Deuce	http://guitarflash.me/?gfcMus=FHY15VHRAH0G
Strife Solo - Trivium	http://guitarflash.me/?gfcMus=YI6SQ6A7JBPN
Soulless 3 - Exilelord	http://guitarflash.me/?gfcMus=PMK8HVHQE37V
Dear Mozart - JerryC	http://guitarflash.me/?gfcMus=18BC47SXGVUR
Transistion - Macky Gee	http://guitarflash.me/?gfcMus=Y62FVRPIUJEF
Clusterfuck Canon - Schmutz06	http://guitarflash.me/?gfcMus=YQS1S1RMMQAK
Fairy Tail  - DragonForce	http://guitarflash.me/?gfcMus=91JVU0HJHAAP
Gimme Chocolate - BABYMETAL	http://guitarflash.me/?gfcMus=U9QKWB0SDOYV
Gein With Envy - John 5	http://guitarflash.me/?gfcMus=TLS3B5BBLRB3
Hijo de Puta - Asspera	http://guitarflash.me/?gfcMus=RJQTBNBMK5HM
Countdown To Extinction - Megadeth	http://guitarflash.me/?gfcMus=IBFWL397ND90
GOOD NIGHT - Dreamcatcher	http://guitarflash.me/?gfcMus=I6AXRUWCXCR0
Shake The Ground (In-studio performance) - Ch	http://guitarflash.me/?gfcMus=WR16O7MV8U9J
Guitar vs Piano - Goukisan	http://guitarflash.me/?gfcMus=FKLQCFOPR22T
Stand By Me - Oasis	http://guitarflash.me/?gfcMus=0ITRVMFJAORY
Devil Went Down to Georgia - Steve Ouimette	http://guitarflash.me/?gfcMus=3RMQVUY1IW4R
Reptilia - The Strokes	http://guitarflash.me/?gfcMus=55PUJ0BSLA9O
Time Is Running Out - Muse	http://guitarflash.me/?gfcMus=LE8IYJ5SB94V
Not Good Enough For Truth In Cliche - Escape	http://guitarflash.me/?gfcMus=0DN63VYP5YAA
Metrallas impossible - Tuyo Mio GF Ernesto	http://guitarflash.me/?gfcMus=FEIJ3JBWWH9U
Future In My Hands - Devil May Cry	http://guitarflash.me/?gfcMus=86VLK53P5VPK
Jato Unit - Jeff Loomis	http://guitarflash.me/?gfcMus=4UOIP35WEJLB
Scavengers Daughter - Jhon 5	http://guitarflash.me/?gfcMus=0S66HBQ7CAP1
Know - System Of A Down	http://guitarflash.me/?gfcMus=QLPNN2POPL6B
Addicted To Pain - Alter Bridge	http://guitarflash.me/?gfcMus=GIQBLM3JAIPV
In Your Arms - Destine	http://guitarflash.me/?gfcMus=83E6C9I4YCM0
Hades - Kalmah	http://guitarflash.me/?gfcMus=LV3SBTGH7LXQ
Smoke Em If Ya Got Em - Parkway Drive	http://guitarflash.me/?gfcMus=56IQ20PFGSMV
21 Guns - Green Day	http://guitarflash.me/?gfcMus=0TWDOIQDCTFT
Dueling Banjos - Deliverance	http://guitarflash.me/?gfcMus=K0P40117V216
OreGairu.Zoku-Harumodoki Opening [version 1].	http://guitarflash.me/?gfcMus=KBQXMNDBWRCN
Beelzeboss (The Final Showdown) - Tenacious D	http://guitarflash.me/?gfcMus=LMK453DJSLP8
Suffocating Under The Words Of Sorrow - Bulle	http://guitarflash.me/?gfcMus=8DIWUJ6QARA5
On The Backs Of Angels - Dream Theater	http://guitarflash.me/?gfcMus=94WXBQVJ6CPI
Top Gear - Nintendo	http://guitarflash.me/?gfcMus=SF1B13G2YW43
Know the Difference - Stratovarius	http://guitarflash.me/?gfcMus=VOOWBYIR5FH3
Jupiter Space Odyssey 2 - Sidney600	http://guitarflash.me/?gfcMus=EICS6QB5KIAH
Monster - Meg e Dia	http://guitarflash.me/?gfcMus=G2ECA4W4FNLA
Play With Me Solo - Adriano Hipy	http://guitarflash.me/?gfcMus=SPFB9N0MIKDI
Im Alive - Helloween	http://guitarflash.me/?gfcMus=I9PNM6EMV5J7
Utopia Copy - Schmutz06	http://guitarflash.me/?gfcMus=3UTK9FAW3E9S
Solo De 2 Minutos - Pierry	http://guitarflash.me/?gfcMus=CKI4LBW8OY9F
La Voz Dormida - Mago de Oz	http://guitarflash.me/?gfcMus=Q4GM5F4WQOPE
In Pieces - Linkin Park	http://guitarflash.me/?gfcMus=4KI2V04T95BR
Tempting Time(En proceso) - Animals as Leader	http://guitarflash.me/?gfcMus=UVYHBQR4KQXM
Boss Battle - Artificial Fear	http://guitarflash.me/?gfcMus=IAGY05AJHEKN
Damnation Game - Yngwie Malmsteen	http://guitarflash.me/?gfcMus=LGP1GYB0HA74
Escaping - Kiko Loureiro	http://guitarflash.me/?gfcMus=HP6XSKHKNAYL
Feisty Cadavers - John 5	http://guitarflash.me/?gfcMus=66HX286F8XMI
Reign Of Terror - Rhapsody Of Fire	http://guitarflash.me/?gfcMus=I8XJAGYQ22HE
Angry Again - Megadeth	http://guitarflash.me/?gfcMus=VS1WAW5JLOW8
Salieri Strikes Back - Warmen	http://guitarflash.me/?gfcMus=YJTHNTDWH2RO
Zatch Bell Opening	http://guitarflash.me/?gfcMus=25FGHWAORK6R
Marmalade - System Of A Down	http://guitarflash.me/?gfcMus=QD1PE6KO71L1
The final countdown - Europe	http://guitarflash.me/?gfcMus=YQJB8RDENRY1
Avengers Tribute -  - Burn it to the ground	http://guitarflash.me/?gfcMus=8VODNJSREURN
Nothing To Say - Angra	http://guitarflash.me/?gfcMus=2LM06TN8XIXL
Extreme Power Metal - Dragonforce	http://guitarflash.me/?gfcMus=QJXSMV2A4WSS
Sex On Fire - Kings Of Leon	http://guitarflash.me/?gfcMus=303WTSUEAVDJ
Enter The East - Metin2	http://guitarflash.me/?gfcMus=YBCEGMCXHQIW
Electric Eye - As I Lay Dying	http://guitarflash.me/?gfcMus=CWC8RGKY5IYC
Boku no Hero Academia S2 Ending 2 - LiSA	http://guitarflash.me/?gfcMus=5NKWHX66VFS9
Soldiers Hard - 6 SP	http://guitarflash.me/?gfcMus=D5MBMGVAK2WX
King James - Buckethead	http://guitarflash.me/?gfcMus=Y9QMFLKQSQSJ
World On Fire - Slash	http://guitarflash.me/?gfcMus=QPVPVD3V9OYY
Party With The Devil - Attila	http://guitarflash.me/?gfcMus=W35NS6S6W4KE
Anna Julia - Los Hermanos	http://guitarflash.me/?gfcMus=9F0LFYITNQ11
Poison Turtle (intro) - OxiDaksi	http://guitarflash.me/?gfcMus=7XG1OH067E5J
The Bowmans Friendship - Kris Norris	http://guitarflash.me/?gfcMus=7MCPNJ0QP2HB
The Drug In Me Is You - Falling In Reverse	http://guitarflash.me/?gfcMus=768KL8E38209
Kashmir - Revenge The Fate	http://guitarflash.me/?gfcMus=YDWEBC6G5DWW
Acid Rain - Angra	http://guitarflash.me/?gfcMus=LGOW7FPEHS7G
Bridge Burning - Foo Fighters	http://guitarflash.me/?gfcMus=UFK3GEJNFP6A
Guitar Battle GH3 - Tom Morello	http://guitarflash.me/?gfcMus=F9H97GIF3TQX
Aint Talkin Bout Love - Van Halen	http://guitarflash.me/?gfcMus=GJI81UQAP9E2
FriendZone Song - Pink Guy	http://guitarflash.me/?gfcMus=BQMVWH3VE1Q3
Sudden Death ByLuisP - Megadeth	http://guitarflash.me/?gfcMus=SK8S7MF76IWS
Victory Solo X - Schmutz06	http://guitarflash.me/?gfcMus=1OHCKBYX0RNU
Gloria - Dragonforce	http://guitarflash.me/?gfcMus=I8SDIK85DPU9
Amalgamation - Exilelord	http://guitarflash.me/?gfcMus=5V74ISML0TC7
Still Remains - Alter Bridge	http://guitarflash.me/?gfcMus=VIW40WMHIKA3
DRAGON BALL MEETS METAL	http://guitarflash.me/?gfcMus=9DFFH8IGS7YE
Caught In A Mosh - Anthrax	http://guitarflash.me/?gfcMus=C0SOTSQUIIPW
Concerto - Cacophony	http://guitarflash.me/?gfcMus=CY0N61GI2A13
Cant Stop - Red Hot Chili Peppers	http://guitarflash.me/?gfcMus=17F05426R0HT
Foreign Policy - Megadeth	http://guitarflash.me/?gfcMus=6FRRIWYE2A9T
Despacito - Luis Fonsi (Cover by Leo Moracchi	http://guitarflash.me/?gfcMus=KA8JRFNSOUXE
Dance, Dance - Fall Out Boy -	http://guitarflash.me/?gfcMus=L26Q6ECXGYGE
In The End - Linkin Park	http://guitarflash.me/?gfcMus=D4T91FBTJLV5
Wake Me Up When September Ends - Green Day	http://guitarflash.me/?gfcMus=1AWEE0MRXJKF
A Prophecy - Asking Alexandria	http://guitarflash.me/?gfcMus=5UF0637P7QBE
Dont Talk To Strangers - Dio	http://guitarflash.me/?gfcMus=NN17P1MNRUGE
Shackler s Revenge - Guns N Roses	http://guitarflash.me/?gfcMus=KDIVWDMCJYPT
A Quick 1453 Notes - No Artist Set	http://guitarflash.me/?gfcMus=5J9VI1IDF6C4
Bite of the Mosquito - John Petrucci	http://guitarflash.me/?gfcMus=OHSA3SGLLAB8
The Last Journey Home - Dragonforce TNNP	http://guitarflash.me/?gfcMus=V45CKEQK4HK4
Si Pudieras Ver - Strike 3	http://guitarflash.me/?gfcMus=CF85380NGKSX
Shake up Christmas - Train	http://guitarflash.me/?gfcMus=J9H1E7AVBGWB
Black Widow Of La Porte Solo - LolNames	http://guitarflash.me/?gfcMus=ISDW95YCENR9
88 - Sum 41	http://guitarflash.me/?gfcMus=SHVQQV28GGG0
The Phase Shifter - Puppetz	http://guitarflash.me/?gfcMus=H1A9WA7TJDAT
Piece of the Future - Asian Kung-Fu Generatio	http://guitarflash.me/?gfcMus=7GEUCB9A6JM5
To The Stage - Asking Alexandria	http://guitarflash.me/?gfcMus=3T3D28AR3TJ0
Don Tetto  - Sigamos Caminando	http://guitarflash.me/?gfcMus=X0AHHOOD1RJR
Killer Queen - Queen	http://guitarflash.me/?gfcMus=IKSCQE1XCJUP
Dead Memories - Slipknot	http://guitarflash.me/?gfcMus=W965OH3OIX2Y
[Naruto] Wind - Akeboshi	http://guitarflash.me/?gfcMus=RXDMWS84N9V4
Infected - Bad Religion	http://guitarflash.me/?gfcMus=J9JVVSK2Q4VC
Murderer - Impending Doom	http://guitarflash.me/?gfcMus=0RCCWKMQ30OU
Arc of the Pendulum - Buckethead	http://guitarflash.me/?gfcMus=JOXFS5YE32BC
My Own Worst Enemy - Lit	http://guitarflash.me/?gfcMus=2FUAP8D8I3FK
Equinox - Sidney600	http://guitarflash.me/?gfcMus=6Q0RH1I7FXV4
La Cruz De Santiago - Mago De Oz	http://guitarflash.me/?gfcMus=6O8QGLER13IY
RGB - Steve Ouimette	http://guitarflash.me/?gfcMus=POFMBFSRAF8S
KoF XIII - combo video - Mr.Karate	http://guitarflash.me/?gfcMus=Q2UJVNA391YR
Solo Extreme Power Metal - Dragonforce	http://guitarflash.me/?gfcMus=98BDWAB7BIHF
Kill Rock And Roll - System Of A Down	http://guitarflash.me/?gfcMus=7VROYUA7NIER
Roger Rabbit - Sleeping With Sirens	http://guitarflash.me/?gfcMus=IPTSPH0BD61A
The Take Over, The Breaks Over - Fall Out Boy	http://guitarflash.me/?gfcMus=73LTHGV059LV
Ignite - Sword Art Online II	http://guitarflash.me/?gfcMus=77SOPIS7V6EV
I Wont Give In - Asking Alexandria	http://guitarflash.me/?gfcMus=FVNH7C6F15EB
Singing - Yoko Hikasa	http://guitarflash.me/?gfcMus=D0NJ06ADEEER
Indigo Dunes - 7for4	http://guitarflash.me/?gfcMus=96JMK2SC3OFW
Inside The Fire - Disturbed	http://guitarflash.me/?gfcMus=KSWPOG3YUHTG
HighSchool of The Dead - Kishida Kyoudan...	http://guitarflash.me/?gfcMus=ONTBMCHL7K5U
Mar De Mentiras - World In Decay	http://guitarflash.me/?gfcMus=QSDYXGRQUIPW
Stirb Nicht Vor Mir - Rammstein	http://guitarflash.me/?gfcMus=8IK6V5EYW043
[Your Name] Zen Zen Zense - RADWIMPS	http://guitarflash.me/?gfcMus=0PITE266TRBX
Blackbird - Alter Bridge	http://guitarflash.me/?gfcMus=JPUT6AQILY0X
A Warriors Call - Volbeat	http://guitarflash.me/?gfcMus=DEBVS3EF5KSY
Madness March 2 - Schmutz06	http://guitarflash.me/?gfcMus=4X6SPF5WKLO8
The Redeem Team - Buckethead	http://guitarflash.me/?gfcMus=4Y29X2HAAY2T
Genocidal Humanoidz - System Of A Down	http://guitarflash.me/?gfcMus=XFUFO00I30L8
Supersoaker - Kings of Leon	http://guitarflash.me/?gfcMus=2I16GBRT3V29
OMG - NewJeans	http://guitarflash.me/?gfcMus=7VTDCFDIW9Q5
The Dark Eternal Night - Dream Theater	http://guitarflash.me/?gfcMus=CG67ACE0LM69
Shingeki no Kyojin OP	http://guitarflash.me/?gfcMus=ASJRJRL53CF4
Rim Of The World - Buckethead	http://guitarflash.me/?gfcMus=T0HDDDKXK9OB
Sleepwalking - Wolves At The Gate	http://guitarflash.me/?gfcMus=WK4DR1WRHDQ1
Asustado by ManuGf - Billy y los gasonoros (	http://guitarflash.me/?gfcMus=A6H2E1AMUG46
Destiny Solo - Galneryus	http://guitarflash.me/?gfcMus=P6CPP7EBTDQ2
Capricci di Diablo PACK - Adriano Hipy	http://guitarflash.me/?gfcMus=C0SIQSKYBK2A
P.O.W - Bullet For My Valentine	http://guitarflash.me/?gfcMus=ASPYSH2X1H3W
Amerika - Rammstein	http://guitarflash.me/?gfcMus=V560G54O4EVT
Black Winter Night - Dragonforce	http://guitarflash.me/?gfcMus=2V143CDCT2K1
Harry Potter Meets Metal - Eric Calderone	http://guitarflash.me/?gfcMus=RQG03MNU4P19
Squezze na metralha - Eduardo Rodrigues	http://guitarflash.me/?gfcMus=C7LXYLSCXDK0
Quadrature - Sidney600	http://guitarflash.me/?gfcMus=0BUALVL4AGX3
Its My Life - Bon Jovi - Edgaar Jhc	http://guitarflash.me/?gfcMus=CWDYWQJO6XAP
Ungrateful - Escape The Fate	http://guitarflash.me/?gfcMus=0OVVQGR0B899
Life Cycles - The Word Alive	http://guitarflash.me/?gfcMus=H6JMFV1GC3QK
Im Not a Vampire - Falling In Reverse	http://guitarflash.me/?gfcMus=3H1QEUENU986
Idols And Anchors - Parkway Drive	http://guitarflash.me/?gfcMus=38WSY30U6G8D
Stockholm Syndrome - Muse	http://guitarflash.me/?gfcMus=QMGY12LLCU7R
Ultimate Power Shred Song - 66samus	http://guitarflash.me/?gfcMus=RN2283PKEQAE
Ghosts (Feat. Jeremy McKinnon Of A Day To Rem	http://guitarflash.me/?gfcMus=YWOVJO21JNG2
Scars Of Yesterday SOLO - Dragon Force	http://guitarflash.me/?gfcMus=Y8P2AK21KHGT
Slither - Velvet Revolver	http://guitarflash.me/?gfcMus=81H1DF8D2LAO
This Fire Burns - Killswitch Engage	http://guitarflash.me/?gfcMus=5YQ759BHF4R6
Reward For Betrayal - Galneryus	http://guitarflash.me/?gfcMus=JKMGOPVVS9J7
The Threat Is Real - Megadeth	http://guitarflash.me/?gfcMus=LHRELQDOXEI8
Requiem for the Living - Jeff Loomis	http://guitarflash.me/?gfcMus=82JMFO17V3XF
Whiplash - Metallica	http://guitarflash.me/?gfcMus=VT55W9HFHG8D
Way Too Damn Much - TheFah Aprisiri	http://guitarflash.me/?gfcMus=1YSS1IUV9S9W
Cancion De La Hoguera - Bob Esponja	http://guitarflash.me/?gfcMus=R9H41REECI7Y
Lamento Boliviano - Enanitos Verdes	http://guitarflash.me/?gfcMus=U71G461Y76LR
Molinos de Viento - Mago de Oz	http://guitarflash.me/?gfcMus=KVE23U3AUL92
Leech - Bullet For My Valentine	http://guitarflash.me/?gfcMus=7OXGQBHTSVVO
levels - Skrillex Remix	http://guitarflash.me/?gfcMus=AXT2ANKC4EVU
Sweet Blasphemy - Black Veil Brides	http://guitarflash.me/?gfcMus=H18KIP3JAMXF
TRILLBOT - Smucthz06	http://guitarflash.me/?gfcMus=7DPNRGE28D91
Kool Thing - Sonic Youth	http://guitarflash.me/?gfcMus=N2HWAYMXWB8P
Black Rock Shooter - Hatsune Miku	http://guitarflash.me/?gfcMus=NTUNENL8MG0R
Boom - System Of A Down	http://guitarflash.me/?gfcMus=IYHMQTKPWAKX
Woman - Wolfmother	http://guitarflash.me/?gfcMus=2RRPNI9LG4RA
Acid Rain - Avenged Sevenfold	http://guitarflash.me/?gfcMus=UFMLRYH3HJT1
Feel Invincible - Skillet	http://guitarflash.me/?gfcMus=X4O43GK1Y3AB
Wake Up Dead - Megadeth	http://guitarflash.me/?gfcMus=0HTV5505A6RM
Decapitation Fornication - Infant Annihilator	http://guitarflash.me/?gfcMus=KGXII6I0GAHD
Vivaldis Winter - Dark Moor	http://guitarflash.me/?gfcMus=AXINCT2SVOAW
Jiyuu no Tsubasa - Linked Horizon	http://guitarflash.me/?gfcMus=SBTINJ45FFY2
Paranoid - Black Sabbath	http://guitarflash.me/?gfcMus=DP9G0VUE335C
Lying from you - Linkin Park	http://guitarflash.me/?gfcMus=1O6T4IRXE27X
Where The Dead Ships Dwell - In Flames	http://guitarflash.me/?gfcMus=EP0RDUQBOC6R
GJ! - BABYMETAL	http://guitarflash.me/?gfcMus=GDJRKLI5WG86
Fallen World - Dragonforce	http://guitarflash.me/?gfcMus=A8U84B98J0JM
Original Song - The Mark Of Cain	http://guitarflash.me/?gfcMus=TMMU8Y98H60A
This Probably Wont End Well - All That Remain	http://guitarflash.me/?gfcMus=EKU4PNQ7D613
Hold The Line - Toto	http://guitarflash.me/?gfcMus=KNV1Q5MK1QN9
Si Bob Esponja Fuera Anime Opening 1 (Español	http://guitarflash.me/?gfcMus=6BK2HNXYW3RH
Opening 1 - Inazuma Eleven Super Once	http://guitarflash.me/?gfcMus=0IVI4N34PVRD
5 Minutes Alone - Pantera	http://guitarflash.me/?gfcMus=43IMO4CO8O5Q
Otherside  - Red Hot Chili Peppers	http://guitarflash.me/?gfcMus=WKAFUYHTTT17
Glory To The World - LOVEBITES	http://guitarflash.me/?gfcMus=I5GH5T02UK33
The Guillotine Pt.2 This War Is Ours - Escape	http://guitarflash.me/?gfcMus=M0E1A0KAG0EJ
Indians - Anthrax	http://guitarflash.me/?gfcMus=E8XQ3O6BTEC1
Bards Revenge Bugamente - Aeon Bridge	http://guitarflash.me/?gfcMus=NEF6802A37KR
Bullseye - KDrew	http://guitarflash.me/?gfcMus=1UGY2TN4KPTE
Salieri Strikes Back - Warmen	http://guitarflash.me/?gfcMus=RQBO5Y1ISN2G
La Luna En Ti - Mago De Oz	http://guitarflash.me/?gfcMus=BQMYO7XA6OQ3
A - A	http://guitarflash.me/?gfcMus=277DW6XF7BUX
Dance Of Death - Iron Maiden	http://guitarflash.me/?gfcMus=CAYSIUF692O6
Electric Messiah - Symphony X	http://guitarflash.me/?gfcMus=TXUQYJ7FUCMW
Flying Light #2 - Naruto	http://guitarflash.me/?gfcMus=VTYWPBPHY39K
No More Sorrow - Linkin Park	http://guitarflash.me/?gfcMus=IMF73O4MGU9Q
The Kill - Thirty Seconds To Mars	http://guitarflash.me/?gfcMus=6U5VJSGN5FCQ
Black Pentagram - Unlucky Morpheus	http://guitarflash.me/?gfcMus=0G3QU7A4VUET
Attack - System of a Down	http://guitarflash.me/?gfcMus=65H359CBFVA6
Spice and Wolf Opening - Natsumi Kiyoura	http://guitarflash.me/?gfcMus=PTGA9R9546D0
The Flame Of Youth - Dragonforce	http://guitarflash.me/?gfcMus=KR4S98E8FQ4A
Feisty Cadavers  - John 5	http://guitarflash.me/?gfcMus=Y2WIW0XWBYLF
Mary Lou - Sonata Arctica	http://guitarflash.me/?gfcMus=YGHA1B376A08
Bad Reputation - Joan Jett And The Blackheart	http://guitarflash.me/?gfcMus=KWC4DQ8HEF9D
Let Me Drive My Van (Into Your Heart) - Steve	http://guitarflash.me/?gfcMus=RN135B0O0YLE
Aguas Profundas - Solo - ManausGF	http://guitarflash.me/?gfcMus=BIX5NTDUMK7F
Meu Pintinho Amarelinho - Gugu Liberato	http://guitarflash.me/?gfcMus=VPRFLJF7795U
Jam On It - Mike Orlando	http://guitarflash.me/?gfcMus=HPA6FXSFJ2AP
Solos Rapidos Nivel 6 - Anacondo Sexy	http://guitarflash.me/?gfcMus=191R65TEG187
Ronald Turkish March - YTPMV	http://guitarflash.me/?gfcMus=X910WLC3SLFT
WataMote - Konomi Suzuki and Kiba of Akiba	http://guitarflash.me/?gfcMus=A8XNN5C8T57D
Eyes Of A Panther - Steel Panther	http://guitarflash.me/?gfcMus=KYTNREOT6OOL
Daddy Discord - DBpony	http://guitarflash.me/?gfcMus=FT1OPIN14ANA
Madness March 2 - Schmutz06	http://guitarflash.me/?gfcMus=URNH92EHPPTH
Fatal Illusion - Megadeth	http://guitarflash.me/?gfcMus=OR0ERU5WCTAI
Cry For The Moon - Epica	http://guitarflash.me/?gfcMus=37O24EHSTX4H
La Gallina turuleca - Abel Baca Perez	http://guitarflash.me/?gfcMus=YUYPW3IX7PFX
Goodbye Agony - Black Veil Brides	http://guitarflash.me/?gfcMus=N1PSX981476V
Ride the Sky - Helloween	http://guitarflash.me/?gfcMus=BWJUWNYVBGX8
Little Sister - Queens Of The Stone Age	http://guitarflash.me/?gfcMus=Q3Q3UYHUQ2BC
Cry Baby - Melanie Martinez	http://guitarflash.me/?gfcMus=5SRJRHB79Y9M
Poisonous Shadows - Megadeth	http://guitarflash.me/?gfcMus=E09UN9LKH9GP
Solo Heartbreak Armageddon - Dragonforce	http://guitarflash.me/?gfcMus=7I5WAYNU6LCA
Human Nature (electric fingerstyle guitar) -	http://guitarflash.me/?gfcMus=C4147V6PHOUN
Ruby - Kaiser Chiefs	http://guitarflash.me/?gfcMus=J465NT8PUPGT
Phenomenon - Thousand Foot Krutch	http://guitarflash.me/?gfcMus=MQTSVH9REX6A
Exist - Avenged Sevenfold	http://guitarflash.me/?gfcMus=E157MCCB75TN
2 e 3 sp Constant - Dream Deather	http://guitarflash.me/?gfcMus=22371WFOACPB
Guitar Solo - Kerry King	http://guitarflash.me/?gfcMus=GS01SRAW3DCJ
Deathrider - Anthrax	http://guitarflash.me/?gfcMus=YC4JQK2YV3VP
Stare At Yourself - Hibria	http://guitarflash.me/?gfcMus=GHUXPA1N0F1Y
3s and 7s - Queens of The Stone Age	http://guitarflash.me/?gfcMus=HODQ4JQ7EW94
I am Bulletproof - Black Veil Brides	http://guitarflash.me/?gfcMus=WGYEV2U2DKL2
[Rainbow Nisha...] We Are Not Alone - Coldrai	http://guitarflash.me/?gfcMus=08LTQ0G13HSO
lçloo44 - eee	http://guitarflash.me/?gfcMus=OPG52EA5PM8V
Give Me the Night - DragonForce	http://guitarflash.me/?gfcMus=ODJN6W5M6DJ7
Amsterdam - Imagine Dragons	http://guitarflash.me/?gfcMus=52G8M30U7DHN
Crayones Nada Trendy - Boom Boom Kid	http://guitarflash.me/?gfcMus=16M5KCXPIPGN
About a Girl - Nirvana	http://guitarflash.me/?gfcMus=7GFMETI5S6BI
Quema tu miedo - Ankhara	http://guitarflash.me/?gfcMus=CF6BJV0LM45W
Farewell Ballad - Zakk Wilde	http://guitarflash.me/?gfcMus=DTLAYK26Q6KU
Ich Tu Dir Weh - Rammstein	http://guitarflash.me/?gfcMus=ED1PF3SYBLTC
Te Hacen Falta Vitaminas - Soda Stereo	http://guitarflash.me/?gfcMus=M72BN5C7YNM4
Adios  - Rammstein	http://guitarflash.me/?gfcMus=TIAW0RHUSLJ4
Riot - Bullet For My Valentine	http://guitarflash.me/?gfcMus=7UYXMMRCFPD8
Scar Symmetry - Retaliator Solo - ManausGF	http://guitarflash.me/?gfcMus=RM5Q689XA39G
Cigaro - System Of A Down	http://guitarflash.me/?gfcMus=6P47LG1ACO7J
Make It Stop (Septembers Children) - Rise Aga	http://guitarflash.me/?gfcMus=1VBI16VV3Q6Y
The Game - DragonForce	http://guitarflash.me/?gfcMus=G0U9NN870D7B
Solo - Cry Of The Brave - LoisGF	http://guitarflash.me/?gfcMus=AYJGFCBNIBXA
Bloom, Wildflowers - Mel	http://guitarflash.me/?gfcMus=MJ0KL6RJ5JY6
X - System Of a Down	http://guitarflash.me/?gfcMus=UKKKEHI1GCCT
Yesterday Is Dead And Gone  - ARCH ENEMY	http://guitarflash.me/?gfcMus=OL9GWDKU6N3I
Less Talk More Rokk - Freezepop	http://guitarflash.me/?gfcMus=XRV534R148X2
[Demon Slayer] Homura - LiSA	http://guitarflash.me/?gfcMus=GS3MFMJTKFNY
Jester Realm - Twilightning	http://guitarflash.me/?gfcMus=TLS2EW161JY3
Still Waiting - Sum 41	http://guitarflash.me/?gfcMus=5YRXDA03UBQJ
The Night - Disturbed	http://guitarflash.me/?gfcMus=LX007V1DPJN2
Ties That Bind - Alter Bridge	http://guitarflash.me/?gfcMus=HGRLHQA45J1U
Crying In The Club - Camila Cabello	http://guitarflash.me/?gfcMus=FB846VGYAQGG
My Apocalypse - Metallica	http://guitarflash.me/?gfcMus=P5JRDQFGSFOV
Enigma - TheEruptionOffer, Sidney600, and Gam	http://guitarflash.me/?gfcMus=B020DK82W607
Scars of Yesterday - DragonForce	http://guitarflash.me/?gfcMus=QHDPGUWB21P6
Solo - Heroes Of Our Time - Dragonforce	http://guitarflash.me/?gfcMus=AGJ0B79CVNFA
Shape Of You - Ed Sheeran	http://guitarflash.me/?gfcMus=IH9F7XIW474D
Red Hot Chili Peppers - Dani California [Offi	http://guitarflash.me/?gfcMus=XEW42K4TCQXL
El ultimo vals - Saratoga	http://guitarflash.me/?gfcMus=N9CTV3IL1O36
A Prophecy - Asking Alexandria	http://guitarflash.me/?gfcMus=3A87KBRYFN7G
Du Hast - Rammstein	http://guitarflash.me/?gfcMus=CJGPJBKENNLB
What You Know - Two Door Cinema Club	http://guitarflash.me/?gfcMus=1JCHXUHTVHII
L.A. Woman - The Doors	http://guitarflash.me/?gfcMus=Q9N04GIGVSIH
Knock Me Down - Red Hot Chili Peppers	http://guitarflash.me/?gfcMus=B01A5JJHH01T
Valkyrie Drive Mermaid Opening - Hitomi Harad	http://guitarflash.me/?gfcMus=QWT6P96403T6
Unity - TheFatRat	http://guitarflash.me/?gfcMus=H6G0VSIEAS36
City Of Gold - DragonForce	http://guitarflash.me/?gfcMus=J9JWS1U7CC8C
Patience - Guns N Roses	http://guitarflash.me/?gfcMus=6YIGOQM5UX4M
Valley Of The Damned - Dragonforce	http://guitarflash.me/?gfcMus=310626PQ84PI
Xanandra - Mago de Oz	http://guitarflash.me/?gfcMus=N1VU16S3GNH2
La Estrella Soy Yo - Maria Gabriela de Faria	http://guitarflash.me/?gfcMus=4G2RVN4U337T
Dawn Of Shred - Christian Muenzner	http://guitarflash.me/?gfcMus=GDN69Y0V168X
Track 1 Auckland - Top Gear 2	http://guitarflash.me/?gfcMus=0VI81TT2F4TU
X - System Of A Down	http://guitarflash.me/?gfcMus=Y0BKSYYTG17F
It Dwells In Me - All That Remains	http://guitarflash.me/?gfcMus=07P5OM3DEISH
This Day We Fight - Megadeth	http://guitarflash.me/?gfcMus=RRGOTUL9B31X
Eye For An Eye - Concerto Moon	http://guitarflash.me/?gfcMus=B7YN8QRBGQU2
The Chapeltown Rag - Slipknot	http://guitarflash.me/?gfcMus=WW61CN30B6EV
Clocks - Coldplay	http://guitarflash.me/?gfcMus=F4D5PA010WX0
Resident Evil 4 -- Stupid MF - Mindless Self	http://guitarflash.me/?gfcMus=58AOEHNAGQN2
Never Too Late - Three Days Grace	http://guitarflash.me/?gfcMus=6NIBFODB2X4J
O Retorno E De Jedi - Mr Catra & Os Templario	http://guitarflash.me/?gfcMus=T4QQVYEJD052
Savior - Rise Against	http://guitarflash.me/?gfcMus=MV233RRWREYD
I Cant Play The Blues - Bumblefoot	http://guitarflash.me/?gfcMus=A17RN5BFTDNE
Everlong - Foo Fighters	http://guitarflash.me/?gfcMus=C6X6E0K3MQ7Y
Solo SOTK Trans1p2 - Adriano Hipy	http://guitarflash.me/?gfcMus=OXWCTSRSN15N
Big Bang, A Teoria Abertura - GuilhermexGF	http://guitarflash.me/?gfcMus=57GUN653EWBU
1000 Times Goodbye - Megadeth	http://guitarflash.me/?gfcMus=AWVUXQ99DM7W
Raise My Sword - Galneryus	http://guitarflash.me/?gfcMus=U72DDG5KFILR
The Sound of Silence - Simon and Garfunkel	http://guitarflash.me/?gfcMus=YWKM3U6VHGHX
God of War IIIGH3 - The End Begins - No Artis	http://guitarflash.me/?gfcMus=WL3BDYVFNCED
Weight Of My Pride - Pay Money To My Pain	http://guitarflash.me/?gfcMus=4M6Q82QIKAO5
El Día del Destino - Adrian Barba	http://guitarflash.me/?gfcMus=TFRRJU8O7UH6
Chasing The Light - Nautiluz	http://guitarflash.me/?gfcMus=JWJQJXLEKD89
Civilized To Death  - DR LIVING DEAD	http://guitarflash.me/?gfcMus=APWEGH13LT10
Bohemian Rhapsody  - Queen	http://guitarflash.me/?gfcMus=RX997FPDKKWC
Threshold - Hammerfall	http://guitarflash.me/?gfcMus=SIIOCQQIK8UN
Absolute Zero - Stone Sour	http://guitarflash.me/?gfcMus=9YMRPNS2R0LE
The Spectre - Alan Walker	http://guitarflash.me/?gfcMus=9SQQV0BSN4QA
Supernovae Solo F - ArchWk (ft. Various)	http://guitarflash.me/?gfcMus=6EY09G6E89VB
( Re- Hamatora OP 2 ) Sen no Tsubasa - Takuro	http://guitarflash.me/?gfcMus=RPOVM5I4WTCF
Addicted To Pain - Alter Bridge	http://guitarflash.me/?gfcMus=W93J5EJNGNEK
Save the Population  - Red Hot Chili Pepper	http://guitarflash.me/?gfcMus=2TGABLPQDDTO
Hollow - Exilelord	http://guitarflash.me/?gfcMus=WHN1UGMMP3B4
Peephole - System of a down	http://guitarflash.me/?gfcMus=TYKA685LF7C0
minions lml - Los Minions	http://guitarflash.me/?gfcMus=O6R57E1URX0H
Paganini Concerto In B Minor - Michael Romeo	http://guitarflash.me/?gfcMus=D3XW2CK2TPI7
Rooftops - Lostprophets	http://guitarflash.me/?gfcMus=QCYD6MS4C5MW
Save Yourself - My Darkest Days	http://guitarflash.me/?gfcMus=E3W5YTB783UT
Beat It - John 5	http://guitarflash.me/?gfcMus=80RLBI7W3GW9
Austrian Death Machine - Rusty Cooley	http://guitarflash.me/?gfcMus=2RUBACHIW63O
Soothsayer - Buckethead	http://guitarflash.me/?gfcMus=0KKURI48UYT4
Psychobilly Freakout - The Reverend Horton He	http://guitarflash.me/?gfcMus=EJXTL2KPUQC5
The Black - Asking Alexandria	http://guitarflash.me/?gfcMus=PNNKS6Y6OQU0
Heavens Gate - Gate of Heaven.mp3 - No Artist	http://guitarflash.me/?gfcMus=K96YME53GLMN
Cranial Metropolis - Sarah Longfield	http://guitarflash.me/?gfcMus=XTG51LBE6M01
Metallica Rules - Michael Angelo Batio ft Met	http://guitarflash.me/?gfcMus=6RP7JXKME39J
Nothing To Say  - Slash Feat M Shadows	http://guitarflash.me/?gfcMus=AHB3QOE44J54
Cumbia Metalera - Los Querubines Negros Del M	http://guitarflash.me/?gfcMus=Q74RB8XSUTRV
Waiting For The End - Linkin Park	http://guitarflash.me/?gfcMus=BQFXIHMCFGRW
Beyond Oblivion - Trivium	http://guitarflash.me/?gfcMus=RWKPJB98MBUX
It´s My Life - Bon Jovi	http://guitarflash.me/?gfcMus=BWI0IUEKAJL7
Seven Nation Army - The White Stripes	http://guitarflash.me/?gfcMus=WPA5NRIHT1VE
alpoh	http://guitarflash.me/?gfcMus=41MAP1KWISRS
Jar of Hearts - Through Fire	http://guitarflash.me/?gfcMus=CMWYQEQC9CU9
Survival - In Hearts Wake	http://guitarflash.me/?gfcMus=8R8UQP2MTFC3
The Death Of me  - Asking Alexandria	http://guitarflash.me/?gfcMus=K43RFAH50TGP
Inside The Winter Storm - DragonForce	http://guitarflash.me/?gfcMus=KON713CLG212
Dance Dance - Fall Out Boy	http://guitarflash.me/?gfcMus=7C1YVSCC9M7Y
Catalyst - Slayer	http://guitarflash.me/?gfcMus=PW03MFVFQTSO
Blind Leading The Blind - Trivium	http://guitarflash.me/?gfcMus=PP0RCXI1JQXG
The Threat Is Real - Megadeth	http://guitarflash.me/?gfcMus=G5REQUA34P14
This War Is Ours  - Escape the Fate	http://guitarflash.me/?gfcMus=WNQWUKXTS15R
Coma - Black Tongue	http://guitarflash.me/?gfcMus=EQQ4M3WCVSJ8
Just Tonight - The Pretty Reckless	http://guitarflash.me/?gfcMus=9BTK5WFRPVKD
Prison Song - System Of A Down	http://guitarflash.me/?gfcMus=LAS3D1P463CY
Circus For A Psycho - Skillet	http://guitarflash.me/?gfcMus=UPTXTBNRUA4L
Ritual - Ghost B.C	http://guitarflash.me/?gfcMus=G97QKOUCH8S1
Dearly Beloved Kingdom Hearts Guitar Cover -	http://guitarflash.me/?gfcMus=QM90PTVXR3WL
Cry Thunder Solo - Adriano Hipy	http://guitarflash.me/?gfcMus=DHKIP0PDJHK1
Teras - Sylosis	http://guitarflash.me/?gfcMus=KW61DKCAGRM7
Ashes - Black Tide	http://guitarflash.me/?gfcMus=I59HVD09PKGW
Xanandra - Mago de Oz	http://guitarflash.me/?gfcMus=5DH8DQIUF1GR
Ace of Spades - Motorhead	http://guitarflash.me/?gfcMus=DUDEBAH2KAMN
Not Ready To Die - Avenged Sevenfold	http://guitarflash.me/?gfcMus=SQ86TF43RUEP
Eyeless - Slipknot	http://guitarflash.me/?gfcMus=LKXGS1PVHGBU
Daddy Discord - DBpony	http://guitarflash.me/?gfcMus=OOQP0H9OQHTG
Exodus - Blessthefall	http://guitarflash.me/?gfcMus=1VASPDHG8SIK
Ending  2 full de dragon ball super  -complet	http://guitarflash.me/?gfcMus=MSD1OOTEFXWV
Breaking Benjamin - The Diary of Jane - Music	http://guitarflash.me/?gfcMus=6J20H337ANPL
Debonaire - Dope	http://guitarflash.me/?gfcMus=N549G1XUTLAS
The Legacy - Black Veil Brides	http://guitarflash.me/?gfcMus=VXA4S9J5M9DC
Solo Suite - Schmutz06	http://guitarflash.me/?gfcMus=LUCG1LAG04KB
Bring-Me-The-Horizon - ShadowMoses	http://guitarflash.me/?gfcMus=GQEASQIPFCL7
Public Display Of Dismemberment - Slayer	http://guitarflash.me/?gfcMus=C6T0OVJCC77T
[Naruto Shippuden] Lovers - SevenOops	http://guitarflash.me/?gfcMus=XV5HOGBIBQ2S
Cleansing The Soul - John 5	http://guitarflash.me/?gfcMus=L9WF55WQNK0Q
Padmasana - Buckethead	http://guitarflash.me/?gfcMus=3CXK5X1UYOE7
We Three Kings - Steve Ouimette	http://guitarflash.me/?gfcMus=EKU2V66X6QD3
Vital Mission In The Spanish Desert - EZUKA	http://guitarflash.me/?gfcMus=8BYQWS6DF87I
Soy Un Cacahuate - Bob Esponja	http://guitarflash.me/?gfcMus=YFK1SX8U93NA
The Man Who Sold The World - Nirvana	http://guitarflash.me/?gfcMus=6WS94VRVVRQI
What is up people OP1 Death Note - Haximum Th	http://guitarflash.me/?gfcMus=SEHW5UPIQYOS
The Take Over, The Breaks Over - Fall Out Boy	http://guitarflash.me/?gfcMus=6KXGMXPPL9E7
Mulher de Fases - Raimundos	http://guitarflash.me/?gfcMus=AOAGVNCSH2NC
argos - ozielzinho	http://guitarflash.me/?gfcMus=UJ25L1HDM7LL
TEARS (REMIX ver.) - Kyo Kusanagi	http://guitarflash.me/?gfcMus=GX9DE4UEBUGB
Operation Evolution - Dimrain47	http://guitarflash.me/?gfcMus=Y12Q07Y0GKW8
Fur Elise   - Ludwig Van Beethoven	http://guitarflash.me/?gfcMus=J1XL2888U2BF
Here Without You - 3 Doors Down	http://guitarflash.me/?gfcMus=1BQVYAT8MJLC
Black Masquerade - Hazy Hamlet	http://guitarflash.me/?gfcMus=WHNVRGGRI6MG
DBZ - Batalla de los dioses Flow Hero latino.	http://guitarflash.me/?gfcMus=LYMVX95EMVDP
Vicinity Of Obscenity - System Of A Down	http://guitarflash.me/?gfcMus=I3TNPR7IDI13
What If I Was Nothing - All That Remains	http://guitarflash.me/?gfcMus=RH1QFRMXYUFH
Tears Don t Fall ( Part 2 ) - Bullet For My V	http://guitarflash.me/?gfcMus=TSMEXR40AG6T
Dont Talk To Strangers - Dio	http://guitarflash.me/?gfcMus=C3BH5PN9QDGL
Moth Into Flame - Metallica	http://guitarflash.me/?gfcMus=7WNB9HRFKSF0
Reclaim This Gold - Beheading Of A King	http://guitarflash.me/?gfcMus=HYNKK8J688VF
siege easy part - Buckethead	http://guitarflash.me/?gfcMus=7T0UXOLS2T19
La Vaca y el Pollito ( Entrada ) - LeonardoGF	http://guitarflash.me/?gfcMus=IKYEUBM0O06V
Its Over When Its Over - Falling In Reverse	http://guitarflash.me/?gfcMus=FSABI27UBKXU
Two Minds One Soul - Sonata Arctica	http://guitarflash.me/?gfcMus=FM96Q0K9OT4K
Ella - Plan 4	http://guitarflash.me/?gfcMus=V2OPE1FTJK5W
Gate Of Triumph - Concerto Moon	http://guitarflash.me/?gfcMus=ED48PNPEDFH3
The Evil King - Kai Fansings	http://guitarflash.me/?gfcMus=N8FKOPM83HP8
R U Mine - Arctic Monkeys	http://guitarflash.me/?gfcMus=DJ77YAM7GTBE
Yesterday - Pas Band	http://guitarflash.me/?gfcMus=VLFGH3DOXGCO
Hyperspeed Neoclassic Shred  - Trans Siberian	http://guitarflash.me/?gfcMus=FXFBBAJP1LFT
Replica - Fear Factory	http://guitarflash.me/?gfcMus=7WO3FRQ6L7RD
IX - Trivium	http://guitarflash.me/?gfcMus=DPA225N8WJS2
Game Over - Mike Orlando	http://guitarflash.me/?gfcMus=IYIFSCSKIW8A
Solo Fury Só Metralhas - Adriano Hipy	http://guitarflash.me/?gfcMus=FDWJN72DMA77
Zero - NewJeans	http://guitarflash.me/?gfcMus=WKUPO2A3WJL5
Dont Stop Me Now - Queen	http://guitarflash.me/?gfcMus=K44MD9BASVS3
A Little Piece Of Heaven - Avenged Sevenfold	http://guitarflash.me/?gfcMus=IBGUQMOXHWK0
The Raising Fighting Spirit #2 - Naruto	http://guitarflash.me/?gfcMus=8M7KSVJALY66
21 Guns - Green Day	http://guitarflash.me/?gfcMus=EMDDF4LY0E4O
This Aint A Scene, Its An Arms Race - Fall Ou	http://guitarflash.me/?gfcMus=SK7UYCBLX6WS
Still Into You - Paramore	http://guitarflash.me/?gfcMus=BOT0EGO9JIDW
We Are Number One - MrGregMurphy	http://guitarflash.me/?gfcMus=HE4Y068P0TBG
Castelo De Amor - Trio Parada Dura	http://guitarflash.me/?gfcMus=189PK49WEL7D
Ben Sahar - Behemoth	http://guitarflash.me/?gfcMus=EPVJQIFFSKUN
Jessy - Buckethead	http://guitarflash.me/?gfcMus=TFRQMLWJLN56
To Be Loved - Papa Roach	http://guitarflash.me/?gfcMus=8960KKNI7F60
Patterns 4+ - Schmutz06	http://guitarflash.me/?gfcMus=LMJ47B4RENJ8
The Gift Of Music - Dream Theater	http://guitarflash.me/?gfcMus=8HR9GVP8HAEW
Inside The Eye - Eyes Set to Kill	http://guitarflash.me/?gfcMus=W37HDIS8QK8F
Come To Life - Alter Bridge	http://guitarflash.me/?gfcMus=RY8DVDVWXG8B
Guitar Solos - Angra	http://guitarflash.me/?gfcMus=JFK1NU7ODVPM
Decadence - Disturbed	http://guitarflash.me/?gfcMus=4JOF8PQID8L7
Avenged Sevenfold - Shepherd Of Fire [Officia	http://guitarflash.me/?gfcMus=6BIJ641JU94P
Body Breakdown - DragonForce	http://guitarflash.me/?gfcMus=PBK53AS7SJUS
Cease To Exist - Suicide Silence	http://guitarflash.me/?gfcMus=91GFB6FI84MX
Venom - Bullet For My Valentine	http://guitarflash.me/?gfcMus=7WRIYMS6UDE5
Carry On - Avenged Sevenfold	http://guitarflash.me/?gfcMus=XV4QI6DSACQF
Jim Yosef - Eclipse [NCS Release]	http://guitarflash.me/?gfcMus=XANWNYF3QX5I
Leave Everything Behind - Amaranthe	http://guitarflash.me/?gfcMus=E09NN15JO4G3
To Plant A Seed - We Came As Romans	http://guitarflash.me/?gfcMus=QD0Y65V3QTMM
Right Now (Na Na Na) [Akon Cover] - Asking Al	http://guitarflash.me/?gfcMus=GHURMAURSHCB
Old School Boogie - Mike Orlando	http://guitarflash.me/?gfcMus=PQYT6F3AQ6MF
Farewell II Flesh - Ice Nine Kills	http://guitarflash.me/?gfcMus=1NKSRY89ILSA
Demiurge - Meshuggah	http://guitarflash.me/?gfcMus=MU2CH399ELAN
Attack on Titan  Shinzou wo Sasageyo -	http://guitarflash.me/?gfcMus=OCKVNYBU7CJH
The Werewolf Of Westeria - John 5	http://guitarflash.me/?gfcMus=YC2TIJDEGVWC
musica rota - musica rota	http://guitarflash.me/?gfcMus=YPUP4U53HOXX
War of the Angels - Rusty Cooley	http://guitarflash.me/?gfcMus=UFNJWHVTA361
Chainsaw Man Ending 01 - Vaundy	http://guitarflash.me/?gfcMus=NGTXMC10UV6M
Time is Running Out - Muse	http://guitarflash.me/?gfcMus=7JO9CPT4733K
Final Revo - Dragonforce	http://guitarflash.me/?gfcMus=WDG8HVBQ6M63
Cry for Eternity SOLO - DragonForce	http://guitarflash.me/?gfcMus=K1IXNKTJJ4PD
6° y 7° SP SOY - TSDASHER	http://guitarflash.me/?gfcMus=BT7MGN4VT8HS
Pasen Y Beban - Mägo de oz	http://guitarflash.me/?gfcMus=984LIJCO53IV
Fury Hard 4 SP - Adriano Hipy	http://guitarflash.me/?gfcMus=NY1ED5WSDVS5
ScarsSolo - Eminem	http://guitarflash.me/?gfcMus=4WI2227RT7M7
Keep On Loving You - Reo Speedwagon	http://guitarflash.me/?gfcMus=HAQ9PF7HPM7X
Solo Fire In The Sky by Yngwie Malmsteen - Yn	http://guitarflash.me/?gfcMus=M8XMP0ST3BN2
Silver & Gold - Primal Fear	http://guitarflash.me/?gfcMus=KPBWR80LK9R3
Sixcalibur - Angus McSix	http://guitarflash.me/?gfcMus=KY34HX2R72AI
No Remorse - Metallica	http://guitarflash.me/?gfcMus=JRD5Q86KFMQJ
Remember Opening 8 - Naruto	http://guitarflash.me/?gfcMus=EANUVT651WQ6
Chupacabra - Zakk Wylde	http://guitarflash.me/?gfcMus=1HT28661H4FA
What The Dead Men Say - Trivium	http://guitarflash.me/?gfcMus=OQBVX893L1W3
Monkey Wrench - Foo Fighters	http://guitarflash.me/?gfcMus=8BYP0KV9T0VI
High-Max Triple Speed - DestructorF	http://guitarflash.me/?gfcMus=PFXTFRKAIIMB
Solos - Arch enemy	http://guitarflash.me/?gfcMus=OPDOKBX0U985
To Your Town - ASIAN KUNGFU GENERATION	http://guitarflash.me/?gfcMus=DUE9SUQ90XLO
Go To Hell - Megadeth	http://guitarflash.me/?gfcMus=5GXOF3OPS18C
Classical Metal X - Pergamum	http://guitarflash.me/?gfcMus=NY0H5UR75JS4
Monster - Skillet	http://guitarflash.me/?gfcMus=G408JNAW46BB
[Naruto Shippuden] Heros Come Back - Nobodykn	http://guitarflash.me/?gfcMus=5K3NC3QFWSDB
Tender Surrender - Steve vai	http://guitarflash.me/?gfcMus=MBGS45D4BA20
Come on Feel the Noise - Quiet Riot	http://guitarflash.me/?gfcMus=2YIBEP7SM8BY
The Kids are not Alright - The Offspring	http://guitarflash.me/?gfcMus=5JCB2UKEPC0V
Gimme Gimme Gimmie - Yngwie Malmsteen	http://guitarflash.me/?gfcMus=4RE5K55EJGTV
Prodigy - Schmutz06	http://guitarflash.me/?gfcMus=NRE33QTQ908K
The Game - Motörhead	http://guitarflash.me/?gfcMus=UQOHTNUJCBH6
Savin Me - Nickelback	http://guitarflash.me/?gfcMus=RRAP28BNEVEG
Queen of Hearts - TWICE	http://guitarflash.me/?gfcMus=HT95OA1NQIA7
Now - Paramore	http://guitarflash.me/?gfcMus=S6QBEMQCKU54
[JoJos Bizarre Adventure] Sono Chi no Sadame	http://guitarflash.me/?gfcMus=SR7CCUTWB7EO
SENTIMIENTO VILLERO - PIBES CHORROS	http://guitarflash.me/?gfcMus=620U0DWLF9V8
Try It Out - Skrillex	http://guitarflash.me/?gfcMus=XD9F6W13E0VK
The Hell Song - Sum 41	http://guitarflash.me/?gfcMus=51H5X5TBTH5N
My Demons - Starset	http://guitarflash.me/?gfcMus=FGC6SKE467LF
[Magi the Labyrith of Magic] V.I.P - SID	http://guitarflash.me/?gfcMus=Y9KL9W9T2ITE
Angel In the Dark - Black Tide	http://guitarflash.me/?gfcMus=S6TW1HY81XGI
Live For The Kill - Amon Amarth	http://guitarflash.me/?gfcMus=FT0VPQ41WFNW
Carry On - Angra	http://guitarflash.me/?gfcMus=RQKCURUHM7O1
Diary of Jane - Breaking Benjamin	http://guitarflash.me/?gfcMus=MHEK6TIYTBWI
Man On a Mission - Gamma Ray	http://guitarflash.me/?gfcMus=MAL87KU771DG
Were Through - Smile Empty Soul	http://guitarflash.me/?gfcMus=G8LP84BNLSED
Dont Stop - 5 Seconds Of Summer	http://guitarflash.me/?gfcMus=DPA82E49PPSP
Inverted - Shaka22	http://guitarflash.me/?gfcMus=JKKQFN8BD3JS
Garnachas - Vete A La Versh	http://guitarflash.me/?gfcMus=V3IKYSIASU63
Arashi no Saxophone 2-MIX- - IORI YAGAMI	http://guitarflash.me/?gfcMus=JKMEW01H1LJ7
Adventure Of A Lifetime - Coldplay	http://guitarflash.me/?gfcMus=SMUMJXJV9SAT
Godzilla  - Lil Boner-Gay Parodies	http://guitarflash.me/?gfcMus=2RO41N0PY1GV
And The Snakes Start To Sing - Bring Me The H	http://guitarflash.me/?gfcMus=FAED92I2EBR9
Holographic Universe - Scar Symmetry	http://guitarflash.me/?gfcMus=CST2048Y6922
song - band name	http://guitarflash.me/?gfcMus=D2YNW7FWIK19
Play With Me Solo Invertido no yellowblue - A	http://guitarflash.me/?gfcMus=F9KJLIOPQ932
Beautiful In Blue - Alesana	http://guitarflash.me/?gfcMus=MLT41WI90YN3
Sanctus Dominus - Powerwolf	http://guitarflash.me/?gfcMus=DTM24T1VRKW8
The Glory Of The Sacred Truth - Edu Falaschi	http://guitarflash.me/?gfcMus=X2YU5JOH6ULJ
Guitar Hero 3  -  Tom Morello	http://guitarflash.me/?gfcMus=AVYGKLH6UPJB
Seu Madruga Tylenol - Mestre3224	http://guitarflash.me/?gfcMus=E4NH92H8EK89
Hearts Burst Into Fire - Bullet For My Valent	http://guitarflash.me/?gfcMus=IO8RCWGLHPMM
Lonely Travel - FunnyGame	http://guitarflash.me/?gfcMus=KWA8YXN6CJXC
Leech - Battlecross	http://guitarflash.me/?gfcMus=U5C3HB0U22J0
40 Days - Blessthefall	http://guitarflash.me/?gfcMus=P0FKM1BFP1V9
Spiritual Healing - Death	http://guitarflash.me/?gfcMus=6LOURMG006FM
The Lead Sprinkler - Jhon 5	http://guitarflash.me/?gfcMus=1R3XIBK9HVPK
Beat It - Michael Jackson	http://guitarflash.me/?gfcMus=WPENIWVYIF7S
Ekustendokaneishon - Xi	http://guitarflash.me/?gfcMus=KPDK8JTR8RQH
Haikyuu!! Opening 1	http://guitarflash.me/?gfcMus=BC2YME1UW00N
Girlfriend - Avril Lavigne	http://guitarflash.me/?gfcMus=10O8BVW4DYAH
Skrillex - First Of The Year	http://guitarflash.me/?gfcMus=PGO1MYKGI3C4
Burn it Down - Avenged Sevenfold	http://guitarflash.me/?gfcMus=0BXW5Y45DRKH
Carry On - Angra	http://guitarflash.me/?gfcMus=1UHMYK18LM54
Sweet Dreams - Marilyn Manson	http://guitarflash.me/?gfcMus=A8YESFAXUJJR
Mario theme song (Heavy Metal Version) - mari	http://guitarflash.me/?gfcMus=5VAP5NUHHWNL
Army Of Noise - Bullet For My Valentine	http://guitarflash.me/?gfcMus=2MMQUAVQQ3AB
Offered Eruption - Joedamillio	http://guitarflash.me/?gfcMus=A4MFOY8GKQQL
Openings Anime Latino 3  - The Covers	http://guitarflash.me/?gfcMus=GOMALSYK7XV1
Guren No Yumiya Meets Metal - Shingeki No Kyo	http://guitarflash.me/?gfcMus=WAULNNE93BRD
Dragonforce - Scars of Yesterday [www.slider.	http://guitarflash.me/?gfcMus=2J0EO8LTTS87
Gimme Chocolate - Babymetal	http://guitarflash.me/?gfcMus=OJHONWRUCMP0
Wake Up Dead - Megadeth	http://guitarflash.me/?gfcMus=W5WL6NR2X3LK
BPM210 Shanghai Alice - Unlucky Morpheus	http://guitarflash.me/?gfcMus=48C2J9PYWU05
Hangar 18 - Megadeth	http://guitarflash.me/?gfcMus=C7K0S3DM5S90
Chala Head Chala - Dragon Ball Z	http://guitarflash.me/?gfcMus=85T1F4L0WMET
My Own Enemy - Thousand Foot Krutch	http://guitarflash.me/?gfcMus=6ALBVYFBI94R
Dead Art In Plainfield - John 5	http://guitarflash.me/?gfcMus=HW4JS9GJ0E5G
Dans Patterns - Charted by hvjhgc	http://guitarflash.me/?gfcMus=5SOX5N3ASVX8
Storming The Burning Fields - Dragonforce	http://guitarflash.me/?gfcMus=574HRKERRAJW
My Name Is Jonas - Weezer	http://guitarflash.me/?gfcMus=DAWFABOME6O3
Beethoven a Ritmo de Metal - null	http://guitarflash.me/?gfcMus=DTG3AG1FGMLP
[K ON] Rainbow JakkaJan - facebookcomOmegaCha	http://guitarflash.me/?gfcMus=MN8Y10VAIHRW
Dragon Ball GT Opening - Dragon Ball GT	http://guitarflash.me/?gfcMus=D0JXDB2HWB3D
Small boat should leave the shore - Bodyslam	http://guitarflash.me/?gfcMus=ABDCN089KHAL
Dying Breed - Five Finger Death Punch	http://guitarflash.me/?gfcMus=L26P852SUQ4E
I Love Rock n Roll - Joan Jett & The Blackhea	http://guitarflash.me/?gfcMus=CQHRY2WJU5RX
I Cant Dance - Genesis	http://guitarflash.me/?gfcMus=57IFS7NSN6ML
Alex Kidd in Shiboni World - Master System 3	http://guitarflash.me/?gfcMus=F3GQC59XG09E
Millennia - Crown The Empire	http://guitarflash.me/?gfcMus=OMSTSLADEKHS
Meticulous Invagination - Aborted	http://guitarflash.me/?gfcMus=CEDL4VSUYIGD
The Black - Asking Alexandria	http://guitarflash.me/?gfcMus=EPUH21B9MYON
Dosed - Red Hot Chili Peppers	http://guitarflash.me/?gfcMus=XKYC6X2WDQFJ
Angel Of Death  - Slayer	http://guitarflash.me/?gfcMus=HNIBEQ41WCW7
All The Love In The World - The Outfield	http://guitarflash.me/?gfcMus=ARNENGK8S8Q6
Renata - Tihuana	http://guitarflash.me/?gfcMus=U8TBPX4GGGMX
Trip The Darkness - Lacuna Coil	http://guitarflash.me/?gfcMus=SINS95WT34TS
Dead - My Chemical Romance	http://guitarflash.me/?gfcMus=YC8XFXJQYSVH
Someone Somewhere - Asking Alexandria	http://guitarflash.me/?gfcMus=ESC2Q3VFRRX8
Kuta Rock City - Superman Is Dead	http://guitarflash.me/?gfcMus=1GWNU1FWX6QO
War March - Andy James	http://guitarflash.me/?gfcMus=YMCIU81H3BU0
Holiday In Cambodia - Dead Kennedys	http://guitarflash.me/?gfcMus=17J7RHD2NRSY
Waves - The Black	http://guitarflash.me/?gfcMus=WQ6LVEUUJE8Y
Detonation - Trivium	http://guitarflash.me/?gfcMus=SM0SBT9HY5XY
FAKE LOVE (Metal Cover) - BTS	http://guitarflash.me/?gfcMus=88J1YPY83NRB
Hot For Teacher - E Van Halen	http://guitarflash.me/?gfcMus=0M97H5U7EUJV
18 And Life - Skidrow	http://guitarflash.me/?gfcMus=7JW1NO3QYPE4
BabyMetal - Doki Doki Morning - BabyMetal	http://guitarflash.me/?gfcMus=OYYPYKSH45GQ
WE THE UNITED - LOVEBITES	http://guitarflash.me/?gfcMus=NQIJ4FMYQXVY
High Voltage - AC/DC	http://guitarflash.me/?gfcMus=HAVFHBX3FYU3
Engravings - Ethan Bortnick	http://guitarflash.me/?gfcMus=2J3U5BY0O68Y
Fucking Hostile - Pantera	http://guitarflash.me/?gfcMus=UESR4FNQTG5T
DNA 2 - Sidney 600	http://guitarflash.me/?gfcMus=5W5AYGNJ5EO6
Fortune Faded - Red Hot Chili Peppers	http://guitarflash.me/?gfcMus=T0LP5HRK2QC3
Pillars of Serpents - Trivium	http://guitarflash.me/?gfcMus=9R09F090UX17
Paper Tiger - Arch Enemy	http://guitarflash.me/?gfcMus=KEBYFMHX6M3M
Shingeki no Kyojin OP  - No Artist Set	http://guitarflash.me/?gfcMus=JL8H316G4HLU
infectus - tobu	http://guitarflash.me/?gfcMus=5UHQBC6F85MR
The Strays - Sleeping With Sirens	http://guitarflash.me/?gfcMus=DJHNOT05G7XC
We Three Kings - Steve Ouimette	http://guitarflash.me/?gfcMus=1CH96PAEE8BR
New Legend - Galneryus	http://guitarflash.me/?gfcMus=RABWR2WLEDK6
original - No Artist Set	http://guitarflash.me/?gfcMus=E9XFWNTJGJ1Q
OPENING 18  - Naruto Shippuden	http://guitarflash.me/?gfcMus=758NWJOKMBNV
Mess Of Me - Switchfoot	http://guitarflash.me/?gfcMus=1DDVEL3RWQO0
Impulse - An Endless Sporadic	http://guitarflash.me/?gfcMus=0VNFN75XBV5Y
Por Que Es Tan Dificil Amar - Rata Blanca	http://guitarflash.me/?gfcMus=QT363W21FARO
opening sogeking - one piece	http://guitarflash.me/?gfcMus=JQL2BQ1S7Q2Q
Maximum Overload Solos - Dragonforce	http://guitarflash.me/?gfcMus=WVAIAK6DFDDA
Hooligans - Issues	http://guitarflash.me/?gfcMus=XSNBD2H2IKBU
LLEGAMOS LOS PIBES CHORROS - PIBES CHORROS	http://guitarflash.me/?gfcMus=WST2781H2DMP
The Duel - Rusty Cooley	http://guitarflash.me/?gfcMus=HJE6HILA1ERK
Psycho - Muse	http://guitarflash.me/?gfcMus=D1EJ64TJLS4X
Homage For Satan - Deicide	http://guitarflash.me/?gfcMus=SG3U8VNLMX3T
Your Betrayal - Bullet For My Valentine	http://guitarflash.me/?gfcMus=CHXGTUPM1FIP
Total Eclipse of the Chart - Callum Williams	http://guitarflash.me/?gfcMus=UAHQ4I0YD8OO
I Wish I Had An Angel - Nightwish	http://guitarflash.me/?gfcMus=1L3ESIQHOLJ1
Kings And Queens - Aerosmith	http://guitarflash.me/?gfcMus=3VQYMK21MBXE
Alone  - Marshmello	http://guitarflash.me/?gfcMus=0SY4EE550TEV
Lullaby - Nickelback	http://guitarflash.me/?gfcMus=3LLG1S5JO9MU
Holy Thunderforce - Rhapsody of Fire	http://guitarflash.me/?gfcMus=KSYC6SV5I0TT
Lutar Pelo Que É Meu  - Charlie Brown Jr.	http://guitarflash.me/?gfcMus=VVKX5MY19AB8
Soulless - Exilelord	http://guitarflash.me/?gfcMus=87NI0ERGLMFQ
Chala Head-Chalá - Dragon Ball Z	http://guitarflash.me/?gfcMus=VCXNMF475KR7
Goyang Dumang Versi Metal - Cita Citata Edito	http://guitarflash.me/?gfcMus=4S7Y8NYP7II2
Kino Der Toten | 115 - Elena Siegman	http://guitarflash.me/?gfcMus=S8AI9M1T0MKQ
Unbreakable - Fireflight	http://guitarflash.me/?gfcMus=4PH0LBUMMPGK
Alan Walker - Force [NCS Release]	http://guitarflash.me/?gfcMus=9Q6NOX7TL8OM
Believer - Almah	http://guitarflash.me/?gfcMus=S0MJ59AJALCF
Not The American Average - Asking Alexandria	http://guitarflash.me/?gfcMus=DAX7FLNCFK1G
The Virus of Life - Slipknot	http://guitarflash.me/?gfcMus=F9GB2X3P99FX
Numb - linkin park	http://guitarflash.me/?gfcMus=IJ20H6UW63HA
Changes - SOLO hard - Eletro house Music - Ma	http://guitarflash.me/?gfcMus=ORYFO3F2X2MH
Fatal Envy - Jacky Vincent	http://guitarflash.me/?gfcMus=XO60DPI2CI8W
Evil - Heavenly	http://guitarflash.me/?gfcMus=SKDXYI6SUUJX
Cannibalism - 5150	http://guitarflash.me/?gfcMus=W0MGHRYQ4XTG
Dancing On Nails - We Are Harlot	http://guitarflash.me/?gfcMus=CM2BGB7Q5QN1
Carry on wayward son  - Yngwie Malmsteen	http://guitarflash.me/?gfcMus=F3K0VPUXXYWI
Sex Rap  - Red Hot Chili Peppers	http://guitarflash.me/?gfcMus=3N6D5S4MK71U
Solos - Varios Artistas	http://guitarflash.me/?gfcMus=1VFSE826Q7I3
Solo - Metallicais1337	http://guitarflash.me/?gfcMus=TANS7FL1PO0U
Wishmaster - Nightwish	http://guitarflash.me/?gfcMus=33LW5X8TBW4U
Im Not A Vampire - Falling In Reverse	http://guitarflash.me/?gfcMus=W8CCX7JHG3OR
Eye For An Eye - Concerto Moon	http://guitarflash.me/?gfcMus=ENASPHN84J4A
Sick Of It - Skillet	http://guitarflash.me/?gfcMus=HTLCKMBYL02I
Rising Force - Yngwie Malmsteen	http://guitarflash.me/?gfcMus=YBAV52EIFXU6
Bubbles - System of a Down - ATUALIZANDO !!!	http://guitarflash.me/?gfcMus=MXQFSEIVCAO5
Raise Your Hands - Ummet Oscan	http://guitarflash.me/?gfcMus=RWG7LE6VJ4UI
Galaxy Touring - Andragonia	http://guitarflash.me/?gfcMus=T74PK0W5AEKV
Hold Me Forever - Buckethead	http://guitarflash.me/?gfcMus=WBO9BXQLX8HX
Will To Kill - catafalc	http://guitarflash.me/?gfcMus=KDEK2HPUMPE1
Dead Flowers - Demon Hunter	http://guitarflash.me/?gfcMus=UKXNN4E0J0L6
One Day Remains - Alter Bridge	http://guitarflash.me/?gfcMus=TEUICGCC9N47
A Different Side Of Me - Allstar Weekend	http://guitarflash.me/?gfcMus=QYHPCDN9XCUK
Ballad of The Goddess - Artificial Fear	http://guitarflash.me/?gfcMus=6QQ2XR4XFYLK
NO PULO DE UMA PULGA - NO SALTO DO SARUE	http://guitarflash.me/?gfcMus=9PB1XW4NBJB3
Destiny Solo - Adriano Hipy	http://guitarflash.me/?gfcMus=5X47N6C3Q41I
Guilty All The Same - Linkin Park	http://guitarflash.me/?gfcMus=2J1BWIQF1588
Triplas De Sugar  - System Of A Down	http://guitarflash.me/?gfcMus=UWVWL5TCOVX8
Love Machine - Babymetal	http://guitarflash.me/?gfcMus=VN6HIIH4BAQU
Killpop - Slipknot	http://guitarflash.me/?gfcMus=MBCKHS19EHQV
Teto De Vidro - Pitty	http://guitarflash.me/?gfcMus=FJRSFCAR4IDY
Fight To Be Free - Dragonforce	http://guitarflash.me/?gfcMus=1BQWVI4C7RXB
Fatality - Vadim Pruzhanov	http://guitarflash.me/?gfcMus=28YC44HKEPK4
Red Hot Chili Peppers - The Adventures of Rai	http://guitarflash.me/?gfcMus=UJXRWN0LJHLT
Spanish Fly - Van Halen	http://guitarflash.me/?gfcMus=ITDR3D3LSYFL
Resurrection - Metallicais1337	http://guitarflash.me/?gfcMus=8HXDDBVK06D2
Sioux City Sarsaparilla - Alexi Laiho	http://guitarflash.me/?gfcMus=XDB9Q9158GJL
Blackbone - Gojira	http://guitarflash.me/?gfcMus=PYSY5F92KC6V
Mirrors - Every Man Is An Island	http://guitarflash.me/?gfcMus=Q2T0QMRD0RN1
Jaws Of Life - John Petrucci	http://guitarflash.me/?gfcMus=K6OJGA9DOU73
Listen Up - Falling In Reverse	http://guitarflash.me/?gfcMus=FT48IVBNEWBO
Once in a Lifetime - Dragonforce	http://guitarflash.me/?gfcMus=LJAO8FIL6TWT
InFerno - New	http://guitarflash.me/?gfcMus=JLDR4FHNTA9M
Dragon Ball Super New Opening  - Limit Break	http://guitarflash.me/?gfcMus=HHEFWT3NML3V
Gimme Chocolate - BABYMETAL	http://guitarflash.me/?gfcMus=FUW7RLKN13OU
Niwaka Ame Nimo Makezu (naruto shippuden op13	http://guitarflash.me/?gfcMus=9LY9TPI5TVJK
Live Forever - Sixx:A.M	http://guitarflash.me/?gfcMus=SDEFQJ28AED2
Entrenamiento mano derecha - No Artist Set	http://guitarflash.me/?gfcMus=R8LP772DG761
mirai nikki - opening 3	http://guitarflash.me/?gfcMus=RY0EHEFEYVA5
Times Like These - Bless The Fall	http://guitarflash.me/?gfcMus=HRXQ0AJO2IN4
Rubiks Cube - Hatsune Miku	http://guitarflash.me/?gfcMus=64LP9XBE4RL8
Damage Inc - Metallica	http://guitarflash.me/?gfcMus=JIR11N0LQHUA
Play With Me Solo Invertido - Adriano Hipy	http://guitarflash.me/?gfcMus=GHWG0UY318OP
Guitar Battle - Puppetz	http://guitarflash.me/?gfcMus=BWIYLL4FOC98
Shred - Overkill	http://guitarflash.me/?gfcMus=DIK8EGXVC2WQ
Thank You for the Venom - My Chemical Romance	http://guitarflash.me/?gfcMus=BD1W8C0I3YO0
Escape From The City - Tony Harnell	http://guitarflash.me/?gfcMus=3T53D1O7XS7D
Emperors New Clothes - Panic! At The Disco	http://guitarflash.me/?gfcMus=8PE7S1MHMXS7
Hills Of Eternity - Buckethead	http://guitarflash.me/?gfcMus=5242LQ8GC17C
Consciousness - Persefone	http://guitarflash.me/?gfcMus=UYATGPRNETP2
GENTLEMAN - PSY	http://guitarflash.me/?gfcMus=0FFT4T74YIN5
Roupa Nova - Roupa Nova	http://guitarflash.me/?gfcMus=EXM6EYOQLVQC
Done With Everything - Children of Bodom	http://guitarflash.me/?gfcMus=3CYBB80K03QL
Trills For Eternity!!!!!!!!! - Dragonforce	http://guitarflash.me/?gfcMus=OPJQO9J26PJA
Devil - Cocobat	http://guitarflash.me/?gfcMus=YXM68VOKPPSO
One Day Remains - Alter Bridge	http://guitarflash.me/?gfcMus=680DRXH8NBPR
Admiravel Chip Novo - Pitty	http://guitarflash.me/?gfcMus=GTOPPEDN24DL
Guitar Flash 2 Solo - Andragonia	http://guitarflash.me/?gfcMus=WONABHFSPQHD
Planet Of The Grapes ADAPTADA - Berried Alive	http://guitarflash.me/?gfcMus=LUDE74P6TOWB
Crack The Sky - Buckethead	http://guitarflash.me/?gfcMus=9V3N6YT1QHUF
So Alone - The Offspring	http://guitarflash.me/?gfcMus=766P7FTR76O8
Skinnyman - Static-X	http://guitarflash.me/?gfcMus=DYLW0N7EYPE2
Saint of My Life - Superman Is Dead	http://guitarflash.me/?gfcMus=P1DX3XSEMQ8U
This Calling - All That Remains	http://guitarflash.me/?gfcMus=PUF8UP8TA52C
I m Not A Vampire - Falling in Reverse	http://guitarflash.me/?gfcMus=7DUSJC5NWOW6
Hilangnya Seorang Gadis - DFlowers	http://guitarflash.me/?gfcMus=K2GYXGYQ3YQO
Whore - In this Moment	http://guitarflash.me/?gfcMus=40W0TUF75DQ1
Misery Business - Cole Rolland	http://guitarflash.me/?gfcMus=WBOEEXWG565K
Superbeast - Rob Zombie	http://guitarflash.me/?gfcMus=82KCNQORB9XS
Ocean Man - Ween	http://guitarflash.me/?gfcMus=MYARREY9Y0QE
Solo Cry Parte 5 - Adriano Hipy	http://guitarflash.me/?gfcMus=LUCN1UQGS9KX
Ultimate Sacrifice - Galneryus	http://guitarflash.me/?gfcMus=I06CGX7P1GAY
Waiting For - Yo Reiri	http://guitarflash.me/?gfcMus=BDRAFRGOVOEF
( JoJos Bizarre Adventure Opening 6 ) Chase -	http://guitarflash.me/?gfcMus=EDX9Y0GSG8UL
God Knows - Aya Hirano	http://guitarflash.me/?gfcMus=HAR3MF1LIPJB
Sexy Drug - Falling In Reverse	http://guitarflash.me/?gfcMus=VB1B3QWDS3RL
Final Redemption - Xenogenocide	http://guitarflash.me/?gfcMus=BSERUV1FLXGL
Chop Suey Tongo - DragonFlashX	http://guitarflash.me/?gfcMus=DQ7GFBFCGHHN
A Vision Of You - Mike Orlando	http://guitarflash.me/?gfcMus=XKXGR4HKCU3I
Un Cire Loco (Un Poco Loco Cyrody) - Cold Spa	http://guitarflash.me/?gfcMus=XUATJC8Y80DK
Coming Home - Avenged Sevenfold	http://guitarflash.me/?gfcMus=QVTD7CDC12SH
Already Over - RED	http://guitarflash.me/?gfcMus=VR9SX6PNSKVF
Jam On it 5SP - Mike Orlando	http://guitarflash.me/?gfcMus=QP0VKH4MK8X3
Different Heaven & EH!DE - My Heart [NCS Rele	http://guitarflash.me/?gfcMus=CNTINI7W5BDT
Soothsayer - Buckethead	http://guitarflash.me/?gfcMus=MO1UJ0AVD054
Soldier Side - System Of A Down	http://guitarflash.me/?gfcMus=RENUY9PY3X0B
Bonded By Blood - Exodus	http://guitarflash.me/?gfcMus=MO4N64YSM8G5
Mezase Tenkaichi - Dragon Ball Z	http://guitarflash.me/?gfcMus=J3HNRFM0P4EE
Frankenstein - Stitched up Heart	http://guitarflash.me/?gfcMus=4X7O1HYD7PC9
Ravenous - Atreyu	http://guitarflash.me/?gfcMus=39KJMGX0VUAE
20th Century Boy - Buckethead	http://guitarflash.me/?gfcMus=E4O7H36TUR8N
Azure Haze - Jeff Loomis	http://guitarflash.me/?gfcMus=N0V047YYMK5O
Force Fed Lies - Battlecross	http://guitarflash.me/?gfcMus=3Y7AJ6C5DLDB
Bleed Into Me  - Trivium	http://guitarflash.me/?gfcMus=GNVAHL5AEBUV
Sic - Slipknot	http://guitarflash.me/?gfcMus=M6BXGOV07YWO
Beyond Our Suffering - As I Lay Dying	http://guitarflash.me/?gfcMus=W7FXK2REW616
El Zoido - Schmutz06	http://guitarflash.me/?gfcMus=8UK55Y7RWU4J
Shaky Shaky  - Daddy Yankee	http://guitarflash.me/?gfcMus=TJ4UWTVSG59Y
Diversion - Rebel Cats	http://guitarflash.me/?gfcMus=ENFRH5XS1PRS
You Wear A Crown But Youre No King - Blessthe	http://guitarflash.me/?gfcMus=0INPSOTHX9GT
Un Vino, Una Cerveza - Pedro Suárez Vértiz	http://guitarflash.me/?gfcMus=UQSUI1CAF0GX
Legacy - Dennis Hidden & B. One	http://guitarflash.me/?gfcMus=527MBD787V6Q
Skillet-Not Gonna Die (Sub Español).mp3 - No	http://guitarflash.me/?gfcMus=TICKECK62CVI
Scar Tissue - Red Hot Chili Peppers	http://guitarflash.me/?gfcMus=KSVPMPD3FP6G
Libido - Libido	http://guitarflash.me/?gfcMus=I4KX5HS9DJPI
Voice Of The Voiceless - The Illumination	http://guitarflash.me/?gfcMus=HFYRT8GRHGCN
Horizons - Parkway Drive	http://guitarflash.me/?gfcMus=SYQ21EN2Y0NU
Solo Inside the Winter Storm (FULL) - Dragonf	http://guitarflash.me/?gfcMus=S0MK3HLOUTNF
Trashy Innocence - Gumi	http://guitarflash.me/?gfcMus=MD63YAITNP4S
Syncopation - Babymeal	http://guitarflash.me/?gfcMus=RB4RCT13NNLC
You And Me - Attack Attack	http://guitarflash.me/?gfcMus=NENPP9AMV87O
White Line Fever - Asking Alexandria	http://guitarflash.me/?gfcMus=Y11UO55JTG98
Sweet Dreams - Nego Bam ft Eurythmics	http://guitarflash.me/?gfcMus=W0MMKS5MAVH3
Warriors  - Imagine Dragons	http://guitarflash.me/?gfcMus=F643I6JUD9BH
six - All That Remains	http://guitarflash.me/?gfcMus=EBE2316A1GFY
Amerika  - Rammstein	http://guitarflash.me/?gfcMus=7TYXPEH7TH28
Rise - Pantera	http://guitarflash.me/?gfcMus=B6Y0EQ42UL7C
Give Me The Night - DragonForce	http://guitarflash.me/?gfcMus=NGBAAL2VEPK3
Chouzetsu Dynamic - Projeto Remake	http://guitarflash.me/?gfcMus=A9NVOTWO05K6
Dont Look Back - Joe Stump	http://guitarflash.me/?gfcMus=HHN2MLWLF4PF
Clocks - Coldplay	http://guitarflash.me/?gfcMus=AHFGISLPL1SV
Jellyfish Jam - Bob Esponja	http://guitarflash.me/?gfcMus=FKN9MYL5TVPK
Eclectic Barbarella - Charlie Parra	http://guitarflash.me/?gfcMus=LXX82L2NO5BO
Bad Reputation - Joan Jett And The Blackheart	http://guitarflash.me/?gfcMus=29Y9UKWYE8KG
te quiero puta - rammsteins	http://guitarflash.me/?gfcMus=JKGDQAQKADK1
Banjo Kazooie - Nintendo 64	http://guitarflash.me/?gfcMus=26DL34PCPOTQ
forget me too (feat. Halsey) - Machine Gun Ke	http://guitarflash.me/?gfcMus=3011GYA3902I
Grmetal - Syu	http://guitarflash.me/?gfcMus=M4J590SVRP75
Two Minds One Soul - Sonata Arctica	http://guitarflash.me/?gfcMus=SCJVR8UGSD1H
WTF Song Cant You FC - GodelGF	http://guitarflash.me/?gfcMus=57CHYSNCB7B3
Wishmaster - Nightwish	http://guitarflash.me/?gfcMus=IN81R8XY4WXW
Break Me Down - RED	http://guitarflash.me/?gfcMus=DXS3C5E3BMPU
Reformation - Luna Mortis	http://guitarflash.me/?gfcMus=PU6ID7JGPXFS
The Wretched - The Word Alive	http://guitarflash.me/?gfcMus=2P4A9WD3ICPJ
Prevail - Jarvis9999	http://guitarflash.me/?gfcMus=J7VAD7INMF6X
Burn My Heart - Galneryus	http://guitarflash.me/?gfcMus=G1LIMK3RRLV4
Sourced Autonomy - Buckethead	http://guitarflash.me/?gfcMus=87P7B76VFK35
La Bamba - Los Lobos	http://guitarflash.me/?gfcMus=X6IROY7HF8CV
20th Century Boy - Buckethead	http://guitarflash.me/?gfcMus=SW7T864EX1W8
Carry on wayward son - Yngwie Malmsteen	http://guitarflash.me/?gfcMus=SOPUAHO1X7N4
Far Beyond Metal - Strapping Young Lad	http://guitarflash.me/?gfcMus=2YIGKI3J9WMM
Something From Nothing - Foo Fighters	http://guitarflash.me/?gfcMus=XIED5OSOWKOJ
Avant La Tempetê - DragonForce	http://guitarflash.me/?gfcMus=4EGYXF2IST5G
Himno Nacional del Peru en Heavy Metal  - Cha	http://guitarflash.me/?gfcMus=LP8FDWDB4NFC
Valley of the Damned - Dragon Force	http://guitarflash.me/?gfcMus=0XFC3FTOQMT5
the canopy - TheEruptionOffer	http://guitarflash.me/?gfcMus=LLRAGKJ75I02
Give In To Me - Michael Jackson feat. Slash	http://guitarflash.me/?gfcMus=WTOQ9KE5QCMX
I Want Out - Sonata arctica	http://guitarflash.me/?gfcMus=QNCCWDMHMYVO
Passion - All That Remains	http://guitarflash.me/?gfcMus=FCXJ7SHF9VUV
Musuh Atau Sahabat  - Superman Is Dead	http://guitarflash.me/?gfcMus=9NP6ODQTM1K2
Attitude to life (LIVE) - Galneryus	http://guitarflash.me/?gfcMus=5878UML97L1A
Needles - System of a Down	http://guitarflash.me/?gfcMus=HQ366HRND2MJ
Vortex - Charlie Parra	http://guitarflash.me/?gfcMus=IXIP25U7BJ8L
Kizuna - Galneryus	http://guitarflash.me/?gfcMus=ITA6JAKKQNR7
[Naruto] The Raising Fighting Spirit - Toshir	http://guitarflash.me/?gfcMus=2BHJFIC07VB2
Fire - Beartooth	http://guitarflash.me/?gfcMus=CX9AYK0BALBN
Radio Video - System Of a Down	http://guitarflash.me/?gfcMus=WW5A7E5ABR2I
Angeles Fuimos Dragon Ball Z - Dragon Ball Th	http://guitarflash.me/?gfcMus=OHOR8N34VV0T
Forgotten (Lost Angels) - Lamb Of God	http://guitarflash.me/?gfcMus=APWDJ9PX0MP1
Bad To The Bone - George Thorogood	http://guitarflash.me/?gfcMus=IEUNGEQHL607
Open Your Eyes - Sum 41	http://guitarflash.me/?gfcMus=FB9VB5FOB5ST
Rap do Ovo - Sérgio Mallandro e Faustão	http://guitarflash.me/?gfcMus=536MQRQ6KAI3
Solos - Black Veil Brides	http://guitarflash.me/?gfcMus=AJ4T3WVYCC6M
Arabella - Arctic Monkeys	http://guitarflash.me/?gfcMus=FN1368904KTQ
Kokoro no Chizu - ONE PIECE	http://guitarflash.me/?gfcMus=ODIW1M6W5Y7T
Flatlines Thin Lines  - Jonh 5	http://guitarflash.me/?gfcMus=IKWWG0YP8ET4
Raising Hell - Bullet For My Valentine	http://guitarflash.me/?gfcMus=40U6DA51PPQ0
DF Solo Fury Of The Storm - Uchiha Rodnie	http://guitarflash.me/?gfcMus=JUSVKJNUDGIQ
Hay Siempre Muerto un Sentimiento en un Coraz	http://guitarflash.me/?gfcMus=L88Y9QA1I0XC
Slayer (Less Nerf) - Schmutz06	http://guitarflash.me/?gfcMus=WSUYFI63APLQ
Evil Never Dies - Combat Arms	http://guitarflash.me/?gfcMus=GPG49CRVU0L8
My Blood - Twenty One Pilots	http://guitarflash.me/?gfcMus=VA2AP32AUG39
Noche Acosador - John 5	http://guitarflash.me/?gfcMus=WCN7T41EPEHA
The Air That I Breathe - All That Remains	http://guitarflash.me/?gfcMus=61B56IKPWBH6
Pensando en ti - Mago De Oz	http://guitarflash.me/?gfcMus=QVW0QFVD3CGV
Limit Break X Survivor - Dragon Ball Super Ad	http://guitarflash.me/?gfcMus=WMULTPH7OD4T
Play With Me Solo Sem Vermelhas - Adriano Hip	http://guitarflash.me/?gfcMus=U4FN7WXMWWIE
Database - Man with a Mission	http://guitarflash.me/?gfcMus=U1Y74KSRKXRT
Violence (Enough Is Enough) - A Day To Rememb	http://guitarflash.me/?gfcMus=95QQ22EP963P
Gangnam Style - PSY	http://guitarflash.me/?gfcMus=9UF0ABQBSQSE
444 - No Artist Set	http://guitarflash.me/?gfcMus=SSWPHJL7O4G4
Ignorance - Paramore	http://guitarflash.me/?gfcMus=Q3MUCDVU92O7
Lost In The Echo - Linkin Park	http://guitarflash.me/?gfcMus=P3YTCH68C9YV
Army Of Noise - Bullet For My Valentine	http://guitarflash.me/?gfcMus=F3NRITJU778J
Born For One Thing - Gojira	http://guitarflash.me/?gfcMus=KL7PXQ7Q33AH
Destiny - Stratovarius	http://guitarflash.me/?gfcMus=34GL7ALH0V53
Rockin The Suburbs - Ben Folds	http://guitarflash.me/?gfcMus=LOFPXW5LH2QS
Ignorance - Paramore	http://guitarflash.me/?gfcMus=DD7N9HSFNK5U
R U Mine - Arctic Monkeys	http://guitarflash.me/?gfcMus=UO68470RP3EJ
cry for eternity SOLO - dragon force	http://guitarflash.me/?gfcMus=6075KEPUSO6O
Amerika - Rammstein	http://guitarflash.me/?gfcMus=CDKEFU2IQ5QW
The Challenger - Andragonia	http://guitarflash.me/?gfcMus=FI2HMYTX5U07
Stadium Arcadium - Red Hot Chili Peppers	http://guitarflash.me/?gfcMus=4EL4S2IYWXGL
Re-Education (Through Labor) - Rise Against	http://guitarflash.me/?gfcMus=WIKB2TI0NBN2
Sweating Bullets (remastered 2004) - Megadeth	http://guitarflash.me/?gfcMus=EMGY2YTVGGF4
Revelations - Dragonforce	http://guitarflash.me/?gfcMus=7IVEQXPMXS2D
Cutting Edge - Kiko Loureiro	http://guitarflash.me/?gfcMus=VFBO5X728EV1
Inevitable Nightfall - Mindflow	http://guitarflash.me/?gfcMus=JLDQ777J83WN
Storm Eagle s Stage (Remix) - Mega Man X	http://guitarflash.me/?gfcMus=VFBN8OWWN6J1
Ride Into The Storm - Angra (Naonemeu)	http://guitarflash.me/?gfcMus=FQJ9JESACI9O
In the end - Linkin Park	http://guitarflash.me/?gfcMus=3T8HYMG3LQI5
Links 2 3 4 - Rammstein	http://guitarflash.me/?gfcMus=M3RUT974ROIP
Guitar Battle vs Slash - Slash	http://guitarflash.me/?gfcMus=RS4FH7JD2H30
Between Angels And Insects - Papa Roach	http://guitarflash.me/?gfcMus=Y72BM84VT2ER
Fairy Tail Opening 20 - Tatsuyuki Kobayashi a	http://guitarflash.me/?gfcMus=IH7RQMPQGO40
No Sleep Until Clear - Team Nekokan	http://guitarflash.me/?gfcMus=ID6YMIDM28M5
Power And Glory - Dragonforce	http://guitarflash.me/?gfcMus=7CXIFPY6E988
Black Diamond - Stratovarius	http://guitarflash.me/?gfcMus=DPA3YEXDIR52
Real - Bumblefoot	http://guitarflash.me/?gfcMus=4M34OY8HHY1Q
Tangled - Heartist	http://guitarflash.me/?gfcMus=MAF71VKAGSEA
Ungrateful - Escape The Fate	http://guitarflash.me/?gfcMus=1K7XLVE4Y87G
What Makes You Beautiful - One Direction	http://guitarflash.me/?gfcMus=7AG543OPSXGM
The Threat Is Real - Megadeth	http://guitarflash.me/?gfcMus=UPUU5DH8HERL
Brave Shine - Projeto Remake	http://guitarflash.me/?gfcMus=6D4C4C3V4I73
Bringer Of Pain - Battle Beast	http://guitarflash.me/?gfcMus=MAILQ921KHD2
So Far Away - Avenged Sevenfold	http://guitarflash.me/?gfcMus=9RU3N4IE5LE2
27 Needles - John 5	http://guitarflash.me/?gfcMus=E9OR7V0LN1E7
Umbral - Carniçal	http://guitarflash.me/?gfcMus=LJCKJHC2SXKU
Drown - Bring Me The Horizon	http://guitarflash.me/?gfcMus=1PB69UR9NUC2
Get Out Of My Yard - Paul Gilbert	http://guitarflash.me/?gfcMus=FS57KN1ISOYO
Quiero Morirme En Ti  - Mago de Oz	http://guitarflash.me/?gfcMus=UEPGS47CKSHP
Storm Eagle Cover - LennartAlsing	http://guitarflash.me/?gfcMus=6LL87JXYWVR8
La Voz Dormida - Mägo de Oz	http://guitarflash.me/?gfcMus=4S64UUEE6M72
Para Ti - Feeling Every Sunset	http://guitarflash.me/?gfcMus=B3OLBKTEEA3W
The Show Must Go On - Queen	http://guitarflash.me/?gfcMus=6SI25PN4NDAP
Carry On - Avenged Sevenfold	http://guitarflash.me/?gfcMus=50P6OFLB7BRI
Chop Suey Treino Expert - Adriano Hipy	http://guitarflash.me/?gfcMus=JT3GJMLEDB5B
The Ripper - Judas Priest	http://guitarflash.me/?gfcMus=O6NQKR9Y30OP
Gravity Falls Theme song - Uchiha GF Lml	http://guitarflash.me/?gfcMus=NVO95ONEW5CC
The Last Enemy - Arch Enemy	http://guitarflash.me/?gfcMus=048QD0RWS71V
Low - Foo Fighters	http://guitarflash.me/?gfcMus=UDNTVTULQ6B0
Shingeki no Kyojin Meets Metal	http://guitarflash.me/?gfcMus=ED3KTWCADI6D
3183 Notes - ...	http://guitarflash.me/?gfcMus=UESY4O4RMM5H
Down - Blink-182	http://guitarflash.me/?gfcMus=H17TAOEXUGY2
Bonfire - Knife Party	http://guitarflash.me/?gfcMus=NENUV16DHXIB
This is My Life - I am I	http://guitarflash.me/?gfcMus=LP5YWT069AGK
Complicated Crying - Syu	http://guitarflash.me/?gfcMus=RLDPK7PG9N8N
Valley of The Damned - Dragonforce	http://guitarflash.me/?gfcMus=BT7SGWKVMDHF
City Of The Dead - Arch Enemy	http://guitarflash.me/?gfcMus=SYWX1B384IAD
Creatures - Motionless In White	http://guitarflash.me/?gfcMus=N9I30AKO5ADY
Holiday - Vampire Weekend	http://guitarflash.me/?gfcMus=7EL403QFXQLM
Strife - Starting The Collapse	http://guitarflash.me/?gfcMus=IJ34PPGI6KHW
Seasons  - DragonForce	http://guitarflash.me/?gfcMus=UXM2V4JD37B1
Openings Anime Latino 4  - The Covers Duo	http://guitarflash.me/?gfcMus=WJJ9L0RSFHNE
Castigador por Herencia - Malon	http://guitarflash.me/?gfcMus=EMGTV7X5UQ3G
Rin Raja - Juan Tastico ( 31 minutos )	http://guitarflash.me/?gfcMus=LSN587UL2G7J
The Pursuit Of Vikings - Amon Amarth	http://guitarflash.me/?gfcMus=4WEPAX06CP0F
Shingeki no Kyojin - Jiyuu no Tsubasa	http://guitarflash.me/?gfcMus=00VXBKVAPBWD
In My Darkest Hour - Megadeth	http://guitarflash.me/?gfcMus=BUOAQND4VNEC
Oh! One True Love - Undertale	http://guitarflash.me/?gfcMus=DFXVB6DUTKIN
Psycho - System Of a Down	http://guitarflash.me/?gfcMus=Q5I18GGQR1DI
Speed Metal Symphony - Cacophony	http://guitarflash.me/?gfcMus=VQG3I6IW5Y6V
CHA-LA HEAD-CHA-LA  - Flow Ver Guitar solo	http://guitarflash.me/?gfcMus=H23BFJ1G61NM
Andy James Solo Competition - Charlie Parra	http://guitarflash.me/?gfcMus=JGFSHWGQUIQT
Civil War - Guns N Roses	http://guitarflash.me/?gfcMus=HXX6JBIP93I1
AOV - Slipknot	http://guitarflash.me/?gfcMus=78NAIBK8KNFG
The Castle - John 5	http://guitarflash.me/?gfcMus=4VJWGVR3V3Y8
Rescue Me - Buckcherry	http://guitarflash.me/?gfcMus=MNFT7FQ7HJQG
Phantom Blood - Unlucky Morpheus	http://guitarflash.me/?gfcMus=3634DKCEPB7T
SAD! - XXXTENTACION	http://guitarflash.me/?gfcMus=XDY037UFMBQB
A Line In The Sand - Linkin Park	http://guitarflash.me/?gfcMus=0CU4IUF84J9G
Open Window vGH - Jarvis9999	http://guitarflash.me/?gfcMus=IKV08PT403T4
Prayer In C - Lilly Wood & The Prick and Robi	http://guitarflash.me/?gfcMus=FFGPLX2QGT9T
Stolen Life - Arch Enemy	http://guitarflash.me/?gfcMus=JQIFQNIR5GEC
Ride - Lostprophets	http://guitarflash.me/?gfcMus=O7FVUQY0HC2I
Cry For Eternity Solo - Dragonforce	http://guitarflash.me/?gfcMus=K7ID4T3OCWV9
Promenade - Street Sweeper Social Club	http://guitarflash.me/?gfcMus=UYCCR9O3GNDS
Dont Lean On Me - The Amity Affliction	http://guitarflash.me/?gfcMus=5CO7OX9IYSRX
The World Is Yours - Arch Enemy	http://guitarflash.me/?gfcMus=EHDPHR6L7MXI
One More Light (Acoustic) - Linkin Park	http://guitarflash.me/?gfcMus=10NH6LXECJY4
Comigo Ninguem Tira Onda - Charlie Brown Jr	http://guitarflash.me/?gfcMus=8IMV7XREQYRG
Remedy - Seether	http://guitarflash.me/?gfcMus=FC03FLP0WWTM
The Raising Fighting Spirit #1 - Naruto	http://guitarflash.me/?gfcMus=7IY1A29N13PR
Backpfeifengesicht - Animals As Leaders	http://guitarflash.me/?gfcMus=C1N7VWNHEBQH
Party Tonight - Mordecai and the Rigby	http://guitarflash.me/?gfcMus=5KAHKAB89N0U
Never Too Late - Three Days Grace	http://guitarflash.me/?gfcMus=UXM3SCTIOFN1
Everybody Wants To Rule The World - Tears For	http://guitarflash.me/?gfcMus=6LMYGLMJD2RL
Great Stupid - Mickey Pad	http://guitarflash.me/?gfcMus=FFJ8WIY6IMWL
Solos - Slash	http://guitarflash.me/?gfcMus=TICQHCQ299J5
Naruto Opening 3	http://guitarflash.me/?gfcMus=TDDTOAAEGWPC
Cosmic Prelude in Cminor Original - Compositi	http://guitarflash.me/?gfcMus=4NV3IAWJQR2K
Rubiks Cube - Hatsune Miku	http://guitarflash.me/?gfcMus=3JUC5VGT4YKP
Envolvimento - MC Loma	http://guitarflash.me/?gfcMus=706HNNCQRQUX
Eu Sou Um Merda - AtilaKw	http://guitarflash.me/?gfcMus=ALLDKC36JD9V
Darker Than Black Opening 2 - An cafe	http://guitarflash.me/?gfcMus=EGI6IGXTOLLW
Octavarium - Dream Theater	http://guitarflash.me/?gfcMus=IWQSPNVBBK7F
Fast As A Shark - Accept	http://guitarflash.me/?gfcMus=BYDECEPL6VM5
Tom Morello - Guitar Battle Vs. Guitar Battle	http://guitarflash.me/?gfcMus=4B4VN739XC1N
Belvedere  - Good Grief Retreat	http://guitarflash.me/?gfcMus=QABPTK6G108J
Valley of the Damned - DragonForce	http://guitarflash.me/?gfcMus=B9MAMK4T6NWF
Solo Cry Parte 4 - Adriano Hipy	http://guitarflash.me/?gfcMus=SQEGUUGAHO2I
Closer - Joe Inoue	http://guitarflash.me/?gfcMus=6TH6SNTN19MP
Butterfly - Digimon Adventure	http://guitarflash.me/?gfcMus=2Q0T89KU0D24
Motteke! Sailor Fuku - Lucky Star	http://guitarflash.me/?gfcMus=LD50N07D9GG5
Necrofantasia ( Solo ) - Demetori	http://guitarflash.me/?gfcMus=QQX4XDEPB0M2
Expectations - Three Days Grace	http://guitarflash.me/?gfcMus=X6DJH1GKVUD3
Into the Oblivion - Warmen	http://guitarflash.me/?gfcMus=6U4RB9V15XD3
One Solo - Metallica	http://guitarflash.me/?gfcMus=J1USF4JBLT0E
Die Tomorrow - Coldrain	http://guitarflash.me/?gfcMus=UXG0S6XBRR1V
teswrwe - erwfwer	http://guitarflash.me/?gfcMus=IO5HYUACTAAI
The Road - Asking Alexandria	http://guitarflash.me/?gfcMus=77YRPOOETT21
Seu Boga Nao Tem Dente - MC Digo e MC Keron	http://guitarflash.me/?gfcMus=4JOA2XURRIAK
Im The Hell Out Of Here - Steve Vai	http://guitarflash.me/?gfcMus=67BPVAEHOKNP
Solo Fury Expert - Adriano Hipy	http://guitarflash.me/?gfcMus=R0RIWVK57RYX
The Invisible Man - Queen	http://guitarflash.me/?gfcMus=619HSXGFNK6R
Minds Of The Mad - ExileLord	http://guitarflash.me/?gfcMus=5TM0FJ8HCQXK
Wheels Tenso 1 - Adriano Hipy	http://guitarflash.me/?gfcMus=TFUC9G6G2PGK
Never Too Late - Three Days Grace	http://guitarflash.me/?gfcMus=DE3AHDLS53H3
Sonreir Y Amar  - Karol Sevilla	http://guitarflash.me/?gfcMus=CPN050NHEIQQ
The Werewolf Of Westeria - John 5	http://guitarflash.me/?gfcMus=JSAFUTC2X3FH
Angel Of Death - Slayer	http://guitarflash.me/?gfcMus=M68H0LJUBLXW
Again We Rise - Lamb Of God	http://guitarflash.me/?gfcMus=266LRV0P6VJK
Innervision - System Of A Down	http://guitarflash.me/?gfcMus=2RMFPUM952SH
Cliffs Of Dover  - Eric Johnson	http://guitarflash.me/?gfcMus=A5I3VU1T394T
Let Go - Red	http://guitarflash.me/?gfcMus=AD3MGDO3J5OD
This Cocaine Makes Me Feel Like Im On This S	http://guitarflash.me/?gfcMus=TO8LBQRBKYEN
Shit - Hagane Miku	http://guitarflash.me/?gfcMus=3FMRPSV3XUSC
Dirty Diana - Michael Jackson	http://guitarflash.me/?gfcMus=TO55RWOAATQV
The Metal - Tenacious D	http://guitarflash.me/?gfcMus=QT7QRI1SB5Q4
Guitar Solo - Angus Young	http://guitarflash.me/?gfcMus=Y4FMGOWYCHCE
Heretic - Symphony X	http://guitarflash.me/?gfcMus=F8P0L7HX98PH
Pieces - Sum 41	http://guitarflash.me/?gfcMus=R8O6NAFIBK6S
Kuroko no Basuke Abertura 1  - Anime Hero GF	http://guitarflash.me/?gfcMus=N4GOSWGPWC8E
Foxy Lady - Jimi Hendrix	http://guitarflash.me/?gfcMus=T85IKQG4H8K8
American Idiot - Green Day	http://guitarflash.me/?gfcMus=WL2NG8IBNF3N
I Can Talk - Two Door Cinema Club	http://guitarflash.me/?gfcMus=1CMFUUB5PSBV
The Hill Of The Seven Jackals - John 5	http://guitarflash.me/?gfcMus=UO2UETI0MEFR
10th Man Down - Nightwish	http://guitarflash.me/?gfcMus=AHA4NWO9PRH3
-RAP_Minato_2015_NARUTO - Doblecero	http://guitarflash.me/?gfcMus=KHURQJEDEHTB
TEEN CHATUBANS - Cartoon Network Meme	http://guitarflash.me/?gfcMus=6EYU3OANMJJN
Brand New Day - Ryan Star	http://guitarflash.me/?gfcMus=ELNYBFUOMG29
Solos - Varias Bandas	http://guitarflash.me/?gfcMus=BPSYWNX2BOE9
Master Exploder - Tenacious D	http://guitarflash.me/?gfcMus=0WH7H9E0SI66
Its My Life - Bon Jovi	http://guitarflash.me/?gfcMus=KJEXR14LNTKX
Brave Shine - Kikaho Aimer	http://guitarflash.me/?gfcMus=KJIHJFR8XG8D
Whiskey In The Jar - Metallica	http://guitarflash.me/?gfcMus=MROAXK6EAR7U
Silver Surfer Theme - Silver Surfer	http://guitarflash.me/?gfcMus=C6Q8015JO78S
Jekyll And Hyde - Five Finger Death Punch	http://guitarflash.me/?gfcMus=NPM12BPBU5UE
You Suffer - Napalm Death	http://guitarflash.me/?gfcMus=IFSMYK0ADC1I
Hearts On Fire - Hammerfall	http://guitarflash.me/?gfcMus=AAQE0DU42X8W
Guitar Battle - Jany vs Syu	http://guitarflash.me/?gfcMus=IKVRA83YMPIH
Butter-Fly  - Kouji Wada	http://guitarflash.me/?gfcMus=LSOVG9I6HM7W
Son Of The King Solo Dificultado - Hellish Wa	http://guitarflash.me/?gfcMus=MSAE5LADDN9H
Soul of a Robot - John 5	http://guitarflash.me/?gfcMus=ETFD1ECU1FLC
Outcry - Dream Theater	http://guitarflash.me/?gfcMus=O7K41OQX1P1B
The Gargoyle - Paul Gilbert	http://guitarflash.me/?gfcMus=QEY3U31M4PYM
Eruption - Van Halen	http://guitarflash.me/?gfcMus=5R0B68AOFD86
ShadowSouls - Imperanon	http://guitarflash.me/?gfcMus=PK6BMBJFO5F2
Spirit Crusher - Death	http://guitarflash.me/?gfcMus=C0RPR21Y4Q2W
Haruka Kanata (Far And Beyond) - Asian Kun-Fu	http://guitarflash.me/?gfcMus=SL1OMV4XL9LY
Eyes Wide Open - Sabrina Carpenter	http://guitarflash.me/?gfcMus=6XTYU4PA35Q8
You All Everybody - Drive Shaft	http://guitarflash.me/?gfcMus=665SY5O6YTO7
Uber Song (Add SP) - Invader 037	http://guitarflash.me/?gfcMus=S7NQRSIF3STP
From Ashes to New  - My Fight	http://guitarflash.me/?gfcMus=VRBMEQ0T88VG
Acid Reign - Angel Vivaldi	http://guitarflash.me/?gfcMus=I2Y3VXFGO10I
IRIS OUT - Kenshi Yonezu	http://guitarflash.me/?gfcMus=UOVT8573V6GL
And Death In My Arms - All That Remains	http://guitarflash.me/?gfcMus=O9AANBA1DN3F
Tempo Perdido - Legiao Urbana	http://guitarflash.me/?gfcMus=BJUEU798KSJD
Im Not Okay (I Promise) - My Chemical Romance	http://guitarflash.me/?gfcMus=8Y7I5H2X0KTM
Gimme Chocolate!! - BABYMETAL	http://guitarflash.me/?gfcMus=T26W1H13IIQP
Dark Matter - Rusty Cooley	http://guitarflash.me/?gfcMus=NVP287W9IR0P
The S-Lot - John 5	http://guitarflash.me/?gfcMus=8PG7PSU91VY7
Here Comes The Sun - The Beatles	http://guitarflash.me/?gfcMus=G9CWCKLX6KF6
Awake An Alive - Skillet	http://guitarflash.me/?gfcMus=F9N72UIVER2G
Street Spirit (Fade Out) - Radiohead	http://guitarflash.me/?gfcMus=FPT2FXI0QQ7W
Fairytale - Itö Kashitarö	http://guitarflash.me/?gfcMus=CCPYP2GC9LEY
The Gargoyle - Paul Gilbert	http://guitarflash.me/?gfcMus=TCHDJFNV5B1Q
Temple Of Hate - Angra	http://guitarflash.me/?gfcMus=XLUO51SN3MRH
All Out Life - Slipknot	http://guitarflash.me/?gfcMus=R7VC0QL7NHGL
Danca do Creu(Velocidade 5) - MC Creu	http://guitarflash.me/?gfcMus=1OI5K2IW8MN8
Ill Hate You Better - Suicidal Tendencies	http://guitarflash.me/?gfcMus=33PHUJ6L7R4A
Unfathomable Cycle Of Life - Xenogenocide	http://guitarflash.me/?gfcMus=42H0RDYK8RS1
Hades - Kalmah	http://guitarflash.me/?gfcMus=MLIP331PQ925
Lavender Town - Pokémon	http://guitarflash.me/?gfcMus=A4J12DGKVTFT
Tema Star Wars Rock in Rio - Metallica	http://guitarflash.me/?gfcMus=R0YH94BSQKA4
No Funeral - Revocation	http://guitarflash.me/?gfcMus=I814Y2WIXWHS
Lock N Load - Matisse & Sadko	http://guitarflash.me/?gfcMus=9CKUKN1JPX9T
Gekijouban Gintama Ginmaku - SPYAIR	http://guitarflash.me/?gfcMus=B7YQYGMP8EU1
This Calling - All That Remains	http://guitarflash.me/?gfcMus=K3ARRI7SKLRV
Universes!!!!!!!! - Adohu!!!!!!!!	http://guitarflash.me/?gfcMus=34IBI30WTTSG
Moon | Coming Home - Elena Siegman	http://guitarflash.me/?gfcMus=B8RJPQ6WA988
Uilame vs Ozielzinho - ManausGF	http://guitarflash.me/?gfcMus=P0HGX36VC5JA
Savior - Skillet	http://guitarflash.me/?gfcMus=1TRD0N6NTFGC
For the Love of God - steve vai	http://guitarflash.me/?gfcMus=U4KS1KE411TJ
Solos Compilation Indonesian Song - Mr. Godel	http://guitarflash.me/?gfcMus=5CFLD8GV0BH1
Destiny - Galneryus	http://guitarflash.me/?gfcMus=8R79R8YNFPCD
Wake Me Up When September Ends - Green Day	http://guitarflash.me/?gfcMus=4OKKBWTEIKG0
Paraiso Proibido - Strike	http://guitarflash.me/?gfcMus=2WRFGB99FBLH
Sweating Bullets - Megadeth	http://guitarflash.me/?gfcMus=JEJFKLETJE2V
Sweet Dreams - Marilyn Manzon	http://guitarflash.me/?gfcMus=4PNWJGKXDGG3
White Wedding (Part 1) - Billy Idol	http://guitarflash.me/?gfcMus=S3188BYSM19N
10mo LVD - Mago de Oz	http://guitarflash.me/?gfcMus=S38B3HDVJUES
Black Night - Deep Purple	http://guitarflash.me/?gfcMus=613FO0UCB4UM
Evil Eye - Yngwie Malmsteen	http://guitarflash.me/?gfcMus=W30H1A2K7RW9
Break My Fall - Breaking Benjamin	http://guitarflash.me/?gfcMus=MGO9DG25VNIQ
Breaking the law - Judas Priest	http://guitarflash.me/?gfcMus=2GMD5PI0PY4E
Pasukan Mati - DeadSquad	http://guitarflash.me/?gfcMus=OX60KLKQHKR7
Vital Mission In The Spanish Desert - EZUKA	http://guitarflash.me/?gfcMus=J5529R8D1N46
I Was Once, Possibly, Maybe, Perhaps A Cowboy	http://guitarflash.me/?gfcMus=8UJ627HWI3FI
The Emperor - Megadeth	http://guitarflash.me/?gfcMus=1CHE9QG9L60E
750 BMP  - TIAGO DELLA VEGA	http://guitarflash.me/?gfcMus=1E92ANNNFPDA
Sorriso Resplandescente - Dragon Ball GT	http://guitarflash.me/?gfcMus=BAG3DUN18IAM
Infierno - La Beriso	http://guitarflash.me/?gfcMus=XLPJADC7YIGC
PARADINHA - Serjao Berranteiro E Gugu Gaiteir	http://guitarflash.me/?gfcMus=XDC1SR90U37Y
DESAFIO METRALHAS OGAP - SlenderGFCharts	http://guitarflash.me/?gfcMus=HP6TK1VYMSYX
cosmic bugamente - pipoqueirogf	http://guitarflash.me/?gfcMus=X0IEYFTQE36Y
What You Want - Evanescence	http://guitarflash.me/?gfcMus=3UYT9UM5S7VK
Destiny - Galneryus	http://guitarflash.me/?gfcMus=OX3709LPM446
Through Struggle - As I Lay Dying	http://guitarflash.me/?gfcMus=OYW0QJ5WOYHD
Bad - David Guetta	http://guitarflash.me/?gfcMus=18AFS6XHTR7Q
Killing is my Business. . . And Business is G	http://guitarflash.me/?gfcMus=69PNN3MX1QRJ
Freak on a Leash - Korn	http://guitarflash.me/?gfcMus=IC68X2549MAF
The Violence - Rise Against	http://guitarflash.me/?gfcMus=5W4DQ6IXX2O5
What Ive Done - Linkin Park	http://guitarflash.me/?gfcMus=69QLTM2NTB3J
Black Sheep - Metric	http://guitarflash.me/?gfcMus=KB0MAOHFBIB7
Psychobilly Freakout - Reverend Horton Heat	http://guitarflash.me/?gfcMus=6P3D4VR3W07I
4 No Uta - Babymetal	http://guitarflash.me/?gfcMus=3JUD34QYP6WP
Zombified - Falling in Reverse	http://guitarflash.me/?gfcMus=ONSOPL4H7MT5
Slam - Mike Orlando	http://guitarflash.me/?gfcMus=U61JGGBGMF9F
War Eternal - Arch Enemy	http://guitarflash.me/?gfcMus=EBFXE30QNK30
Storming the Burning Fields - Dragonforce	http://guitarflash.me/?gfcMus=D7INLJM2AX9V
The Mad Data Race - Spastic Ink	http://guitarflash.me/?gfcMus=7ADON0CJXKHV
Mundo dos Animais - MC Brinquedo	http://guitarflash.me/?gfcMus=S411L9BHL7RC
Soldiers Trips - lolgitgudSuchakree	http://guitarflash.me/?gfcMus=HMHHJ025QDFU
Raging Starfire - Rhapsody Of Fire	http://guitarflash.me/?gfcMus=V1N3HA2PIMS6
Afraid to Shoot Strangers - Iron Maiden	http://guitarflash.me/?gfcMus=E8RH0I58PT19
10second Random All style - ...............	http://guitarflash.me/?gfcMus=EC58A86G115R
Second Heartbeat - Avenged Sevenfold	http://guitarflash.me/?gfcMus=LMMSINGU1C1M
GTA  - Red Lips feat Sam Bruno Skrillex Remix	http://guitarflash.me/?gfcMus=HBKWAYTX6R8H
The River ft M Shadows, Synyster Gates - Good	http://guitarflash.me/?gfcMus=9X0T21EW9FJQ
Daydreamer - meganeko	http://guitarflash.me/?gfcMus=TV78PHQMQ5W6
10 Years Today - Bullet For My Valentine	http://guitarflash.me/?gfcMus=2NANIVAW9MCY
Hyrule Market - FamilyJules7x	http://guitarflash.me/?gfcMus=OJD4XAT3GRPL
The  Middle of Starting Over - Sabrina Carpen	http://guitarflash.me/?gfcMus=0CRN1S2286AO
Lous Revenge - Steve Ouimette	http://guitarflash.me/?gfcMus=OTT1F5I97R02
Beelzeboss - Tenacious D	http://guitarflash.me/?gfcMus=80YNH7HTTOVF
GarageBand - GFC	http://guitarflash.me/?gfcMus=TCEV640LOQP0
Tooth and Nail - Dokken	http://guitarflash.me/?gfcMus=L8XGMYMXVEYE
Song of Storms Meets Metal - Eric Calderone	http://guitarflash.me/?gfcMus=N6YXIDBHIKB0
Clocks - Coldplay	http://guitarflash.me/?gfcMus=PAL1ECNNFNIS
Kirby Smash - Foxsky	http://guitarflash.me/?gfcMus=DL1VH2KRI7OX
De Musica Ligera - Soda Stereo	http://guitarflash.me/?gfcMus=FKKM3V34RK36
Save You - Galneryus	http://guitarflash.me/?gfcMus=BHB7Y8YP415Q
4.00 AM - Avenged Sevenfold	http://guitarflash.me/?gfcMus=U2ON3P4C4AH9
Flying Duck - Cherry Filter	http://guitarflash.me/?gfcMus=AE1L0JXVBCOO
Phone Tapper - Callum Whyte	http://guitarflash.me/?gfcMus=NVQTAP645EO3
Queen - I Want to Break Free (Official Lyric	http://guitarflash.me/?gfcMus=QAF6BNILVD7A
High-Max Double Speed - DestructorF	http://guitarflash.me/?gfcMus=7YED8670KU55
The Hero - Jam Project	http://guitarflash.me/?gfcMus=3WO0WG7866XP
Noragami Aragoto - Opening 01	http://guitarflash.me/?gfcMus=NWJQPYUUK5D9
THOROUGH PINATA DICKING AMATEUR XXX - The Qui	http://guitarflash.me/?gfcMus=TMPBO2MECJY1
Bleed It Dry - Alter Bridge	http://guitarflash.me/?gfcMus=SK4GCQIP99L1
Holy Land - Angra	http://guitarflash.me/?gfcMus=GW7T93CO2L5K
Speedball - Black Label Society	http://guitarflash.me/?gfcMus=E5IXW3EJHCW6
Escolha Errada - Saint Juvi	http://guitarflash.me/?gfcMus=PK15UFSTYSRW
The End Begins (To Rock) - God Of War II	http://guitarflash.me/?gfcMus=HSOX7HKU23DW
Pacific Rim Meets Metal - Eric Calderone	http://guitarflash.me/?gfcMus=IHH7JWRKVTEW
Closer - Lacuna Coil	http://guitarflash.me/?gfcMus=UN79NSGTCO28
McRolld - No Artist Set	http://guitarflash.me/?gfcMus=AMHNOX9N2TXT
Evil - Mercyful Fate	http://guitarflash.me/?gfcMus=PFV0Y7A42UMA
Molinos de Viento (Solo cover) - Mago De Oz	http://guitarflash.me/?gfcMus=NF82Q0GVWPWX
Tarantella - Barrock	http://guitarflash.me/?gfcMus=PP3EV112M1LU
Perfect Weapon - BLACK VEIL BRIDES	http://guitarflash.me/?gfcMus=VDPLV5D7RQ5D
Peace Sells - Megadeth	http://guitarflash.me/?gfcMus=OF0DNKRU6KM2
The Kill - 30 seconds to mars	http://guitarflash.me/?gfcMus=LO9OR7TNQURM
Perra El Musical - Vete a la Versh	http://guitarflash.me/?gfcMus=V3FXIGP45C7O
Barracuda - Heart	http://guitarflash.me/?gfcMus=GBYSM4YRU266
Hasta Que El Cuerpo Aguante - Mago De Oz	http://guitarflash.me/?gfcMus=CS4G8DTCRIHB
Like a Stone - Audioslave	http://guitarflash.me/?gfcMus=X6BSCRHUUF1P
La Cruz de Santiago - Mago de Oz	http://guitarflash.me/?gfcMus=WX551L9JO2QU
Solo Intro Anime - Scarlette	http://guitarflash.me/?gfcMus=JINHU3J9OJPJ
Crying Over You - Dead By April	http://guitarflash.me/?gfcMus=GTQD3YGYAUP0
The Castle - John 5	http://guitarflash.me/?gfcMus=W85COQJOB32L
Revolution Deathsquad - Adriano Hipy	http://guitarflash.me/?gfcMus=MOAJ61E0RQ3N
Klub Tua Klub Jai - DAX ROCK RIDER	http://guitarflash.me/?gfcMus=PP4B73VI959U
Too Much Solos - Dragonforce	http://guitarflash.me/?gfcMus=OHT293FBMPNL
Villisca - John 5	http://guitarflash.me/?gfcMus=SNP1DIUW55BQ
The Awakening - Syu	http://guitarflash.me/?gfcMus=V8MLP96A3302
Drowsy - Ichika Nito	http://guitarflash.me/?gfcMus=0N308FDEHPV3
Charlie Brown - Coldplay	http://guitarflash.me/?gfcMus=4WJ08LMINRY7
Chop Suey Treino Delay Verde Pra Amarela - Ad	http://guitarflash.me/?gfcMus=PK10ONW3D3G9
Asylum - Yngwie Malmsteen	http://guitarflash.me/?gfcMus=T241PF7MVE3O
Perfect Weapon (LEAD) - Black Veil Brides	http://guitarflash.me/?gfcMus=PCESNSGN9OVC
A Single Moment Of Sincerity - Asking Alexand	http://guitarflash.me/?gfcMus=TJ6K5UKDWC8C
This Dying Soul - Dream Theater	http://guitarflash.me/?gfcMus=C0SHTKATPDPA
Unravel - Hatsune Miku	http://guitarflash.me/?gfcMus=43F050SN6EHC
Wake me up when september ends - Green Day	http://guitarflash.me/?gfcMus=RL8HYUDKDVWI
The Husk - Rings of Saturn	http://guitarflash.me/?gfcMus=9XY83JBXTQJ0
Spit Out The Bone - Metallica	http://guitarflash.me/?gfcMus=AU6MV3OT7MT4
Forsaken - Dream Theater	http://guitarflash.me/?gfcMus=6SGCTWANSEMC
Guitar Solo - Syu	http://guitarflash.me/?gfcMus=EC9Q5DJXPFG7
Im Not a Vampire  - Falling In Reverse Alber	http://guitarflash.me/?gfcMus=GPN3LJIJFSVE
Sugar - System of a Down	http://guitarflash.me/?gfcMus=VN0GCT66K2RO
The Anthem - Good Charlotte	http://guitarflash.me/?gfcMus=RNXTOH4JWRMA
LA Devotee - Panic! At The Disco	http://guitarflash.me/?gfcMus=7AG61BYUE6SM
Breaking Point - Parkway Drive	http://guitarflash.me/?gfcMus=QXNVOUTWA96E
Godeatgod - Marilyn Manson	http://guitarflash.me/?gfcMus=4NMB6ROA6FX1
Rainbow Trololol - YTPMV	http://guitarflash.me/?gfcMus=34EYN73GXKHO
Zero - Dr. Sin	http://guitarflash.me/?gfcMus=9TPNJO0B8U3M
U2 - Vertigo	http://guitarflash.me/?gfcMus=EO2Q07W8QPHG
Parabola - TOOL	http://guitarflash.me/?gfcMus=JQMSG00I86D4
Hyperspeed Neoclassic Shred	http://guitarflash.me/?gfcMus=6YLV8LO543RD
Megitsune - Babymetal	http://guitarflash.me/?gfcMus=DIF8PKD6TNX8
Na Vala - Project46	http://guitarflash.me/?gfcMus=AYGVPPDVMGXV
La carencia - Panteon rococo	http://guitarflash.me/?gfcMus=CCSG3D3MP7PQ
Ritual - Black Veil Brides	http://guitarflash.me/?gfcMus=RY3679U6MV96
Future Never Dies - Galneryus	http://guitarflash.me/?gfcMus=3KMIFU6UIAXI
Insisto - Ciro y Los Persas	http://guitarflash.me/?gfcMus=OPKIQRSVSC7N
Distant Thunder - Takayoshi Ohmura	http://guitarflash.me/?gfcMus=MTCT4UWC079L
Omnipresent Perception - Beyond Creation	http://guitarflash.me/?gfcMus=SOI21A49LC1K
Titan - Nerow	http://guitarflash.me/?gfcMus=XQ0KPPJWS69S
Heart Of Fire - Black Veil Brides	http://guitarflash.me/?gfcMus=WIOPOFAVC8YT
Fiction - Avenged Sevenfold	http://guitarflash.me/?gfcMus=QJU701SDNUHE
Another Brick in the Wall ( Part 2 ) - Pink F	http://guitarflash.me/?gfcMus=HMRY4JX0QVJR
Destiny SOLO Final - Galneryus	http://guitarflash.me/?gfcMus=LSU5JFK9L8IP
Slow Ride-  (Full Version) - Foghat	http://guitarflash.me/?gfcMus=LW03I7CT5SBP
With Me - Sum 41	http://guitarflash.me/?gfcMus=SVAMUASB798A
Nam Nam Speed 125% - Transformice	http://guitarflash.me/?gfcMus=0JK0XA0YGO5R
Lost in Hollywood - System of a Down	http://guitarflash.me/?gfcMus=DU9YRGF1A4YV
Bloodstained Cross - Arch Enemy	http://guitarflash.me/?gfcMus=LRV0X94KN4TQ
Extreme Power Metal - Dragonforce	http://guitarflash.me/?gfcMus=75BBDUIQAUNA
City Of Gold  - DragonForce	http://guitarflash.me/?gfcMus=UDS2FYF81VS4
Crossing Field - Kikaho Lisa	http://guitarflash.me/?gfcMus=WUONX93OC3YA
El rapero mas rapido del mundo - mac	http://guitarflash.me/?gfcMus=QAECENOH3AVX
Evil Papagali - Massacration	http://guitarflash.me/?gfcMus=2CBFH46OO0CW
Whispers - All That Remains	http://guitarflash.me/?gfcMus=0M33KQOVVYJQ
Koi wo Shiyou yo - BOKU NO PICO	http://guitarflash.me/?gfcMus=IV0EKY50WN50
Cono Metal  - Dross	http://guitarflash.me/?gfcMus=RQK6RROLF91D
Blitzkrieg Bop - Ramones	http://guitarflash.me/?gfcMus=NC18G7TUR1GX
The Washing Away Of Wrong - John 5	http://guitarflash.me/?gfcMus=ATJSH0VAOKR3
REBELLION - LINKIN PARK feat. Daron Malakian	http://guitarflash.me/?gfcMus=HW2PBO6CJP5F
( Ao No Exorcist Opening 2 ) In My World - RO	http://guitarflash.me/?gfcMus=Y06FXCIDCWVA
Fall For You - Secondhand Serenade	http://guitarflash.me/?gfcMus=CEBQP38JXM4C
Gemini - John Petrucci	http://guitarflash.me/?gfcMus=Q8QPV3M3YL5J
Fucking Hostile - Pantera	http://guitarflash.me/?gfcMus=O5VT5JK8N9YJ
Odd Future - Boku no Hero Academy	http://guitarflash.me/?gfcMus=V8NDSRF5PPNF
Intense Torture - Schmutz06	http://guitarflash.me/?gfcMus=GSYEV1WS3G0T
Nottingham Lace - Buckethead	http://guitarflash.me/?gfcMus=H4YGEDB73R0X
Talk - Coldplay	http://guitarflash.me/?gfcMus=V6XAWUPG5FLA
Soul Of A Robot - John 5	http://guitarflash.me/?gfcMus=QRGHTL58JW1B
The Duel - Rusty Cooley	http://guitarflash.me/?gfcMus=NN5PK605G9RS
Party Tonight - Regular Show	http://guitarflash.me/?gfcMus=YLDKAA2TWC6N
The News - Paramore	http://guitarflash.me/?gfcMus=3RK3HBUPA6SE
Idiota Repressão Mental  - Bosta Rala	http://guitarflash.me/?gfcMus=R6STO7ORLOSU
Happy Song - Bring Me The Horizon	http://guitarflash.me/?gfcMus=41MFVSGN5I4G
What Ive Done - Linkin Park	http://guitarflash.me/?gfcMus=I2TRXAS4D01P
Triciclo Peru - Charlie Parra	http://guitarflash.me/?gfcMus=0JMTHMY1B5SS
Midnight Symphony - ShadowSamwa	http://guitarflash.me/?gfcMus=7LFGG64ESU5D
My Name is Jonas  - Weezer	http://guitarflash.me/?gfcMus=OL1QD46L6OSY
Respawn ( Removed impossible outro ) - Schmut	http://guitarflash.me/?gfcMus=O8GHW0RTBSP9
This Day We Fight - Megadeth	http://guitarflash.me/?gfcMus=Q5EODKJ9UQ2P
UFO Solo UBER Remix - Schmutz 06	http://guitarflash.me/?gfcMus=756YIYL9EKCI
The Biggest Shred Collab Song In The World -	http://guitarflash.me/?gfcMus=UGEOA7BP477T
Vanquished by Shadows - Rhapsody of Fire	http://guitarflash.me/?gfcMus=65I0GB6R20Y6
Give Me the Night - DragonForce	http://guitarflash.me/?gfcMus=ELQGOQHY32E1
Everlasting - Galneryus	http://guitarflash.me/?gfcMus=9PCUXNNMIEBF
Over The Mountain - Impellitteri & Pitrelli	http://guitarflash.me/?gfcMus=JI2GSY3E5M57
F-777 - Fasten Your Seatbelts	http://guitarflash.me/?gfcMus=XQ35CKST99K8
Bury Me Alive - Breaking Benjamin	http://guitarflash.me/?gfcMus=PMSX25VYE2HF
Monster - MEG Y DIA	http://guitarflash.me/?gfcMus=MFJ3LKBJ6CVL
Blood On Your Hands - Arch Enemy	http://guitarflash.me/?gfcMus=Q4I78PWQK6D5
Querido Meu Amor - Grupo Y-No	http://guitarflash.me/?gfcMus=IO5BVT4GMCMU
First Date - Blink182	http://guitarflash.me/?gfcMus=QWN2RU0SH7T1
Conflict at the entrance - Prince of Persia	http://guitarflash.me/?gfcMus=C5XHMSMOFD79
Abertura - Beyblade	http://guitarflash.me/?gfcMus=P5PW8DVWWJ01
Tears Of Sahara - Tony MacAlpine	http://guitarflash.me/?gfcMus=RTUKR69EGSGS
El poema de la lluvia triste - Mago de Oz	http://guitarflash.me/?gfcMus=9BTQ8WLNWT81
Sad Statue - System Of A Down	http://guitarflash.me/?gfcMus=41LGS1QSPQGG
Let It Go (In-studio Performance) - Cherri Bo	http://guitarflash.me/?gfcMus=P28G51P2JJ9G
Roots Below - As I Lay Dying	http://guitarflash.me/?gfcMus=K0MHGXH6TRDR
Decode - Paramore	http://guitarflash.me/?gfcMus=L85GX7DLG6AL
E Tudo Vai Ficar Pior - Matanza	http://guitarflash.me/?gfcMus=DTKHYSI6JBKH
Master Exploder - Tenacious D	http://guitarflash.me/?gfcMus=TWWILNWC4KXY
[Anohana] Circle Game - Galileo Galilei	http://guitarflash.me/?gfcMus=0WC2MLXIOEU1
Mago de Oz - Mago de Oz	http://guitarflash.me/?gfcMus=5E5W6MVPY0US
Youngbloods (Feat. Jesse Barnett) - Blessthef	http://guitarflash.me/?gfcMus=WIKA5L8U23B2
Heavy Rotation - JKT48	http://guitarflash.me/?gfcMus=J66V9IRD9I4I
Mz. Hyde - Halestorm	http://guitarflash.me/?gfcMus=LBOFC4GVVYOW
Enfermo - Kiko Loureiro	http://guitarflash.me/?gfcMus=XHFBDYXA5WOK
Cowboys From Hell (Solo) - Pantera - Uchiha G	http://guitarflash.me/?gfcMus=CNYSL6T9GCDM
Paint It Black - The Rolling Stones	http://guitarflash.me/?gfcMus=I8QO404T4YJV
Spit Out The Bone - Metallica	http://guitarflash.me/?gfcMus=7TABN8YQ27N6
The Bards Reprisal - Aeon Bridge	http://guitarflash.me/?gfcMus=GQ87RKMIHOY1
True American Hate - Testament	http://guitarflash.me/?gfcMus=47OGYWXPEDLQ
Hellraiser - Ozzy Osbourne	http://guitarflash.me/?gfcMus=1UCG7OAMVBIY
I Remember You - SkidRow	http://guitarflash.me/?gfcMus=F649L6PPK7Y5
QT Angel - Angel	http://guitarflash.me/?gfcMus=80RREIDSAEKW
Vendetta - Slipknot	http://guitarflash.me/?gfcMus=HP9A4VXYWXMO
Dead Silence - Creepypasta	http://guitarflash.me/?gfcMus=QFHJKRCFJ31U
Self Esteem - The Offspring	http://guitarflash.me/?gfcMus=1FV0XA2TX9FY
Daddy Discord - dBPony	http://guitarflash.me/?gfcMus=4JHHTQB0FNM1
Spanish Fly - Van Halen	http://guitarflash.me/?gfcMus=XTCR9G4RO6D9
Presos Inocentes - Especimen	http://guitarflash.me/?gfcMus=9JGT407CFJGB
Avenged Sevenfold - Natural Born Killer (TRAD	http://guitarflash.me/?gfcMus=2HKOQ6EOH8S0
Welcome To Bucketheadland - Buckethead	http://guitarflash.me/?gfcMus=86PJH7INTFFE
[God Of War II] The End Begins (To Rock) - Ge	http://guitarflash.me/?gfcMus=PNP79IRCB9TE
Bad - David Guetta & Showtek	http://guitarflash.me/?gfcMus=M8VXE7FD9D0O
Metal Ostentação - O Metaleiro	http://guitarflash.me/?gfcMus=MAGWCOXQBR2N
Hard As Rock - AC DC	http://guitarflash.me/?gfcMus=2SLPE18TA454
Guitar Solos - Arch Enemy	http://guitarflash.me/?gfcMus=3PY5EAWME8EE
Roulette - System Of A Down	http://guitarflash.me/?gfcMus=LXR6XOHLCO0I
Jordan - Buckethead AH	http://guitarflash.me/?gfcMus=UFLYRGE42TTA
Senseless Massacre - Rings Of Saturn	http://guitarflash.me/?gfcMus=0XDNOUQDIVIR
God Is Dead? - Black Sabbath	http://guitarflash.me/?gfcMus=LWY675HEIONO
If Im James Dea - Sleeping With Sirens	http://guitarflash.me/?gfcMus=U1VQNHFLOKR2
Enemy - Blue Stahli	http://guitarflash.me/?gfcMus=P93NI4W57Q4J
Ladies & Gentlemen... I Give You Hell - Captu	http://guitarflash.me/?gfcMus=R52SNRJC8TFP
Change (In The House of Files) - Deftones	http://guitarflash.me/?gfcMus=YFOKLBVHJPAP
Misery Business - Paramore	http://guitarflash.me/?gfcMus=YEOPR3R85EMC
Jessica - The Allman Brothers Band -	http://guitarflash.me/?gfcMus=QH41IEPDBQXA
Michael Jackson - Beat It	http://guitarflash.me/?gfcMus=17DCOS804HIF
Infected Nation - Evile	http://guitarflash.me/?gfcMus=8PM4NXKKQLXP
Join The Club - Bring Me The Horizon	http://guitarflash.me/?gfcMus=A76IBFWC016K
Teen titans theme ( Extreme Metal Cover ) - B	http://guitarflash.me/?gfcMus=5K4GBTAF4NDO
( Sword Art Online Ordinal Scale Opening ) Ca	http://guitarflash.me/?gfcMus=7560G7VE0SOI
Sonic Stomp Ultimo sp - Mike orlando	http://guitarflash.me/?gfcMus=85S4TMNPXYWH
Invincible - Muse	http://guitarflash.me/?gfcMus=TBMRQMUTHU06
Deadlocked - Geometry Dash	http://guitarflash.me/?gfcMus=WG20IW3XTNWG
Fiesta Pagana - Mago de Oz	http://guitarflash.me/?gfcMus=NSAJBD64YCK5
Piranha - Bumblefoot	http://guitarflash.me/?gfcMus=7DKEET95Q84W
Pokemon Battle Gym Theme - Split Screen	http://guitarflash.me/?gfcMus=MRMIBHHH1JUT
Zombie - The Cranberries	http://guitarflash.me/?gfcMus=1RU8Y261HWF1
Natural Born Killer - Avenged Sevenfold	http://guitarflash.me/?gfcMus=P9TXXUIW8RT0
Im Destroying The World - Guttermouth	http://guitarflash.me/?gfcMus=PGRN4BDM6LBI
Replica - Fear Factory	http://guitarflash.me/?gfcMus=H6JH945PQEEW
We Three Kings - Steve Ouimette	http://guitarflash.me/?gfcMus=R7X2BJ0MIG40
You Want a Battle? (Here s a War) - Bullet Fo	http://guitarflash.me/?gfcMus=SMTPBNEA1GBS
Humble (Kendrick Lamar Cover) - Our Last Nigh	http://guitarflash.me/?gfcMus=CVMLPA3ID8KA
No One Knows - Queens Of The Stone Age	http://guitarflash.me/?gfcMus=LLR8M3YXX3C2
The Fight Song - Marilyn Manson	http://guitarflash.me/?gfcMus=E21NUYOOWI69
Inicializacao do Windows - Luccas	http://guitarflash.me/?gfcMus=QGC2J4J714EG
Hallowed be thy Name - cradle of filth	http://guitarflash.me/?gfcMus=BJTHMW4MCGJD
The Match - Asking Alexandria	http://guitarflash.me/?gfcMus=Q0BJ1WGKLEKR
Into The Void - Black Sabbath	http://guitarflash.me/?gfcMus=AN9SYWYOG5BM
Solos Medley - Bullet For My Valentine	http://guitarflash.me/?gfcMus=2TDNRI7OB26A
Crossroads - Avenged Sevenfold	http://guitarflash.me/?gfcMus=X3RVPK9X8BMD
Helena - My Chemical Romance	http://guitarflash.me/?gfcMus=2XRADA3D9DXT
Alison Hell - Annihilator	http://guitarflash.me/?gfcMus=O1N7UYF7AQI6
Freaks - Girugamesh	http://guitarflash.me/?gfcMus=EVT9YP005616
Universe On Fire - Gloryhammer	http://guitarflash.me/?gfcMus=C9A4L8DGBBM5
Sora no Otoshimono OP 1	http://guitarflash.me/?gfcMus=KCPW6TN4OYD0
Hello - OMFG	http://guitarflash.me/?gfcMus=78MHIK29CSF3
Guitar Solo #2 - Felipe Eufrasio	http://guitarflash.me/?gfcMus=L0MOG7X6MWDF
Brick By Boring Brick - Paramore	http://guitarflash.me/?gfcMus=Q3MO9DPY250K
Sweet Victory - Bob Esponja David Glen Eisley	http://guitarflash.me/?gfcMus=5UJESOYLUNM6
Satch Boogie - Joe Satriani	http://guitarflash.me/?gfcMus=S6JH87WFLS6L
Through The Fire and Flames - Dragonforce	http://guitarflash.me/?gfcMus=GVFVVMDS2N3E
Mary Poppins Sings Death Metal - Andy Rehfeld	http://guitarflash.me/?gfcMus=RJLTMSQW2QI5
01. Gintama op 9.mp3 - No Artist Set	http://guitarflash.me/?gfcMus=VLG8JLLJJ312
The Final Countdown - Europe	http://guitarflash.me/?gfcMus=6815X8FXOP15
Victim of fate - Helloween	http://guitarflash.me/?gfcMus=EQTQ76GDX47M
La Grange  - ZZ Top	http://guitarflash.me/?gfcMus=H4QWW53UAQD1
5 Minutes Alone - Pantera	http://guitarflash.me/?gfcMus=FRFWOHVTF9XW
Passa Tempo - Pierry	http://guitarflash.me/?gfcMus=2O7XP9696UOW
I-E-A-I-A-I-O - System Of A Down	http://guitarflash.me/?gfcMus=CDN62YQF0D3X
Prasasti - DFlowers	http://guitarflash.me/?gfcMus=3EQ6CENYMS44
LCD (GF2 version) - Vektor	http://guitarflash.me/?gfcMus=TODW6MOSH8PF
Fallen Angels - Black Veil Brides	http://guitarflash.me/?gfcMus=VEF56L09QDIF
MESSIAH  - MEJIBRAY	http://guitarflash.me/?gfcMus=UGFNDY1KIYUU
Papo Reto - Charlie Brown Jr	http://guitarflash.me/?gfcMus=WMW8DS08QNR8
Rubia Sol Morena Luna - Caramelos de Cianuro	http://guitarflash.me/?gfcMus=Q70EJ3Q7DC43
Se Foda - Irvin	http://guitarflash.me/?gfcMus=CMYXRXP022O9
Van Halen  Beat It Solo Cover - Frederik Bang	http://guitarflash.me/?gfcMus=9AX26K808U7S
[Anohana] Secret Base - Norihiko Machida	http://guitarflash.me/?gfcMus=METNJNA376H7
Ela Caillou - MC Twist ft. MC Brinquedo	http://guitarflash.me/?gfcMus=D7BSF3R5CUAD
Rising Force - Yngwie Malmsteen	http://guitarflash.me/?gfcMus=NL9COTY8563V
Rainbow Tylenol - 331Erock	http://guitarflash.me/?gfcMus=94XMMJ9Y1ADW
[FMA Ending] Kasenai Tsumi - Nana Kitade	http://guitarflash.me/?gfcMus=WX2OKJVETOQ3
Soldiers Buga Mente 10x - Adriano Hipy	http://guitarflash.me/?gfcMus=UTDQ8YA2HWJA
Turn Down for What - DJ Snake & Lil Jon	http://guitarflash.me/?gfcMus=II2BM77NJXSK
Welcome to Violence - John5	http://guitarflash.me/?gfcMus=RON2P6OY3Q03
Blackbird - Alter Bridge	http://guitarflash.me/?gfcMus=H6LCNWP1RAQX
Jingo - Lo - Ba - Santana	http://guitarflash.me/?gfcMus=C86WMN9UN8TO
Promised Ones - Blessthefall	http://guitarflash.me/?gfcMus=MQNQSJNP2IU4
Welcome To Bucketheadland - Buckethead	http://guitarflash.me/?gfcMus=G0RPVAKKPQJW
Vultures - Arch Enemy	http://guitarflash.me/?gfcMus=ELLBT31IYX3V
I Want To Break Free - Queen	http://guitarflash.me/?gfcMus=YBCFDUM33YUW
Come To Destroy - Pubas Sweet Hero	http://guitarflash.me/?gfcMus=WSXL0LO5C095
Gone Sovereign - Stone Sour	http://guitarflash.me/?gfcMus=7JW0S8IGS9P4
Blackbird - Alter Bridge	http://guitarflash.me/?gfcMus=8PG0PJE88PXK
Nobody Dont Dance No More - Asking Alexandria	http://guitarflash.me/?gfcMus=KK8QICMSPOX5
Night Of The Living Dead - Misfits	http://guitarflash.me/?gfcMus=IQVDUII0MFC0
Black Veil Brides - Knives and Pens (OFFICIAL	http://guitarflash.me/?gfcMus=6FO97D2Y0GL3
Treino Pessoal OGAP 5 - Adriano Hipy	http://guitarflash.me/?gfcMus=6ICKG62QBIB6
Wrong Side - Strapping Young Lad	http://guitarflash.me/?gfcMus=AOAK46WEHJN0
Skeptic - Slipknot	http://guitarflash.me/?gfcMus=IO0Y1X7YP3B3
Meanwhile Up In Heaven - Kaiser Chiefs	http://guitarflash.me/?gfcMus=125VEHJ0J32P
Faint  - Linkin Park	http://guitarflash.me/?gfcMus=JC15XV9WCYNA
Stolen Life - Arch Enemy	http://guitarflash.me/?gfcMus=9OI6D51629AV
Axes Of War - Exmortus	http://guitarflash.me/?gfcMus=32WECABYK4QG
Buried Alive - Avenged Sevenfold	http://guitarflash.me/?gfcMus=PFTE2WYD98HK
Smooth Criminal - Alien ant farm	http://guitarflash.me/?gfcMus=2ANVT0OJQQAI
Ah, Se eu Fosse Homem - Ultraje a Rigor	http://guitarflash.me/?gfcMus=11FMGKNFQVCW
GH3 - Destruction Armageddon 2 Underchart (+)	http://guitarflash.me/?gfcMus=VM6MOADUX02H
Hallelujah - Paramore	http://guitarflash.me/?gfcMus=3H8NVLJ18LUC
We Are The Champions - Queen	http://guitarflash.me/?gfcMus=G9A8Y0HNXT4R
The Death Of Me - Asking Alexandria	http://guitarflash.me/?gfcMus=7O5HW0SQJ3UT
Abertura - Dragon Ball Kai	http://guitarflash.me/?gfcMus=DSMCDM3IK7WI
Ironic  - Alanis Morissette	http://guitarflash.me/?gfcMus=3CWNWNV9RCE7
People=shit - Slipknot	http://guitarflash.me/?gfcMus=OVLSOLB91SDL
This Is The New Shit - Marilyn Manson	http://guitarflash.me/?gfcMus=62VH79PYXR8F
F.C.P.R.E.M.I.X. - The Fall Of Troy	http://guitarflash.me/?gfcMus=1LY1459QLWK9
El Poema De La Lluvia Triste - Mago de Oz	http://guitarflash.me/?gfcMus=4X7KUP4ML01L
The Offering - Sleep Token	http://guitarflash.me/?gfcMus=X12NEGLOORE9
Piranha - Bumblefoot	http://guitarflash.me/?gfcMus=9NP5R5GO1S92
Moving On - Asking Alexandria	http://guitarflash.me/?gfcMus=79O0QC9T0TFT
Believer - Almah	http://guitarflash.me/?gfcMus=6T7I3V0O8Q05
Himno Nacional del Perú jose15097 version - C	http://guitarflash.me/?gfcMus=JAF8UVBTG09A
Circled By The Wolves - Asking Alexandria	http://guitarflash.me/?gfcMus=FGBGIR0NC8X2
Im Gonna Start Making Splitscreen - GodelGF	http://guitarflash.me/?gfcMus=G6MYMFR07YPO
Phone Tapper - Callum Whyte	http://guitarflash.me/?gfcMus=ISESNYJNFK39
Big Bang A Teoria Abertura REENVIADA - Guilhe	http://guitarflash.me/?gfcMus=T1CX76C09QPU
Poseidon - Buckethead	http://guitarflash.me/?gfcMus=Q8SH2CLS00HW
Pain - Three Days Grace	http://guitarflash.me/?gfcMus=ROV0555I2BY9
Six Solo - All That Remains	http://guitarflash.me/?gfcMus=2O6YMHGER31W
Música com Armas - Gun Sync	http://guitarflash.me/?gfcMus=6EYT6G0I1B8N
Estacoes - Catedral	http://guitarflash.me/?gfcMus=L0J72UBV6B2N
Blood Orange - Berried Alive	http://guitarflash.me/?gfcMus=7R9HD1CWISTH
1,320 - Megadeth	http://guitarflash.me/?gfcMus=18BHAYOO3L6F
Mr. Crowley - Ozzy Osbourne	http://guitarflash.me/?gfcMus=KBSM18HM6IO2
Never Too Late - Three Days Grace	http://guitarflash.me/?gfcMus=U6YWWDSFJ5L1
Estranged - Guns N Roses	http://guitarflash.me/?gfcMus=5Q8CVI2OT7U1
Unholy Gravebirth - Infant Annihilator	http://guitarflash.me/?gfcMus=UPXCJO5IXY4D
Dark Matter - Rusty Cooley	http://guitarflash.me/?gfcMus=NY7AD3BYIEFN
4to CR -	http://guitarflash.me/?gfcMus=A81448OEOI75
nyanyanyanya - hatsune Miku	http://guitarflash.me/?gfcMus=A4RQLMUSVRQE
Solo Freight Train - Nitro	http://guitarflash.me/?gfcMus=2WUWTMVJVVW8
Guile Theme - Charlie Parra	http://guitarflash.me/?gfcMus=UI6TK61QIJKN
Riot - Three Days Grace	http://guitarflash.me/?gfcMus=P0C5369FFV8I
A Saida - - Lithe	http://guitarflash.me/?gfcMus=1P7KM0JD7R1N
Strike of the ninja SOLO Overchated - Dragonf	http://guitarflash.me/?gfcMus=5X2ICDXMV6D4
Black Alien - Pandora101	http://guitarflash.me/?gfcMus=T8XICAFBC8X3
Situations - Escape The Fate	http://guitarflash.me/?gfcMus=E4O9CKQ317VM
Skitarggrossismen - Skitarg	http://guitarflash.me/?gfcMus=5TQHDFBUFWWY
Apology - Alesana	http://guitarflash.me/?gfcMus=PIKEJALCS612
The Duel - Rusty Cooley	http://guitarflash.me/?gfcMus=Y58L78V67HP8
Bye Bye Beautiful - Nightwish	http://guitarflash.me/?gfcMus=8DNXGN1MDELN
Numb - linkin park	http://guitarflash.me/?gfcMus=WW7WNPXGXA2V
Threshold of Perception - Allegaeon	http://guitarflash.me/?gfcMus=IQOKLAX89KPH
Nevermore - Symphony X	http://guitarflash.me/?gfcMus=SSVS99GMHRG3
Let me hear - Kiseijuu sei no kakikuritsu	http://guitarflash.me/?gfcMus=COO1MTEOMCQE
Canção de Hotel - Anavitória	http://guitarflash.me/?gfcMus=XYFVNVVBCAI8
Roulette - System of a Down	http://guitarflash.me/?gfcMus=JLDNUWV2SS90
10 Solos insanos Dificuldades insano e expert	http://guitarflash.me/?gfcMus=0QHSX8FYLXBA
FullMetal Alchemist Brotherhood  Again  i - Y	http://guitarflash.me/?gfcMus=O6GSSL1QC487
A Lot Like Vegas - Bring Me The Horizon	http://guitarflash.me/?gfcMus=0S10S7PH1PQW
A Prophecy - Asking Alexandria	http://guitarflash.me/?gfcMus=8GYFRDVVT7PP
White Horse - Chris Stapleton	http://guitarflash.me/?gfcMus=UQNSIUG3HCTR
The Ladder - Motionless In White	http://guitarflash.me/?gfcMus=SSUV0YB19FG3
Washington Is Next! - Megadeth	http://guitarflash.me/?gfcMus=HBJ72W5CQL84
Bulls In The Bronx - Pierce The Veil	http://guitarflash.me/?gfcMus=RQL302T7NL0E
P - Hatsune Miku	http://guitarflash.me/?gfcMus=8TVKHUPMYL25
Sudden Death - Megadeth	http://guitarflash.me/?gfcMus=CLB11KLY4PYL
Speeding (Vault Version) - Steve Vai	http://guitarflash.me/?gfcMus=G9B5A2C4KXRS
De uno en uno - Esta no es para ti	http://guitarflash.me/?gfcMus=VR80XF7NKPV3
Ill Nino - This times for real	http://guitarflash.me/?gfcMus=1JF09FF9XA6A
Faint (Guitar Remix) Linkin Park - Cole Rolla	http://guitarflash.me/?gfcMus=DMQALQB3V4PD
Midi Madness - Sidney600	http://guitarflash.me/?gfcMus=PBK0WIWG7TI5
Lilith Immaculate - Cradle Of Filt	http://guitarflash.me/?gfcMus=2NFRFAG8RJB4
Noots - Sum 41	http://guitarflash.me/?gfcMus=P7E81RBQV7ES
Sanitarios - Caramelos De Cianuro	http://guitarflash.me/?gfcMus=M8YFRI2NPXBF
Satania - Mägo De Oz	http://guitarflash.me/?gfcMus=3I2DECHM9Y8V
Esta Noche Eres Mia - FEELING EVERY SUNSET	http://guitarflash.me/?gfcMus=NWH8FEWFICPI
Dethrone Tyranny - Gamma Ray	http://guitarflash.me/?gfcMus=1BRT4S8XF3XC
Eye Of The Tiger - Survivor	http://guitarflash.me/?gfcMus=MJ3050TKEOMX
Metal Meltdown - Judas Priest	http://guitarflash.me/?gfcMus=UEPINLRLQ95P
Zoidberg The Cowboy overcharted - Eduardo Rod	http://guitarflash.me/?gfcMus=9KALW2FFV6HI
Boss Battle Megaman X - Capcom	http://guitarflash.me/?gfcMus=UKQRKFAXYPBM
Nirvana-Rape Me	http://guitarflash.me/?gfcMus=O964Y79A343B
Turn Down For What - Dj Snake	http://guitarflash.me/?gfcMus=5UK6U78GHAAI
20th century boy - Buckethead	http://guitarflash.me/?gfcMus=ITA4OT0AJ847
40 Tecnicas de guitarra - gmcguitar	http://guitarflash.me/?gfcMus=MKT7C7TPE8CQ
Angel Of Death - Thin Lizzy	http://guitarflash.me/?gfcMus=3B77XIKO70OR
Soul of a Robot - John 5	http://guitarflash.me/?gfcMus=9OESNRJFYJA4
The Good Life - Three Days Grace	http://guitarflash.me/?gfcMus=VGBCYWUAUJJQ
The Poison - Bullet for my Valentine	http://guitarflash.me/?gfcMus=YVTASM0TAY4I
Feliz Navidad - Santa Rocks Out to	http://guitarflash.me/?gfcMus=JFE5MXSH8D34
36 - System Of A Down	http://guitarflash.me/?gfcMus=MWEFIV5NWKK5
Galactic Astro Domination - DragonForce	http://guitarflash.me/?gfcMus=1OLL4WKXHRB0
Wiggle - Jason Derulo ft Snoop Dogg	http://guitarflash.me/?gfcMus=M1YCEIGEW9SS
Solo The Best of Times - Tina S Cover	http://guitarflash.me/?gfcMus=7GBEV8W5B6NE
Jordan - Buckethead	http://guitarflash.me/?gfcMus=8DN4JN7HKC9A
Cry For Eternity 50% to 100% Speed - Dragonfo	http://guitarflash.me/?gfcMus=G1N56OMSTVJI
Black & Blue - Bring Me The Horizon	http://guitarflash.me/?gfcMus=MCAKW7L7RV37
So Whatcha Want - Beastie Boys	http://guitarflash.me/?gfcMus=4G1YVWKUU87G
Mistaken - Martin Garrix feat. Alex Aris	http://guitarflash.me/?gfcMus=C8KWHR35PJLC
Enter The Wall Of Tyranation - Deadsquad	http://guitarflash.me/?gfcMus=JWMC6STA1FJN
Autobiografia - MC Sid	http://guitarflash.me/?gfcMus=73Q5F4IDGAKN
Cry out - One Ok Rock	http://guitarflash.me/?gfcMus=HIEAQ27W1VR8
Jadilah Legenda - S.I.D	http://guitarflash.me/?gfcMus=BT9HUHO7U4TS
Hard To See - Five Fingers Death Punch	http://guitarflash.me/?gfcMus=2MQ9PF98FHLP
Estranged - Guns N Roses	http://guitarflash.me/?gfcMus=MV15W9D6YUMD
Maniac - Michael Sembello	http://guitarflash.me/?gfcMus=QHBY8T9QMUQS
Putri - Jamrud	http://guitarflash.me/?gfcMus=FVSITG1A5QPS
TTFAF Treino Especifico - Adriano Hipy	http://guitarflash.me/?gfcMus=6XOL3YINLN3F
Como Estais Amigos - Iron maiden	http://guitarflash.me/?gfcMus=34K0TVDDOSGU
Tentang Cinta - Ipang	http://guitarflash.me/?gfcMus=98ANLHWQHJT2
Empty Corner - Stone	http://guitarflash.me/?gfcMus=UC64RD13ICQG
Hearts Burst Into Fire - Bullet For My Valent	http://guitarflash.me/?gfcMus=IT7N8QM5OU4G
Angels Of Clarity - Dead by April	http://guitarflash.me/?gfcMus=191X6DAE868T
My Michelle  - Guns N Roses	http://guitarflash.me/?gfcMus=GR76ARWB9UYD
Revolution Is My Name - Pantera	http://guitarflash.me/?gfcMus=AXNXD8E0LIWP
Inferno 125 speed - New mlu	http://guitarflash.me/?gfcMus=9DCURLKOXCY0
Koi no aibou kokoro no Cupido - ONE OK ROCK	http://guitarflash.me/?gfcMus=B5C0VO5M5LGO
Wheels 2 SP - Adriano Hipy	http://guitarflash.me/?gfcMus=88GKIMM38ASK
Wake Me Up - Avicii	http://guitarflash.me/?gfcMus=4ULW38W1WGAW
Evisceration Plague - Cannibal Corpse	http://guitarflash.me/?gfcMus=A09R8PRHGYB2
Snuff - Slipknot	http://guitarflash.me/?gfcMus=4G2XYOAQA0VG
Night Changes - One Direction	http://guitarflash.me/?gfcMus=EWWKCS7ATLCA
Go Go Power Rangers - Power Rangers	http://guitarflash.me/?gfcMus=EP1OL5VVWN6S
Hallowed be thy Name - Iron Maiden	http://guitarflash.me/?gfcMus=5JE5IFUL50YW
Mirror Mirror - Candlemass	http://guitarflash.me/?gfcMus=XNEXUGNGPUU3
Adams Song - Blink 182	http://guitarflash.me/?gfcMus=UT50QHLOVQWP
Boulevard Of Broken Dreams - Green Day	http://guitarflash.me/?gfcMus=4XCUSDPYW20E
Revolution Deathsquad PACK - Adriano Hipy	http://guitarflash.me/?gfcMus=OPLGWA7MMVJN
Coloca lv6 - IaGF	http://guitarflash.me/?gfcMus=ELS993H1WI12
Diachylon - Chaotrope	http://guitarflash.me/?gfcMus=RS6WUJ7OI2FQ
The Washing Away Of Wrong - John 5	http://guitarflash.me/?gfcMus=H82WYTGI5QH6
Frijolero - Molotov	http://guitarflash.me/?gfcMus=3081OFBUE0OO
Apocalipsis Confort - AIRBAG	http://guitarflash.me/?gfcMus=EFMODLBBD0WC
Amerika - Rammstein	http://guitarflash.me/?gfcMus=JEHQ71BIBNQI
Lived and Learned - Marc Rizzo	http://guitarflash.me/?gfcMus=YSGFADD0YA0B
Daddy Discord - DBpony	http://guitarflash.me/?gfcMus=0JQ218L1S5GX
The Awakening - Galneryus	http://guitarflash.me/?gfcMus=WBODGPMCJXSK
Blow Me Away - Breaking Benjamin	http://guitarflash.me/?gfcMus=9BTIAFUIJGVE
Holy Mountains - System Of A Down	http://guitarflash.me/?gfcMus=305G0TC3J5PA
Rosemary - Deftones	http://guitarflash.me/?gfcMus=TLXDCKNIBLXU
Until The End - Avenged Sevenfold	http://guitarflash.me/?gfcMus=1W3MEVBRVU8R
Believe It Or Not - Nickelback	http://guitarflash.me/?gfcMus=UTABO5817RVI
Goofy Goober Rock - Spongebob Squarepants	http://guitarflash.me/?gfcMus=0Y40Y3WEPDV7
Total eclipse of the chart - Callum Whyte	http://guitarflash.me/?gfcMus=NB1EJ70PXX4K
Pasen Y Beban Letra - Mägo De Oz	http://guitarflash.me/?gfcMus=SA2JDSU4S9LV
Son Of The King Solo 22x - Hellish War	http://guitarflash.me/?gfcMus=UQTOIRVAMUGA
Arise - Sepultura	http://guitarflash.me/?gfcMus=IBCF7RMW7RW8
La guitarra de Lolo (Don) - Lolo (Miranda!)	http://guitarflash.me/?gfcMus=3LJMHG6HUSYT
Victory Solo J - Schmutz06	http://guitarflash.me/?gfcMus=MH7P0EN3V9X0
Scars Cry - LoisGF	http://guitarflash.me/?gfcMus=91JWOH3TOPXP
18 - 5 Seconds of Summer	http://guitarflash.me/?gfcMus=9GXLUD2R15DD
No More Regrets - Arch Enemy	http://guitarflash.me/?gfcMus=WP9DIIJRSMJ1
People = Shit - Slipknot	http://guitarflash.me/?gfcMus=5YTIGJSWOSFA
Over the Rainbow - TheMetea11	http://guitarflash.me/?gfcMus=CVGJMCHG2SA4
Walking Dead Man - Black Tide	http://guitarflash.me/?gfcMus=S865K9J3WXKY
[Tokyo Revengers] Cry Baby - Dism	http://guitarflash.me/?gfcMus=YVP34IY4YE4D
The Ultraviolence - Joe Stump	http://guitarflash.me/?gfcMus=3JUE0D14BE9P
Injection - Rise Against	http://guitarflash.me/?gfcMus=7FMPYKTECFLC
We Will Rise - Arch Enemy	http://guitarflash.me/?gfcMus=IFOB1WEX2B2Q
This Pain - Kamelot	http://guitarflash.me/?gfcMus=MN73PX2TVD4W
5Sp Ometh - After The Burial	http://guitarflash.me/?gfcMus=K8GLHPER3OK8
We Are Number One - LazyTown	http://guitarflash.me/?gfcMus=3DT2ASNCAA3S
Sorry For Everything - Dead By April	http://guitarflash.me/?gfcMus=U4LPAUJO9DTK
Time is Running Out - Muse	http://guitarflash.me/?gfcMus=2LOPHM2ORGLY
Devils Work - Freddie Dredd	http://guitarflash.me/?gfcMus=YNAUEV8BFRUM
Soulless 3 (update chart) - Exilelord	http://guitarflash.me/?gfcMus=NEL28WHG8P7A
Pretty Fly (For A White Guy) - The Offspring	http://guitarflash.me/?gfcMus=302TIHJWVMPV
Chop Suey Treino Parte D Expert - Adriano Hip	http://guitarflash.me/?gfcMus=CFD9XUG4KN43
Dna (Adaptada) - Sidney600	http://guitarflash.me/?gfcMus=K0RO52IW5BCW
Bodom After Midnight - Children of Bodom	http://guitarflash.me/?gfcMus=C0NDW54I7HQ5
1406 - Mamonas Assassinas	http://guitarflash.me/?gfcMus=PMR3NBCND66E
Dedicate Your Heart - Epica	http://guitarflash.me/?gfcMus=1M1L6F1KFD80
Preludio Final - Adriano Hipy	http://guitarflash.me/?gfcMus=LR0DNMMCQTSI
Sol Y Luna - Akash	http://guitarflash.me/?gfcMus=CQCL766X6S4S
Déja Vu - Pitty	http://guitarflash.me/?gfcMus=XSGB1UREYS0O
Gens dArmes - Falcom Sound Team jdk	http://guitarflash.me/?gfcMus=A75Q8WNHEEI7
Sweet Dreams - Marilyn Manson	http://guitarflash.me/?gfcMus=UI7JS8PBXPK1
For Whom The Bell Tolls - Metallica	http://guitarflash.me/?gfcMus=NT47VVTKFHMO
JUGGERNAUT - Schmutz06	http://guitarflash.me/?gfcMus=Y5B8RBF79RDM
Your Betrayal - Bullet For My Valentine	http://guitarflash.me/?gfcMus=DQ94TUINO8S2
I Am A Cybernetic Organism - Austrian Death M	http://guitarflash.me/?gfcMus=8DKN3KTCPYAJ
Circus Black - Amberian Dawn	http://guitarflash.me/?gfcMus=RR75CLDVJ1E2
Sourced Autonomy - Buckethead	http://guitarflash.me/?gfcMus=XD3BBAKMAVKF
Speed Kills (No Boundaries) - Michael Angelo	http://guitarflash.me/?gfcMus=UQNLIL03P7T5
Thrasher - Evile	http://guitarflash.me/?gfcMus=8391KDRI900U
Stare At Yourself - Hibria	http://guitarflash.me/?gfcMus=A4MHIGSPR7FL
Silver Surfing With The Alien - Joe Satriani	http://guitarflash.me/?gfcMus=UMDCOYB1ADPD
Speedcore 100000 bpm - GodelGF	http://guitarflash.me/?gfcMus=URFPUCFYIBUX
Death - Nervosa	http://guitarflash.me/?gfcMus=NM91F2WMCI3L
Rain Forest - Michael Angelo Batio	http://guitarflash.me/?gfcMus=Q3NRKN1FHEO8
Cigaro - System Of A Down	http://guitarflash.me/?gfcMus=MU42P4XTTSA2
The Nameless - Slipknot	http://guitarflash.me/?gfcMus=JUTLTKBFSMI4
Escaping - Kiko Loureiro	http://guitarflash.me/?gfcMus=1VE0FHI6JCIP
Natural Selection - Rings Of Saturn	http://guitarflash.me/?gfcMus=K34POKMQ85GQ
Utopia - Schmutz06	http://guitarflash.me/?gfcMus=JFD8BVX1L9F3
The Duel - Rusty Cooley	http://guitarflash.me/?gfcMus=FGEV2M2OLDLS
Carry On - Avenged Sevenfold	http://guitarflash.me/?gfcMus=OUMU3OBKUTO9
Con Clavi Con Dio - Ghost	http://guitarflash.me/?gfcMus=KDH5R4OMIKEG
Game Over - Mike Orlando	http://guitarflash.me/?gfcMus=3082LOL0081O
SEGUNDO SP PRELUDIO - Luccas_FC	http://guitarflash.me/?gfcMus=EP0WIMM2A1IF
Breaking Point - Bullet For My Valentine	http://guitarflash.me/?gfcMus=NRCBXHV18KW6
Distortion Sleep - Soilwork	http://guitarflash.me/?gfcMus=MBFVUU8J3X20
The Chapeltown Rag  - Slipknot	http://guitarflash.me/?gfcMus=SILAYLYE2B62
Angel of Salvation - Galneryus	http://guitarflash.me/?gfcMus=2E51QBINPUPS
Ties That Bind - Alter Bridge	http://guitarflash.me/?gfcMus=F2R4DPGC4HJC
Selkies The Endless Obsession - Between The B	http://guitarflash.me/?gfcMus=GJLTKXACRJ2G
Kyoto - Skrillex	http://guitarflash.me/?gfcMus=6AOKCSBGLH3V
know The Diference  - Stratovarius	http://guitarflash.me/?gfcMus=RPONPNRYIG0S
Take Off! - Blue Exorcist	http://guitarflash.me/?gfcMus=R6UQ19I88SGV
Hollow - pantera	http://guitarflash.me/?gfcMus=49DVG9J4PXBI
Invocation Of Apocalyptic Evil Intro - Dragon	http://guitarflash.me/?gfcMus=F6W99YY31FOY
Faint - Linkin Park	http://guitarflash.me/?gfcMus=W6RD0P04EOMR
Dia - Anji	http://guitarflash.me/?gfcMus=QJWX93HY31GR
Tribute to Randy - Michael Angelo Batio	http://guitarflash.me/?gfcMus=2QSTV1T7GLRX
Wind #2 - Naruto	http://guitarflash.me/?gfcMus=0FBLIGU82QC1
Machine Doll wa Kizutsukanai Ending - Hitomi	http://guitarflash.me/?gfcMus=JACSB19S6ULI
Soulless 4 - ExileLord	http://guitarflash.me/?gfcMus=XO8UTAR9S67X
Sudden Death Intro - Megadeth	http://guitarflash.me/?gfcMus=WYVC52JUATRN
Cry For Eternity - Dragonforce	http://guitarflash.me/?gfcMus=1PCWHVGU31CF
Anthem of the Lonely - Nine Lashes	http://guitarflash.me/?gfcMus=CR9UHBR6HS5R
Holding On - DragonForce	http://guitarflash.me/?gfcMus=BDY8URW7U8DL
Theres no Escape - Galneryus	http://guitarflash.me/?gfcMus=PFSQFLO3KU06
Not Ready To Die - Avenged Sevenfold	http://guitarflash.me/?gfcMus=VB1F9IS4ER38
Recreant - Chelsea Grin	http://guitarflash.me/?gfcMus=X9YALSXMYNQF
Transylvania - Iron Maiden	http://guitarflash.me/?gfcMus=D92ODIQOJR0V
Isabella - Ozielzinho	http://guitarflash.me/?gfcMus=6WVQH7F7CC29
Revenga - System Of A Down	http://guitarflash.me/?gfcMus=K45DIJA0TA4G
Bardock Theme - Dragon Ball Z	http://guitarflash.me/?gfcMus=6GSIQYNYHG97
The Hero - Jam Project	http://guitarflash.me/?gfcMus=N51SW6UTKGM1
Nyan Nyan Cat - Abel Baca Perez	http://guitarflash.me/?gfcMus=GCO1NRJ722JY
No Way Out - Bullet For My Valentine	http://guitarflash.me/?gfcMus=DP6SIK28FK5X
The Mirror - Nautiluz	http://guitarflash.me/?gfcMus=56S6UAR8UXWS
Peace Sells - Megadeth	http://guitarflash.me/?gfcMus=QGJ2SKK0641L
Bodom Beach Terror - Children of Bodom	http://guitarflash.me/?gfcMus=U2UNB755AB4F
Baba ORiley - The Who	http://guitarflash.me/?gfcMus=FY7LR15H2M5A
X - System of a Down	http://guitarflash.me/?gfcMus=X0EU62644GIJ
Mathair (2016 note song) - Rob Scallon	http://guitarflash.me/?gfcMus=S4XP8647WRG8
Better This Way - Cherri Bomb	http://guitarflash.me/?gfcMus=X3V3FOAOIULI
Megalodon - Jarvis9999	http://guitarflash.me/?gfcMus=WR79PDI35JVO
Daylight Dies - Killswitch Engage	http://guitarflash.me/?gfcMus=L5JPUFUIDDV8
Styx Helix - Myth Roid	http://guitarflash.me/?gfcMus=9L1Q715FAHUB
Complicated Crying - Syu	http://guitarflash.me/?gfcMus=19XCJJ2IR4WF
Uber Song 2 Impossible  - Invader037	http://guitarflash.me/?gfcMus=EMHSYXN09JRG
Rise of the Tyrant - Arch Enemy	http://guitarflash.me/?gfcMus=JAG60EQK9KKA
Omoide Kakera. - NANO	http://guitarflash.me/?gfcMus=GF5OQD6377B6
T.F.F.B - Galneryus	http://guitarflash.me/?gfcMus=UI9BXHO1Y4VE
Zóio de Lula - Charlie Brown Jr	http://guitarflash.me/?gfcMus=3N20FGMUHH23
Are You Dead Yet? - Childern Of Bodom	http://guitarflash.me/?gfcMus=AYF3PYTWEMXI
Nirvana - The Man Who Sold The World	http://guitarflash.me/?gfcMus=U2S51M7P8HGN
Better - Guns N Roses	http://guitarflash.me/?gfcMus=C0V4DNSUSNDO
Danger Line  - Avenged Sevenfold	http://guitarflash.me/?gfcMus=IEYU5IR8VP0B
Wanderer On The Offensive - SHADOW OF THE COL	http://guitarflash.me/?gfcMus=NCYDYMJNBCGW
Death - BABYMETAL	http://guitarflash.me/?gfcMus=IYIGPL4P44KA
Losing Track of Time - Deventter	http://guitarflash.me/?gfcMus=GE96OA9FBEAL
Lo Toe Ye - Rhythm In Freedom RIF	http://guitarflash.me/?gfcMus=V1RH4VTL7K5X
Parte q Ceifa o cu d qm tenta - Darqui Merer	http://guitarflash.me/?gfcMus=YVRMCB6NMG44
Baroque and Roll - Yngwie Malmsteen	http://guitarflash.me/?gfcMus=OVIE20JDCU1T
Road Of Resistance Live Vertion - Babymetal	http://guitarflash.me/?gfcMus=A4NJWIT2K8Q9
Push It  - Static X	http://guitarflash.me/?gfcMus=GTTUJ2T467OQ
T.A.Z - Black Label Society	http://guitarflash.me/?gfcMus=X9YBI28RKV3F
Ijime, Dame, Zettai - Baby Metal	http://guitarflash.me/?gfcMus=OVK3GKMNLLD7
Where Dragons Rule - DragonForce	http://guitarflash.me/?gfcMus=QI1LA0Q7D54U
[Bleach] ALONES - AQUA TIMEZ	http://guitarflash.me/?gfcMus=48GH33R070NW
Flatlines, Thin Lines - John 5	http://guitarflash.me/?gfcMus=KM366DJ4SFM2
THE DEVILS DEN - SKRILLEX AND WOLFGANG GARTNE	http://guitarflash.me/?gfcMus=0S8UVVTIK11F
First Of The Year - Skrillex	http://guitarflash.me/?gfcMus=E3VDTJCH7OIG
Dancing Dead - Avenged Sevenfold	http://guitarflash.me/?gfcMus=0UQ9R4K2SXGO
Someone Somewhere Popkong Remix - Asking Alex	http://guitarflash.me/?gfcMus=6GNETJHNYK92
Quiero Llegar - Gustavo Santaolalla	http://guitarflash.me/?gfcMus=UVYNERX0RNLA
Blizzard - Dragon Ball Super Broly	http://guitarflash.me/?gfcMus=E4J4HWAMW3KH
Los Prisioneros - Sexo - No Artist Set	http://guitarflash.me/?gfcMus=18BI4G9Y91UE
Throes Of Perdition - Trivium	http://guitarflash.me/?gfcMus=HGPX0FGWH11G
Im Not A Vampire - Falling In Reverse	http://guitarflash.me/?gfcMus=QSJ12EDS6X12
The Legend Of Zelda	http://guitarflash.me/?gfcMus=YY88LF8AL57C
King For A Day - Pierce The Veil	http://guitarflash.me/?gfcMus=43DBT7F7CFTY
Numb - Linkin Park	http://guitarflash.me/?gfcMus=L3V9GUY0FLTH
El Mejor Solo de Guitarra del mundo  - Noel C	http://guitarflash.me/?gfcMus=DSPX0HBE2A8W
No More Sorrow - Linkin Park	http://guitarflash.me/?gfcMus=6BL0M6DOPM4H
Fuwa Fuwa Time - K-ON!	http://guitarflash.me/?gfcMus=KCN8RAJSG81L
Story of My Life - One Direction	http://guitarflash.me/?gfcMus=GJGOS2JQ38FC
Teletubbies - Abel Baca Perez	http://guitarflash.me/?gfcMus=QNANJSJ7D8KB
Scars - Papa Roach	http://guitarflash.me/?gfcMus=Q083KT4FQ1K1
Soul Of A Robot - John 5	http://guitarflash.me/?gfcMus=31XCHTQPDN2G
Nightcore - Colors of the Heart - No Artist S	http://guitarflash.me/?gfcMus=NJTGNQL7LN01
Vultures - Arch Enemy	http://guitarflash.me/?gfcMus=XBID89MJEX6F
Debil Metal  - Mamonas Assassinas	http://guitarflash.me/?gfcMus=8KGDOG90175D
Rebirth - Eluveitie	http://guitarflash.me/?gfcMus=7H6SL1IBSP0B
To Live Is To Die - Metallica	http://guitarflash.me/?gfcMus=PQW7MBK9OVY1
Breaking Point - Parkway Drive	http://guitarflash.me/?gfcMus=VJRTYHBASQMB
A7X - shepherd of fire solo - Scream Solo  -	http://guitarflash.me/?gfcMus=GCJUVWSLCQWT
Riot - Bullet For My Valentine	http://guitarflash.me/?gfcMus=PLVJO05VU5ST
Shangri-La | Pareidolia - Elena Siegman	http://guitarflash.me/?gfcMus=OM42NFM1FCG3
Tornado Watch - Joe Stump	http://guitarflash.me/?gfcMus=H29CL8CDW9MS
training you hands 3 - Mix By Suchakree -.-	http://guitarflash.me/?gfcMus=9K4KRD5H5XIC
Missionary Man - Ghost	http://guitarflash.me/?gfcMus=4KB8PK9XA2C8
Dirty little secret   MEJORADA - Bullet For M	http://guitarflash.me/?gfcMus=82G4553RT9AO
Rabbit Soup - Paulo Schroeber	http://guitarflash.me/?gfcMus=MHCUU14J0C95
Ever Fallen In Love - The Buzzcocks	http://guitarflash.me/?gfcMus=T3TMRLO3MPGQ
Going Under - evanescence	http://guitarflash.me/?gfcMus=87NM66N77BQE
Lose Control - Ash	http://guitarflash.me/?gfcMus=P5QMJ69CQHNE
De Musica Ligera - Soda Estereo	http://guitarflash.me/?gfcMus=TBNJVVTJI9BK
Dont Talk to Strangers - Dio	http://guitarflash.me/?gfcMus=BJV60H8XL7VQ
Kuusou Mesorogiwi - Yousei Teikoku	http://guitarflash.me/?gfcMus=K2JLHJHR59E3
Gravity Beetle - Megaman X3 OST	http://guitarflash.me/?gfcMus=LW4G8JTL8IAH
The devil went down to finland - Puppetz	http://guitarflash.me/?gfcMus=WHWJEHKUWWL1
La Cantata Del Diablo - Mago de Oz	http://guitarflash.me/?gfcMus=F7TJHCUFXM1W
Sellouts - Breathe Carolina	http://guitarflash.me/?gfcMus=QXF65LFOBBVU
The Animal - Disturbed	http://guitarflash.me/?gfcMus=DGWR2MR9T3I0
Addiction - Dope feat. Zakk Wylde	http://guitarflash.me/?gfcMus=A75S2D8RKU67
Solo Soothsayer - Adriano Hipy	http://guitarflash.me/?gfcMus=9LSYSA6X43VR
Eruption - Van Halen	http://guitarflash.me/?gfcMus=YC2YNB952L8Y
Tapion Theme - DBZ	http://guitarflash.me/?gfcMus=BYARSB7J4KYQ
Abandon - Stratovarius	http://guitarflash.me/?gfcMus=1956SQLA4XJY
Keine Lust - Rammstein	http://guitarflash.me/?gfcMus=52A3RFJE396I
Running Up That Hill - Kate Bush	http://guitarflash.me/?gfcMus=D9NPFM7J2NK7
Wash It All Away - Five Finger Death Punch	http://guitarflash.me/?gfcMus=Q9SA245S7UHA
Blitzkrieg Bop - Ramones	http://guitarflash.me/?gfcMus=F59JJTC2V8YW
Chika Enamorada - Nacion Combi	http://guitarflash.me/?gfcMus=11LIJ9SGB6MG
The Essence of Silence - Epica	http://guitarflash.me/?gfcMus=HLVN2OHDM8IT
Spontaneous Me - Lindsey Stirling	http://guitarflash.me/?gfcMus=J54FC1U91QSF
Flesh And The Power It Holds - Death	http://guitarflash.me/?gfcMus=N372PWT2CH3I
FlashBack - Asian Kung Fu Generation	http://guitarflash.me/?gfcMus=V3HSWAAF68IP
Until We Die - Escape the Fate	http://guitarflash.me/?gfcMus=5YUGL37NICQA
Alive - Wage War	http://guitarflash.me/?gfcMus=9THX0FL39VR2
Tomorrows Kings - Dragonforce	http://guitarflash.me/?gfcMus=RG803J43Q2EY
Warriors of Light - FREEDOM CALL	http://guitarflash.me/?gfcMus=BJSLBUA6PCVC
Eternal Flames Of Metal - Cryonic Temple	http://guitarflash.me/?gfcMus=DYR1X2DQHLD7
Utopia (Only Expert) - Schmutz06	http://guitarflash.me/?gfcMus=BYCLCN7LX1MR
Shinkokyu - SUPER BEAVER	http://guitarflash.me/?gfcMus=YO3JWN5WH586
Porcupines Challenge 2 - New	http://guitarflash.me/?gfcMus=XV16TKE1FHQ1
MAS QUE DESGRASSA - MANEIRANDO	http://guitarflash.me/?gfcMus=I75MU7A0MBS8
Sword Art Online Opening 2	http://guitarflash.me/?gfcMus=BFE4UUA8EQGF
7 Words - Deftones	http://guitarflash.me/?gfcMus=HL3I5DME6ITC
Drink Drank Drunk - Hellyeah	http://guitarflash.me/?gfcMus=2OBBFMN09KOO
In Pieces - Linkin Park	http://guitarflash.me/?gfcMus=YWO1PGXR5DSP
Dragon Ball Super ED 3 - Projeto Remake	http://guitarflash.me/?gfcMus=QO5COWMPHY9J
Speed Of Light - Stratovarius	http://guitarflash.me/?gfcMus=2XTTIBL3HM9K
Amazing - Aerosmith	http://guitarflash.me/?gfcMus=0H010SGMEA3R
Vortex - Jinjer	http://guitarflash.me/?gfcMus=KP7EJVTE5IXC
Pain - Three Days Grace	http://guitarflash.me/?gfcMus=D5KKEE7P5UWK
Utopia 125% speed - Schmutz06	http://guitarflash.me/?gfcMus=IGLNJLKRES2C
Poison - Endeverafter	http://guitarflash.me/?gfcMus=M726HDGGDXAG
Land Of Confusion - Disturbed	http://guitarflash.me/?gfcMus=P9Y7Y9U4XLGS
nadadenadade SEU MADRUGA - Hoorayforfakes	http://guitarflash.me/?gfcMus=YDY8VO5H0TKX
The Stage - Avenged Sevenfold	http://guitarflash.me/?gfcMus=STNXLYVIAVHW
Veil of Illumination - Andromeda	http://guitarflash.me/?gfcMus=BDRDR3R6BX23
Twilight Skies - Victorius	http://guitarflash.me/?gfcMus=XSKTW05WN7B3
Lous Revenge - Steve Ouimette	http://guitarflash.me/?gfcMus=E2YXJ6B92JIU
Peace Sells - Megadeth (U-R)	http://guitarflash.me/?gfcMus=94XNJSJ4MIPW
The Trend - Annihilator	http://guitarflash.me/?gfcMus=NX7KPM3GPT3X
Absolute Soul - Konomi Suzuki	http://guitarflash.me/?gfcMus=RVP7H8CLQITC
Dungeon ni Deai Opening 1 - GuilhermexGF	http://guitarflash.me/?gfcMus=55QRRAGETM9P
Triumph For My Magic Steel - Rhapsody Of Fire	http://guitarflash.me/?gfcMus=NFDAWX7TG3VQ
Guitar Duel Toki vs Skwisgaar - Metalocalypse	http://guitarflash.me/?gfcMus=4FAROPKPUOIN
Strike Of The Ninja - DragonForce	http://guitarflash.me/?gfcMus=UI4Y3LRJ3UKM
Innocence - Halestorm	http://guitarflash.me/?gfcMus=6KQP88Q7FUFN
Wait And Bleed - Slipknot	http://guitarflash.me/?gfcMus=VKEMHCTPPLCC
Mega Man X3 OST - Zero Theme	http://guitarflash.me/?gfcMus=BRBGKLJ0BASH
Constant Uber Motion  - xXxDreamTheater69xXx	http://guitarflash.me/?gfcMus=G3E74C1DTX9N
Hollywood Whore - Papa Roach	http://guitarflash.me/?gfcMus=5VD6MQ8NCANC
Bad Vibrations - A Day To Remember	http://guitarflash.me/?gfcMus=V6Y15WE1KMLN
Paranoia - A Day To Remember	http://guitarflash.me/?gfcMus=TIHUFQWDR5IB
Bards Revenge Nivel 6 - Aeon Bridge	http://guitarflash.me/?gfcMus=M638VFHR70M5
Dragonforce - Scars of Yesterday [www.slider.	http://guitarflash.me/?gfcMus=NR3LI7XV9G4M
I Hate You - Slayer	http://guitarflash.me/?gfcMus=NB7AJ5FW3GR3
Big Cheese - Nirvana	http://guitarflash.me/?gfcMus=4UQ8X4TITQLO
Get Out Of My Way - Secret Metal	http://guitarflash.me/?gfcMus=NCRIWXFMR26E
All Guns Blazing  - Judas Priest	http://guitarflash.me/?gfcMus=U7XSNT7SJNLD
Mea Culpa - The Human Abstract	http://guitarflash.me/?gfcMus=EI8AALXNU4Y2
R U Mine - Arctic Monkeys	http://guitarflash.me/?gfcMus=QYBMC7R21N8F
Toque do Whatsapp - Luccas_FC	http://guitarflash.me/?gfcMus=6WU196QLW62V
4 Words (To Choke Upon) - Bullet For My Valen	http://guitarflash.me/?gfcMus=3KJVVRNTG0B4
No puedo vivir sin ti - Clavito y su Chela :v	http://guitarflash.me/?gfcMus=A9UVXAWG558C
A Place Where You Belong - Bullet For My Vale	http://guitarflash.me/?gfcMus=9YRVN2XEAVKJ
Tougenkyou Alien OP9 Gintama - Serial TV Dram	http://guitarflash.me/?gfcMus=N0U81OP41XHB
Cry For Eternity - Dragonforce	http://guitarflash.me/?gfcMus=KPFGJLN8UVEI
tetris metal theme - PowerGlove	http://guitarflash.me/?gfcMus=72TRY82EIL82
Charlie - Red Hot Chili Peppers	http://guitarflash.me/?gfcMus=THFB7XOT44IK
Override - Slipknot	http://guitarflash.me/?gfcMus=6GP34DV3SJWF
Don Xperto - Uno Fast Part - No Artist Set	http://guitarflash.me/?gfcMus=3XHYQRVBFXYJ
Goofy Goober - Spongebob Squarepants	http://guitarflash.me/?gfcMus=YFEXSRCNCE05
Enfermo - Kiko Loureiro	http://guitarflash.me/?gfcMus=14YDYRPF733M
The Diary of Jane (LEAD) - Breaking Benjamin	http://guitarflash.me/?gfcMus=AU26C8MSWH6D
Ride - twenty one pilots	http://guitarflash.me/?gfcMus=7RE4TW4PY0MV
Triste cancion de amor - EL TRI  - El tri	http://guitarflash.me/?gfcMus=VPG1NPXNYJIW
Sourced Autonomy - Buckethead	http://guitarflash.me/?gfcMus=01MCG9ML49YS
Pisadinha - Guitarra Humana	http://guitarflash.me/?gfcMus=XD9IH8CKS9J8
Asustado - Billy y los Gasonoros	http://guitarflash.me/?gfcMus=0N223WXON5K3
Creep (synchronized) - Radiohead	http://guitarflash.me/?gfcMus=MFGJIRK2J5EV
Creeping Death - Metallica	http://guitarflash.me/?gfcMus=O7JFPVCH6QDX
Break The Cycle - Motionless In White	http://guitarflash.me/?gfcMus=II9BYFWB4P4Q
Vultures - Arch Enemy	http://guitarflash.me/?gfcMus=PANPRVQYOEU7
Runnin Down A Dream  - Tom Petty	http://guitarflash.me/?gfcMus=KUPE780JVU70
Black Winter Night - Dragonforce	http://guitarflash.me/?gfcMus=7WQRQK5LF6FQ
Carry On - Avenged Sevenfold	http://guitarflash.me/?gfcMus=WTR9K4CKS5AO
Dont Stay - Linkin Park	http://guitarflash.me/?gfcMus=6ATV7O8XIQEN
Kimi Ga Inai Mirai - Do As Infinity	http://guitarflash.me/?gfcMus=1DB2W1SLG3OY
Black Fire  - Dragonforce	http://guitarflash.me/?gfcMus=HCFRFBDG2NWC
Po Pi Po - Hatsune Miku	http://guitarflash.me/?gfcMus=1GSG5VE7NMRJ
Demo #5 - Syu	http://guitarflash.me/?gfcMus=PR0JWM1NXJM5
Juegos De Seducción - Soda Stereo	http://guitarflash.me/?gfcMus=DFYNDOMPG761
Chemical Warfare  - Slayer	http://guitarflash.me/?gfcMus=BI1ISLFK3OII
A Work of Art OVERCHART - Ice Nine Kills	http://guitarflash.me/?gfcMus=RFGVN2YBI6P5
No One Like You - Scorpions	http://guitarflash.me/?gfcMus=274YAJ6JIDJ6
Assassin - Muse	http://guitarflash.me/?gfcMus=4570CYCSDS7I
Ela Roubou Meu Caminhao - Matanza	http://guitarflash.me/?gfcMus=16INMGUCFIH8
Brain Power.mp3 - NOMA	http://guitarflash.me/?gfcMus=ASJWPJHVP2RQ
My Inmortal - Evanescence	http://guitarflash.me/?gfcMus=LBQ5NWTCPXCA
Shipwrecked - Alestorm	http://guitarflash.me/?gfcMus=GMXV1PNBGMIA
Satania - Mago De Oz	http://guitarflash.me/?gfcMus=C6VIWORVY87K
Pianists Nightmare - Metallicais1337	http://guitarflash.me/?gfcMus=T8224N4XMULH
Flex - Mike Orlando	http://guitarflash.me/?gfcMus=BM6MTDD1S705
Theres No Sympathy For The Dead - Escape The	http://guitarflash.me/?gfcMus=MU0IXQA7J5MM
Transylvania - Iron Maiden	http://guitarflash.me/?gfcMus=J65448SM84S5
Emerald Sword - Rhapsody Of Fire	http://guitarflash.me/?gfcMus=TFTJ6XWLG3S7
Uprising - Muse	http://guitarflash.me/?gfcMus=6HCTRPT8JXYH
With a Dance Number - Hatsune Miku	http://guitarflash.me/?gfcMus=CX8HYTGC2QBA
Bulls in the Bronx - Pierce The Veil	http://guitarflash.me/?gfcMus=FG73SEIW9IYA
Abertura - Yu Gi Oh GX	http://guitarflash.me/?gfcMus=KCNEUAPOM5P9
In My Head - Queens of The Stone Age	http://guitarflash.me/?gfcMus=X4QYHA4D0YMC
Not The American Average - Asking Alexandria	http://guitarflash.me/?gfcMus=HGU3U3WEL4CL
Caderno Azul - ENEM 2015	http://guitarflash.me/?gfcMus=RC0FKOTG56XK
Im the one metralhas - Van Halen	http://guitarflash.me/?gfcMus=RFBKS52TMWED
Keygen Music - FFF	http://guitarflash.me/?gfcMus=ERP6HJIM2987
The Godfather - Slash	http://guitarflash.me/?gfcMus=2FW39KCACI3L
Braingate - Buckethead	http://guitarflash.me/?gfcMus=Q1Y9R14KQLAT
Hotel California - Eagles	http://guitarflash.me/?gfcMus=WUHTRS9RD00Q
Joker and The Thief - Wolfmother	http://guitarflash.me/?gfcMus=J63AMNJGRFS4
Victim - Avenged Sevenfold	http://guitarflash.me/?gfcMus=8FAQYHJ1A9BN
Patterns 4 - Schmutz06	http://guitarflash.me/?gfcMus=W35MVXI2BV8E
Inhuman Solo Rampage - Dragonforce	http://guitarflash.me/?gfcMus=JUVB4DPUML6I
You Suffer - Napalm Death	http://guitarflash.me/?gfcMus=N1N4JO4QUGUI
Ceria - JRocks	http://guitarflash.me/?gfcMus=HW616K3TGYG7
Kagüasaki - Tronic	http://guitarflash.me/?gfcMus=YYF2QV27J86U
Whiskey In The Jar - Metallica	http://guitarflash.me/?gfcMus=C1LIICK66KE4
Burn It Down - Alter Bridge	http://guitarflash.me/?gfcMus=SQ6NIV6NP2QY
DNA 3 - Sidney600	http://guitarflash.me/?gfcMus=R8J1VEOWL8IN
Rebel Yell - Billy Idol	http://guitarflash.me/?gfcMus=P0K1NO4N70IO
Astro Warrior Anthem  - DragonForce	http://guitarflash.me/?gfcMus=NQF2P40OADJ8
Gravitation - Girugamesh	http://guitarflash.me/?gfcMus=14VYD5XJI6QU
From A Cage - Envoi	http://guitarflash.me/?gfcMus=NDVRDRBRU95I
Ignorance - Paramore	http://guitarflash.me/?gfcMus=LXPHK4DA4XO4
The Wrath Of Mr. Greg Murphy - Mr. Greg Murph	http://guitarflash.me/?gfcMus=NUSTUBL6R0CQ
Bumblee Bee Vlad Filth - Schmutz 06	http://guitarflash.me/?gfcMus=AKXFWPO11T77
I Love Rock N Rol - Joan Jett  the blackhear	http://guitarflash.me/?gfcMus=WST8A87D9BAD
Alas - Soy Luna	http://guitarflash.me/?gfcMus=1L007WXL0O89
Ejercito De Las Tinieblas - Tierra Santa	http://guitarflash.me/?gfcMus=XMNWQAT6W8SX
GO !!! Flow Naruto	http://guitarflash.me/?gfcMus=8VIBKM7P2EGH
Twisted Void - LemonXreaper	http://guitarflash.me/?gfcMus=TK08S5WPR9XW
The Awakening - Galneryus	http://guitarflash.me/?gfcMus=WAR01S6DM8GY
Stick Stickly - Attack Attack	http://guitarflash.me/?gfcMus=DVCC006L50Y0
OMG Solo - Prebensoerensen93	http://guitarflash.me/?gfcMus=VDNWKCYRWRHY
The Final Countdown - Europe	http://guitarflash.me/?gfcMus=Q04JRGGSGEXL
Cleanse The Bloodlines - Unleash The Archers	http://guitarflash.me/?gfcMus=S45JGEOYAM3R
High School Of The Dead	http://guitarflash.me/?gfcMus=YOWMYHFLQE9N
Kaleb - Battlecross	http://guitarflash.me/?gfcMus=FXEE08P9EHRS
Switchback - Celldweller	http://guitarflash.me/?gfcMus=A2X77V331C1H
A Frozen Serenade - Lovebites	http://guitarflash.me/?gfcMus=4F6GTTN8YF7V
Marathon - Schmutz06	http://guitarflash.me/?gfcMus=VS065M7TK9LU
For the Love of God  - Steve Vai	http://guitarflash.me/?gfcMus=81N4DL4KYAWT
La Paisana Jacinta - Abel Baca Perez	http://guitarflash.me/?gfcMus=1BQ3VRKD0WXY
Mirror Mirror - Blind Guardian	http://guitarflash.me/?gfcMus=YGFOX2BDCSCI
Metralhas Traveller v: - Structural Vortex	http://guitarflash.me/?gfcMus=X0FRI40KQK6K
Rising Infuriation - Galneryus	http://guitarflash.me/?gfcMus=YAE80YB0C76X
The Lords of the Underworld  - Timmy	http://guitarflash.me/?gfcMus=FQMU6917SLK4
El Ultimo Adios - ZuDeX	http://guitarflash.me/?gfcMus=TU5PHPJ234WF
Future - Paramore	http://guitarflash.me/?gfcMus=P32ASJJD7LXM
Paint it Black - The Rolling Stones	http://guitarflash.me/?gfcMus=MPY3T5V4P052
Flatlines, Thin Lines - John 5	http://guitarflash.me/?gfcMus=9AVDR14OY4VF
Thank You Pain - The Agonist	http://guitarflash.me/?gfcMus=S43WWB5X8BFD
Siege Engine - Buckethead	http://guitarflash.me/?gfcMus=RVMLUD3O9FIX
Havana - Camila Cabello	http://guitarflash.me/?gfcMus=97IK60R09N48
Redención cósmica último SP - El Anacondo Sex	http://guitarflash.me/?gfcMus=2FRWKGBJ2Y3H
Campeões de Sendokai Abertura - Sendokai Cham	http://guitarflash.me/?gfcMus=B7RVT0SSACVI
Exploder - Audioslave	http://guitarflash.me/?gfcMus=KYMN6RUC9DJ3
Beethoven Virus Muy Expert 7   - Albertto Lop	http://guitarflash.me/?gfcMus=WRU3O1QOA7LE
Black Dog - Led Zeppelin	http://guitarflash.me/?gfcMus=589X6F0P1KOO
You Will Know My Name  - Arch Enemy	http://guitarflash.me/?gfcMus=AIDMYHLOQK5U
treino 2 sp planet -	http://guitarflash.me/?gfcMus=NWLID2JRTDOA
He Man Woman Hater - Extreme	http://guitarflash.me/?gfcMus=YRMODKE33VB4
A Little Faster - There For Tomorrow	http://guitarflash.me/?gfcMus=OJLUC1SKM6O5
core music.wav - No Artist Set	http://guitarflash.me/?gfcMus=1R3U719S2M2W
The Shortest Straw - Metallica	http://guitarflash.me/?gfcMus=MAHTKY3BJ32O
For the Love of God - steve vai	http://guitarflash.me/?gfcMus=4CXQ8Y7P6M2U
Danza Kuduro - Don Omar y Lucenzo	http://guitarflash.me/?gfcMus=38LK39N74OA2
Los - Rammstein	http://guitarflash.me/?gfcMus=BKH8A92R2ULE
People=Shit - Slipknot	http://guitarflash.me/?gfcMus=X74OURVGOXEV
Shura - Does	http://guitarflash.me/?gfcMus=285L7AJMIAVV
Pressure - Muse	http://guitarflash.me/?gfcMus=QWN8UV6NO4IO
Cavalo Manco - Adriano Hipy	http://guitarflash.me/?gfcMus=VBXTMNK7XPRT
Clint Eastwood - Gorillaz	http://guitarflash.me/?gfcMus=17HK8ET1LH6K
mi angel  - Jorge Suarez	http://guitarflash.me/?gfcMus=Y011EXIP92EI
Sweet Victory - Bob Esponja	http://guitarflash.me/?gfcMus=MWO0T5VWOQO2
Judgement Day - Dragonforce	http://guitarflash.me/?gfcMus=T3YMJ8YNJV49
Youre A Lie  - Slash	http://guitarflash.me/?gfcMus=PAL0G3DIUF6T
Reptile - Skrillex	http://guitarflash.me/?gfcMus=3YEASMCXJL0H
Suicide Season - Bring Me The Horizon	http://guitarflash.me/?gfcMus=GMW7PVAUMNUV
The Crunch - Vinnie Moore	http://guitarflash.me/?gfcMus=UP3GG4BUGU3I
Aaron Smith - Dancin (KRONO Remix) - 128K - e	http://guitarflash.me/?gfcMus=DOKUXPDXBRQA
Mizerable ( Solo ) - Hizaki Grace Project	http://guitarflash.me/?gfcMus=K6OPJBF8VRUP
The Calamity - Trivium	http://guitarflash.me/?gfcMus=29RFMDC61DXW
Acrid Semblance - Mindgames - Acrid Semblance	http://guitarflash.me/?gfcMus=FXH0M3X5VK37
Get Backers Op 2 Latino	http://guitarflash.me/?gfcMus=78TBO0V6BUEL
Metal Paçoca - O Metaleiro	http://guitarflash.me/?gfcMus=LOH96OD544PJ
She Was Dead - SR-71	http://guitarflash.me/?gfcMus=A632JWGCS4CH
Batida eletronica 2018 - edu	http://guitarflash.me/?gfcMus=EGKS2JHUQV9B
Hearts Burst Into Fire - Bullet For My Valent	http://guitarflash.me/?gfcMus=9FYO7OD8FE10
Synthetic Division - InfamousColin	http://guitarflash.me/?gfcMus=BYAYSKNKVQYD
Duilio Humberto - Dream Rig Competition - Leo	http://guitarflash.me/?gfcMus=1EBWQ9WUUDCB
44 Minutes - Megadeth	http://guitarflash.me/?gfcMus=0M7I6CGRKVVI
Give In To Me - Michael Jackson	http://guitarflash.me/?gfcMus=19616J6L6UVY
Victim Of Fate - Helloween	http://guitarflash.me/?gfcMus=KX6UAK6F9TXK
Pacman Wizard 125% Speed - Schmutz06	http://guitarflash.me/?gfcMus=OTKBUV417SOI
Theme From SpiderMan - The Ramones	http://guitarflash.me/?gfcMus=5BVB9PKRJ32R
Head Crusher Solo - LolNames	http://guitarflash.me/?gfcMus=GBV709QUE0UR
Madhouse - Anthrax	http://guitarflash.me/?gfcMus=135M3XRIBODE
The Psalm of Lydia - Nevermore	http://guitarflash.me/?gfcMus=OPH2AOFQXY7W
Feel Good Inc - Gorillaz	http://guitarflash.me/?gfcMus=0Y0MAPFNLNWF
I Was Made For Loving You - Kiss	http://guitarflash.me/?gfcMus=BO10QOEW4AO3
Skin - Bullet For My Valentine	http://guitarflash.me/?gfcMus=UB7D6OIF5I2Q
Hysteria - Muse	http://guitarflash.me/?gfcMus=D25VDKAPEITD
Mario Meets Metal - Eric Calderone	http://guitarflash.me/?gfcMus=SL2LXXYE8D90
A Hero is Trial - Grand Chase	http://guitarflash.me/?gfcMus=SSU23YHWGD5P
Nottingham Lace - Buckethead	http://guitarflash.me/?gfcMus=6FTE21IF4KW8
Adults Toy - Rin Kagamine	http://guitarflash.me/?gfcMus=W5PMQNCJYIME
50 Riffs - System of a Down	http://guitarflash.me/?gfcMus=JFD7EMNV1133
HEADXSPLIT - Rotteen	http://guitarflash.me/?gfcMus=G1N705731C8H
Hang Em High - Van Halen	http://guitarflash.me/?gfcMus=HHJQRP04JUEN
Vivaldis Winter - Dark Moor	http://guitarflash.me/?gfcMus=DAS2KX7UBHPB
Beauty In The Sorrow - Trivium	http://guitarflash.me/?gfcMus=D7CEHCK06CX3
Uber Song - invader037	http://guitarflash.me/?gfcMus=TSN1WA7YP56K
lvl 3 - No Artist Set	http://guitarflash.me/?gfcMus=ILS6NDU26M73
Dont Look To The Eyes Of A Stranger - Iron Ma	http://guitarflash.me/?gfcMus=K0SDGUWCYA0B
Carrion - Parkway Drive	http://guitarflash.me/?gfcMus=02G57J5S63C0
Memories - ONE PIECE	http://guitarflash.me/?gfcMus=Y2PFT3CU0JAA
Motto To Love Ru Opening	http://guitarflash.me/?gfcMus=S31BT1D4EURM
Hard Times - Paramore	http://guitarflash.me/?gfcMus=4KGGCWKS7UND
No More Regrets - Arch Enemy	http://guitarflash.me/?gfcMus=T4V2TM1WO14T
Break - Three Days Grace	http://guitarflash.me/?gfcMus=PYPCLCQ0I1IH
Alerion - Asking Alexandria	http://guitarflash.me/?gfcMus=0B33WUUQ238M
Valley Of The Damned - DragonForce	http://guitarflash.me/?gfcMus=H0J4JKRXQ980
Nine Lives - Aerosmith	http://guitarflash.me/?gfcMus=C9EOBTB776MJ
Puppets (The First Snow) - Motionless In Whit	http://guitarflash.me/?gfcMus=23YMBBHWEIQW
I Will Never Lose My Way - Down & Dirty	http://guitarflash.me/?gfcMus=ATENMDFSKGGX
Resistance - Muse	http://guitarflash.me/?gfcMus=5BMSMXWOXH4U
Serious Shit - The Quick Brown Fox	http://guitarflash.me/?gfcMus=ULJO0OYOFF0T
U-Fig - System Of A Down	http://guitarflash.me/?gfcMus=GIIJ7V3244QC
Halloween - Helloween	http://guitarflash.me/?gfcMus=QC12HF7K63AA
Ft Funkist - Fairy Tail (OP 3)	http://guitarflash.me/?gfcMus=8G5F1TWOY7CV
Death On Two Legs - Queen	http://guitarflash.me/?gfcMus=VS618BBV4KVE
Fairy  - KOF 98	http://guitarflash.me/?gfcMus=S420N11C00FC
Undefined Paradox - SpunkyPlaysBR	http://guitarflash.me/?gfcMus=G2ED7C791VXA
Family Tree - Megadeth	http://guitarflash.me/?gfcMus=GIPHLUJK3NPJ
Paranoid - Avenged Sevenfold	http://guitarflash.me/?gfcMus=WW5365OAIM2U
Black Diamond - Stratovarius	http://guitarflash.me/?gfcMus=EPSWA6M951U9
Blue Rose - JKT48	http://guitarflash.me/?gfcMus=0N5OM0HPPG8H
Conquer Or Die - Megadeth	http://guitarflash.me/?gfcMus=V4CEQ32HUPJA
El Beso De La Bruja - Rata Blanca	http://guitarflash.me/?gfcMus=6P49FXLJJ4UJ
Technical Difficulties - Racer X	http://guitarflash.me/?gfcMus=QQWCS4G0ALBO
Holiday - Green Day	http://guitarflash.me/?gfcMus=L28DMP644HFS
Mmh ha ha ha - Young Signorino	http://guitarflash.me/?gfcMus=KY2E9WD7RVB5
Capillarian Crest - Mastodon	http://guitarflash.me/?gfcMus=2UEBLIUXW7T0
Midnight Madness - Dragonforce	http://guitarflash.me/?gfcMus=NCWPL2GC2L5I
Losing Track of Time - Deventter	http://guitarflash.me/?gfcMus=7VO7NBCRLOQ1
Mighty Morphin  - Power Rangers	http://guitarflash.me/?gfcMus=8HWJGB2F732O
Raise My Sword - Galneryus	http://guitarflash.me/?gfcMus=GX1OTUG6BW6R
Metallica - Creeping Death - meta	http://guitarflash.me/?gfcMus=I7T754YFT8CA
The Guillotine Pt.3 The Aftermath - Escape Th	http://guitarflash.me/?gfcMus=QPY5F75WJTMP
Ayer Me Dijo Un Ave - Caifanes	http://guitarflash.me/?gfcMus=L2BY9KE1KKQ7
Solider Dream - Projeto Remake	http://guitarflash.me/?gfcMus=P7GXCKP7P526
Ungrateful - Escape the fate	http://guitarflash.me/?gfcMus=RQGY5EDPJHP9
God Put A Smile Upon Your Face - Coldplay	http://guitarflash.me/?gfcMus=QS8HNDVN0095
Master Of Puppets (Live) - Metallica	http://guitarflash.me/?gfcMus=W2DIJ736HS7L
War Eternal - Arch Enemy	http://guitarflash.me/?gfcMus=JIVIYK3XTOTO
This Cocaine Makes Me Feel Like Im On This So	http://guitarflash.me/?gfcMus=I76K0QPQGU48
Pixelistic Frets Rainbow - LoisGF	http://guitarflash.me/?gfcMus=RFHNQK865SDI
Helicopter - Bloc Party	http://guitarflash.me/?gfcMus=0Y32SKHOVSK7
Its Been So Long  - The Living Tombstone	http://guitarflash.me/?gfcMus=7MA1CQLBV4TW
Pizza - Martin Garrix	http://guitarflash.me/?gfcMus=E8RIWQFDB1D8
Kangaroo Court - Capital Cities	http://guitarflash.me/?gfcMus=710586Y78VVI
Souless 2 SOLO - Eduardo Rodrigues	http://guitarflash.me/?gfcMus=7QPGX91Y1ALT
Dusk Dismantled - Trivium	http://guitarflash.me/?gfcMus=OIQAJ80JXONK
Hero - Skillet	http://guitarflash.me/?gfcMus=K8I71SWT5Y8M
Black Dragon - Rhapsody Of Fire	http://guitarflash.me/?gfcMus=VG63YHI35PVX
Centurion - Evile	http://guitarflash.me/?gfcMus=VUQ762B9Y4Y1
Butterfly - Digimon	http://guitarflash.me/?gfcMus=1VD367DLB0IP
Stratofortress - Stratovarius	http://guitarflash.me/?gfcMus=SR5HVAKPVIFN
Veil of Elysiu - Kamelot	http://guitarflash.me/?gfcMus=TYM0H2I2960D
Jades Dragons Wings - TheMetea11	http://guitarflash.me/?gfcMus=E5MGR8R16Q8L
Adams Song - blink182	http://guitarflash.me/?gfcMus=YDYAP6PR699W
Till There Was You - The Beatles	http://guitarflash.me/?gfcMus=XGN54089QKBR
Brianstorm - Arctic Monkeys	http://guitarflash.me/?gfcMus=O0TF2X65S4HY
Scavengers Daughter - John 5	http://guitarflash.me/?gfcMus=QEX6LSW2WDYL
Heart-Shaped Box - Nirvana	http://guitarflash.me/?gfcMus=V3ARQKYIF0JJ
Papercut - Linkin Park	http://guitarflash.me/?gfcMus=U4HCKH2X6NUS
Los globos del cielo - Pedro Suarez Vertiz	http://guitarflash.me/?gfcMus=N7V8NYH020YY
Guren No Yumiya (Japinha Version) - Linked Ho	http://guitarflash.me/?gfcMus=QKSKGXACLJT0
In The End - Black Veil Brides	http://guitarflash.me/?gfcMus=YJ2AV2WOTWE8
Ties That Bind - Alter Bridge	http://guitarflash.me/?gfcMus=0L9HTOLOMA77
Smoke On the Water - Joe Satriani    Steve Va	http://guitarflash.me/?gfcMus=X5QO5QCVSJY2
Harry Porra e A Bruxinha Rabuda - MC Maha	http://guitarflash.me/?gfcMus=PMBFBVO7NBEC
Sad Statue - System Of A Down	http://guitarflash.me/?gfcMus=Q76MP1I4VP3V
Till Its Over - Tristam	http://guitarflash.me/?gfcMus=R7X1EBPIW8S0
New Canon Rock - Mattrach	http://guitarflash.me/?gfcMus=UXJO7Q2M0IC9
Reasons To Live (SOLO) - DragonForce	http://guitarflash.me/?gfcMus=IMF10OXQ9WK3
The WTF Song solo - you can FC i guess	http://guitarflash.me/?gfcMus=H5O3GJTOU2D0
Batida MINI - Dj Tico	http://guitarflash.me/?gfcMus=SPISMYNWY5OA
Animal I Have Become - Three Days Grace	http://guitarflash.me/?gfcMus=H6HTSSCJ3UFJ
Utopia - Schmutz06	http://guitarflash.me/?gfcMus=SAW8F58RH8M4
Solos Medley - Metallica	http://guitarflash.me/?gfcMus=2CAI9S13GNCV
Dream On - Dio - Yngwie malmsteen	http://guitarflash.me/?gfcMus=AIEE4QKERYG8
Football Season Is Over (Feat. JJ Peters Of D	http://guitarflash.me/?gfcMus=GWB8UO4KQJGC
Axel F - Crazy Frog (VN)	http://guitarflash.me/?gfcMus=7MAV6YQKAEHA
Solo Cry Parte 1 - Adriano Hipy	http://guitarflash.me/?gfcMus=YFKYYGMK3MYA
The Lord of the Rings Meets Metal	http://guitarflash.me/?gfcMus=35541WICQOJH
Mi Error - Don Tetto	http://guitarflash.me/?gfcMus=5D9GY0JC8MI8
1,320 - Megadeth	http://guitarflash.me/?gfcMus=6VYJ5B44LKDA
The Kaleidoscopic God - Scar Symmetry	http://guitarflash.me/?gfcMus=90LOECHLCPXQ
Extends Levant (Lvl7) - HertzDevil	http://guitarflash.me/?gfcMus=52DQ9RCKQR5W
A Candlelit Dinner With Inamorta - Asking Ale	http://guitarflash.me/?gfcMus=QT6SM0L2HKF3
Angel Of Salvation Full Song - Galneryus	http://guitarflash.me/?gfcMus=C6TUJ4NLQHV7
Paranoia - A Day To Remember	http://guitarflash.me/?gfcMus=S6M2XSU7HN60
St. Jimmy - Green Day	http://guitarflash.me/?gfcMus=EYE80Y98MCR6
Solo Final CountDown - Imposible: - Europe	http://guitarflash.me/?gfcMus=QSI3VVX2DEO2
Wild Dogs - Toxic Holocaust	http://guitarflash.me/?gfcMus=GF6LYOBOFJB7
Cavalo Manco - Adriano Hipy	http://guitarflash.me/?gfcMus=LK2UFNIR6DMM
Uber Song999 - Eduardo Rodrigues	http://guitarflash.me/?gfcMus=GEBU3UDQJ5L0
Gravity Falls Theme - Gravity Falls	http://guitarflash.me/?gfcMus=79ITHNS12OS1
Prayer Of The Refugee - Rise Against	http://guitarflash.me/?gfcMus=B9IXUFW8O69N
Tender Surrender - Steve Vai	http://guitarflash.me/?gfcMus=UU1ISKIBSJWB
Core Pride - Uverworld	http://guitarflash.me/?gfcMus=GEJLHLC9QJKJ
A Sitting Ovation - Mike Orlando	http://guitarflash.me/?gfcMus=8NPYO4ASTVKF
After The Fall - Seven Kingdoms	http://guitarflash.me/?gfcMus=97FYJ5J3SKST
Gossipo Perpetuo - Jean-Jacques Perrey	http://guitarflash.me/?gfcMus=37YNCVJ77CKE
Hitorigoto - Aqua Timez	http://guitarflash.me/?gfcMus=DSPV50Q5UTJW
Breaking Benjamin  - The Diary of Jane	http://guitarflash.me/?gfcMus=MO3O3C9X8GR5
Know Your Enemy  - Rage Against The Machine	http://guitarflash.me/?gfcMus=NPPMO6X8B86S
Curse Of Darkness - Dragonforce	http://guitarflash.me/?gfcMus=1MVFHA0U5T9U
Solo Destroyer Full - Adriano Hipy	http://guitarflash.me/?gfcMus=EBK5372HX534
Strife - Trivium	http://guitarflash.me/?gfcMus=NOSG8IXA6NTU
Heart Of A Dragon - Dragonforce	http://guitarflash.me/?gfcMus=AML1EBQF5IWL
Creeping Death - Metallica	http://guitarflash.me/?gfcMus=T0GLBUB3XM1X
My Heart - Different Heaven & EH!DE	http://guitarflash.me/?gfcMus=72R8QFTTUK9B
Crawling - Linkin Park	http://guitarflash.me/?gfcMus=F3MTCB45ENVJ
Aftershock - Metallicais1337	http://guitarflash.me/?gfcMus=E9QLOGAR3PD8
Soldier Side - System Of A Down	http://guitarflash.me/?gfcMus=ESLKA4TNYK95
Get some - Chevelle [DescargarCristianas.net]	http://guitarflash.me/?gfcMus=76YWVGK5FJDO
When Innocence Is Just A Mask - Foreground Ec	http://guitarflash.me/?gfcMus=1TJLLW75N1HS
Like A Stone - Audioslave	http://guitarflash.me/?gfcMus=RS56P98YHN3D
After Lifeless Years - Sylosis	http://guitarflash.me/?gfcMus=LXX9YUDSADNN
Plays GT-10 - Syu	http://guitarflash.me/?gfcMus=8N0GBVXVGHJC
Breaking Point - Dead by April	http://guitarflash.me/?gfcMus=PLURLHV19I5H
Way Away - Yellowcard	http://guitarflash.me/?gfcMus=7WIYHDKT3BR8
Trip The Darkness  - Lacuna Coil	http://guitarflash.me/?gfcMus=BFGN3NHS1RG6
Anesthesia - Pulling Theeth - Metallica	http://guitarflash.me/?gfcMus=V8NDUJ504IBF
Misirlou - Dick Dale	http://guitarflash.me/?gfcMus=FWIV1WIHWGF8
Simple Man - Lynyrd Skynyrd	http://guitarflash.me/?gfcMus=JM5PD5QOFHMS
Revolution Radio - Green Day	http://guitarflash.me/?gfcMus=FYATAMRHJMSE
Rapunzel SOLO - Vibe Rock	http://guitarflash.me/?gfcMus=SL9E75I6K7VJ
Ondas Sonoras - MC Davi	http://guitarflash.me/?gfcMus=BRC6SM8KQGSV
Putting Holes in Happiness - Marilyn Manson	http://guitarflash.me/?gfcMus=3RNJYD8U5JS5
Blue Shift Redux - ArchWk	http://guitarflash.me/?gfcMus=7O1X5M549G7F
Super Survivor - HIRONOBU KAGEYAMA	http://guitarflash.me/?gfcMus=DX1NPMWKPVOR
Ties That Bind - Alter Bridge	http://guitarflash.me/?gfcMus=XJ17KQL8FNQK
The Simpsons Theme - Green Day	http://guitarflash.me/?gfcMus=89FGA41G7SSW
Scarified - Racer X	http://guitarflash.me/?gfcMus=26G2J72IL2TH
Na na na  - My chemical romance	http://guitarflash.me/?gfcMus=WX1QB9RSLDQ3
Inside The Winter Storm - Dragonforce	http://guitarflash.me/?gfcMus=B4ALTNSS49SK
Unconsciousness - Jarvis9999	http://guitarflash.me/?gfcMus=HGT5MRSSDSCL
Demented Clow Music - Callum White	http://guitarflash.me/?gfcMus=O1DSW6WN11V8
Disappear - Bullet For My Valentine	http://guitarflash.me/?gfcMus=8XDPE6JQXQHF
Blind Date 101 - Make Me Famous	http://guitarflash.me/?gfcMus=P6EF11RRNCEF
AH, EU VOU GOZAR - MC NEGO BAM	http://guitarflash.me/?gfcMus=EQSR4EQIJCJL
My Black Cat Moaned - Mike Orlando	http://guitarflash.me/?gfcMus=3T8O0VW4EVIR
Getting Away With Murder - Papa Roach	http://guitarflash.me/?gfcMus=3WO5283YRUAD
This Is The Time (Ballast) - Nothing More	http://guitarflash.me/?gfcMus=L1B3H40ML2QU
The Warrior Inside - DragonForce	http://guitarflash.me/?gfcMus=LCI83EY3XT24
Flamenco Diablo - Yngwie Malmsteen	http://guitarflash.me/?gfcMus=0HY73SMHL8QF
Du hast - Rammstein	http://guitarflash.me/?gfcMus=1VID4U0XM2HH
Alones - Aqua Timez	http://guitarflash.me/?gfcMus=1K4G7KQTINVO
Adeus até nunca mais - Zumbis do espaço	http://guitarflash.me/?gfcMus=UJWVIUGAILAS
By Your Side - Andragonia	http://guitarflash.me/?gfcMus=ET7JS7S3NKYS
Engel - Rammstein	http://guitarflash.me/?gfcMus=9SRI19AIOJ2N
Earth On Hell - Anthrax	http://guitarflash.me/?gfcMus=LNLR1TQNSI1Y
Dead Inside - Muse	http://guitarflash.me/?gfcMus=J8MGKEITMYVQ
The Bull - Massacration	http://guitarflash.me/?gfcMus=L6EGR9TF8RKF
A Sitting Ovation - Mike Orlando	http://guitarflash.me/?gfcMus=8WA80UVGH55O
Cari Pacar Lagi - ST12	http://guitarflash.me/?gfcMus=CWC1Q74YCDYP
Madan Senki Ryukendo - Hiroshi Kitadani	http://guitarflash.me/?gfcMus=6C72VY7I7AU5
21 Guns - Green Day	http://guitarflash.me/?gfcMus=A4I2YLQOH1RT
¿Lamb or Wolf COVER - Edd00chan	http://guitarflash.me/?gfcMus=2W1Y0B7GM4VE
Naruto OP 1 [US Version]	http://guitarflash.me/?gfcMus=3AEBFI62CHBL
MANTRA - Bring Me The Horizon	http://guitarflash.me/?gfcMus=T27MCAFICHE3
Miss Murder - AFI	http://guitarflash.me/?gfcMus=37VB5CSMCGKA
Dicke Titten - Rammstein	http://guitarflash.me/?gfcMus=KVIBJPYFWS86
Black Bullet Opening - FripSide	http://guitarflash.me/?gfcMus=54U4M6DVPVKH
Treino de resistencia verde - FattallityGF	http://guitarflash.me/?gfcMus=K7K4DURAR3VN
itachi y sasuke vs kabuto - XD	http://guitarflash.me/?gfcMus=F6X1F8XS2T0C
Dont Pray For Me - Asking Alexandria	http://guitarflash.me/?gfcMus=0TR7WN0RMHRO
Digital Love - Daft Punk	http://guitarflash.me/?gfcMus=HCNDQ1631589
Alice Human Sacrifice - Vocaloid	http://guitarflash.me/?gfcMus=G6PF4I562CPF
First Of The Year (Equinox)    - Skrillex	http://guitarflash.me/?gfcMus=AHG6QU9B17R9
Krakatau - Yngwie Malmsteen	http://guitarflash.me/?gfcMus=7072SOTG106O
Solo Para Amarte Solo - Rata Blanca	http://guitarflash.me/?gfcMus=Q9N01OSLH1TH
Jam On It - Mike Orlando	http://guitarflash.me/?gfcMus=KIOKJLNFU4UI
Holy Wars (The Punishment Due) - Megadeth	http://guitarflash.me/?gfcMus=B9HYRN7C9ELN
Tokyo Ghoul Abertura 1 - Anime Hero GF	http://guitarflash.me/?gfcMus=YC047Q0XMX8X
In Due Time - Killswitch Engage	http://guitarflash.me/?gfcMus=AFQXP6OVU8EG
Duel With The Devil - Puppetz Flash	http://guitarflash.me/?gfcMus=BVMFMAWN7BWN
No Shoushitsu (Ft. Hatsune Miku) - CosMo	http://guitarflash.me/?gfcMus=A77AGOV21FHX
Siege Engine - Buckethead	http://guitarflash.me/?gfcMus=UYIKX7G101CL
Awake - Mutiny Within	http://guitarflash.me/?gfcMus=NB40628MF1GY
All Out Life - Slipknot	http://guitarflash.me/?gfcMus=HCLR7XN2YUKU
Ancient Moonlit Battleground - Yousei Teikoku	http://guitarflash.me/?gfcMus=8IQ9VBA6TOQ8
ytdownload.net_my-longest-yeah-boy-ever-100-f	http://guitarflash.me/?gfcMus=22YVVLFD1JK7
T.F.F.B. - Galneryus	http://guitarflash.me/?gfcMus=TUDFY78FOAJY
Headstrong - Trapt	http://guitarflash.me/?gfcMus=JRC8HX1Y7BRJ
Ill Will Or Sprite - John 5	http://guitarflash.me/?gfcMus=93YO1MABUCOK
Traitors Gate - Buckethead	http://guitarflash.me/?gfcMus=J9DTRUY0EOL6
Breathe - CHON	http://guitarflash.me/?gfcMus=CHXASL9L8AI3
Uber Song - Sei La	http://guitarflash.me/?gfcMus=6J6JAHQTKBC1
Galatic Astro Domination - DragonForce	http://guitarflash.me/?gfcMus=GLC3LMURYJG9
Patterns 5 - Schumtz06	http://guitarflash.me/?gfcMus=GPITK56CPY9L
Transylvania - Iron Maiden	http://guitarflash.me/?gfcMus=AGMGRALIR1F2
CumpleaÑos Metal - Heavy Metal	http://guitarflash.me/?gfcMus=HDFH6JBU91W2
Opening 6  - Naruto Shippuden	http://guitarflash.me/?gfcMus=75B5AUCU4W0N
Silent Revelation - Galneryus	http://guitarflash.me/?gfcMus=X5EJ2MVMIG0Q
This Day We Fight - Megadeth	http://guitarflash.me/?gfcMus=75B683M0O5BN
Rustys Freestyle Shred - Rusty Cooley	http://guitarflash.me/?gfcMus=KWAF07465OXY
Esoteric Surgery - Gojira	http://guitarflash.me/?gfcMus=57L1F2VO48X0
Lous Revenge - Steve Ouimette	http://guitarflash.me/?gfcMus=25GBVQT0SGHS
Guitars Suck - Bumblefoot	http://guitarflash.me/?gfcMus=UYHNPWBFROCL
New Years Day - U2	http://guitarflash.me/?gfcMus=LTJKILVT6L85
To The Hellfire - Lorna Shore	http://guitarflash.me/?gfcMus=7I362X09PFDW
Lunar Dial - Demetori	http://guitarflash.me/?gfcMus=KVKX4SHGY4VK
Sometimes Youre The Hammer/Nail - A Day To Re	http://guitarflash.me/?gfcMus=8L8LAPAHTR6T
[WWW.WORKING] Eyecatch! Too much! - Hana Miya	http://guitarflash.me/?gfcMus=HBNKQAN4TA8V
CrushCrushCrush - Paramore	http://guitarflash.me/?gfcMus=DV82J6AF3SYV
Bleed - MESHUGGAH	http://guitarflash.me/?gfcMus=APY3U24ETKDE
Lost Souls in Endless Time - DragonForce	http://guitarflash.me/?gfcMus=YPY82Q8FKVWD
Rock N Roll Train - AC/DC	http://guitarflash.me/?gfcMus=OOMD8C23907O
Cavaleiros do Zodiaco - Abertura	http://guitarflash.me/?gfcMus=GCVY2R0P1MI5
Egao No Riyuu - Asu No Yoichi	http://guitarflash.me/?gfcMus=UT7P2AY4QPK4
Crash   - Fit For Rivals	http://guitarflash.me/?gfcMus=V57XMNJEXX8U
Mad At Myself - Issues	http://guitarflash.me/?gfcMus=F7W39PI289OB
Welcome - Asking Alexandria	http://guitarflash.me/?gfcMus=4S620DT5Y6I2
Scar Symmetry Solo Medley - Scar Symmetry	http://guitarflash.me/?gfcMus=SK9OIOANSMKT
Scared - One Ok Rock	http://guitarflash.me/?gfcMus=HGVY64RU880M
Breathless - Asking Alexandria	http://guitarflash.me/?gfcMus=FQL5VFNQYMWP
Forbidden City - Marty Friedman	http://guitarflash.me/?gfcMus=WGXIK00LQGX1
Raising Hell - Bullet For My Valentine	http://guitarflash.me/?gfcMus=S97RJRM2CMKO
Secrets Within - Francesco Fareri	http://guitarflash.me/?gfcMus=VKGJSDN6CP1C
Jump - Van Halen	http://guitarflash.me/?gfcMus=J0XPBQTTVJB3
Clocks - Oceans Ate Alaska	http://guitarflash.me/?gfcMus=B3D7GI2PKC4Y
Kingdom Of Heaven - Epica	http://guitarflash.me/?gfcMus=JVLQ6BQBLQJW
Dignity - Crash	http://guitarflash.me/?gfcMus=AAS2HPNAPG8B
Fuck Solo Cant You FC - Buckethead	http://guitarflash.me/?gfcMus=2I7H90W3D2J1
Vou Deixar - Skank	http://guitarflash.me/?gfcMus=FER8PJF1B87F
Peace Sells - Megadeth (U-R)	http://guitarflash.me/?gfcMus=ACBDXVDG4CBW
Inverted - XxNicxX11	http://guitarflash.me/?gfcMus=SW2ODINXTWL3
Let It Happen - Tame Impala	http://guitarflash.me/?gfcMus=11HYN4FYLRB1
Ruthless Edition - Dragonforce	http://guitarflash.me/?gfcMus=T6G1R4J9QF7T
Jap - Abingdon Boy School	http://guitarflash.me/?gfcMus=HGLK8A9BYJEO
Them Bones - Alice In Chains	http://guitarflash.me/?gfcMus=XBMP35J1B7H7
Vixen - Amaryllis	http://guitarflash.me/?gfcMus=Q3LX0C1EMX17
Beat It - John 5	http://guitarflash.me/?gfcMus=CW7WTSYMTHYK
Solo Gloria - Dragonforce	http://guitarflash.me/?gfcMus=800DP86F9UUS
Anastasia - Slash	http://guitarflash.me/?gfcMus=LL2OFE2QD8M0
Rainmaker - Iron Maiden	http://guitarflash.me/?gfcMus=K1NAFO151LD5
Limit Break x Survivor - Dragon Ball Super	http://guitarflash.me/?gfcMus=DE3BELVXQBT3
For The Love Of God - Steve vai	http://guitarflash.me/?gfcMus=IIBSCQKLKBFH
Wheels Tenso 2 Final - Adriano Hipy	http://guitarflash.me/?gfcMus=O5VM82T39VNW
Time Of Dying - Three Days Grace	http://guitarflash.me/?gfcMus=KF5M055EMR47
Ears to See, and Eyes Hear - Sleeping With Si	http://guitarflash.me/?gfcMus=YO5F8O0D49V6
Green Grass 7 SP - Adriano Hipy	http://guitarflash.me/?gfcMus=8OJRFES0VQXM
Kissing The Shadows - Children Of Bodom	http://guitarflash.me/?gfcMus=65ME3WYNQWAX
Beyond The Ice - Blind Guardian	http://guitarflash.me/?gfcMus=6YKA83L6OERN
Alison Hell - Annihilator	http://guitarflash.me/?gfcMus=JTWDJGQ7GMH6
SILHOUETTE - Abertura Naruto Shippuden - Naru	http://guitarflash.me/?gfcMus=JPQD6MXA41DI
HA-ASH - Lo Aprendi de Ti (Primera Fila - Hec	http://guitarflash.me/?gfcMus=D9TXV01BXLDB
Revolution - The Beatles	http://guitarflash.me/?gfcMus=C97U5DHA84N0
[Jujutsu Kaisen] kaikai kitan - Eve	http://guitarflash.me/?gfcMus=6TA5K7SUV90J
Still I - A. Nissley e F. Carter	http://guitarflash.me/?gfcMus=IKRLICCDWDUC
Eye Of The Tiger - Survivor	http://guitarflash.me/?gfcMus=V04RDR6L3EEW
In The End - Linkin Park	http://guitarflash.me/?gfcMus=CB2AV63GPN0X
Paulo Schroeber Mestre - ManausGF	http://guitarflash.me/?gfcMus=O0QXNLJUCI67
Soulless 4 ( Easy and Medium ) - ExileLord	http://guitarflash.me/?gfcMus=L86AU77P99MX
Dark Caves of LOLNO  - prebensoerensen93 Song	http://guitarflash.me/?gfcMus=SCO5VEWIWXBA
Sacrifice - Saxon	http://guitarflash.me/?gfcMus=SIIIBHAHS3U1
Five finger death punch - Hate Me	http://guitarflash.me/?gfcMus=NWI4QGRV5GDI
Burn It To The Ground - Nickelback	http://guitarflash.me/?gfcMus=L6IPATFGPR8J
Pittsburgh - The Amity Affliction	http://guitarflash.me/?gfcMus=VR6BJU3DCYKO
All Of Me Cover Ikatyas Creator GodelGF - Joh	http://guitarflash.me/?gfcMus=E4ND1IVME38M
Hold On - All That Remains	http://guitarflash.me/?gfcMus=457YEQ2NSKUI
Under Confused Easy Part - Adriano Hipy	http://guitarflash.me/?gfcMus=32VN61C9JOE3
Jim Yosef - Speed [NCS Release]	http://guitarflash.me/?gfcMus=FQK7PW8153KP
Heartless - Feeling Every Sunset	http://guitarflash.me/?gfcMus=VNYO7J7GJNFB
Show No Mercy - Slayer	http://guitarflash.me/?gfcMus=CUR2SPLLAYVP
The Butcher - Rusty Cooley	http://guitarflash.me/?gfcMus=H28H7FR2VDAR
Orphan - Slipknot	http://guitarflash.me/?gfcMus=B8O61DO57J9G
Trivium Metralha - Felipe	http://guitarflash.me/?gfcMus=C1G9E6I4104B
Youre Insane - Escape the fate	http://guitarflash.me/?gfcMus=1NNFLHT5XGA1
I Infant Annihilator - Infant Annihilator	http://guitarflash.me/?gfcMus=NC2YLHSKSFSB
The Gunsling - Black Veil Brides	http://guitarflash.me/?gfcMus=LP9JMFXW45F0
Cleansing The Soul - John 5	http://guitarflash.me/?gfcMus=UAJHCJOJSEO2
Perfect Weapon - Black Veil Brides Version Me	http://guitarflash.me/?gfcMus=FDVQNGIDEF7U
A Prueba De Balas - Vile	http://guitarflash.me/?gfcMus=VX0JGYRVT29G
Wait And Bleed - Slipknot	http://guitarflash.me/?gfcMus=9OI0CVK6A4A9
Vetelgyus - Galneryus	http://guitarflash.me/?gfcMus=I70H0KTJI7H3
Three Hammers - DragonForce	http://guitarflash.me/?gfcMus=L3XRQEWFHFH8
The Last Fight - Bullet For My Valentine	http://guitarflash.me/?gfcMus=1UIIAMVO8QT5
Best Five Music Tracks #1 - Donkey Kong Count	http://guitarflash.me/?gfcMus=PTL9369LF5OI
FIRST OF THE YEAR - SKRILLEX	http://guitarflash.me/?gfcMus=08JXFXLKGD5N
Eruption - Van Halen	http://guitarflash.me/?gfcMus=4IR61CU6G099
SOLO Inverted - XxNicxX11	http://guitarflash.me/?gfcMus=87OF9OW2SXFR
Evil Papagali (3 4 4 2i 4) - Massacration	http://guitarflash.me/?gfcMus=83DF60JEXXBL
What Can I Say - Dead By April	http://guitarflash.me/?gfcMus=01O0WKFRRRY7
Road of Resistance - BabyMetal	http://guitarflash.me/?gfcMus=0PPOHQA7D2MG
Brutal Mentor - Time Requiem	http://guitarflash.me/?gfcMus=K964R61T2BXB
Ascendead Master - Versailles	http://guitarflash.me/?gfcMus=GOQNA6GBAMVS
End Of All Hope - Nightwish	http://guitarflash.me/?gfcMus=DQ6LYP550SHM
Dragon Ball Z The World Calling  - There For	http://guitarflash.me/?gfcMus=QSHBSDO8QR1O
( Fairy Tail Opening 22  ) Ashita o Narase -	http://guitarflash.me/?gfcMus=5RV1PEEJD582
Interpuesto - Volvere	http://guitarflash.me/?gfcMus=GL49DFB0LOSP
The Diary of Jane (DRUMS) - Breaking Benjamin	http://guitarflash.me/?gfcMus=JG2LOBUAESMI
Revelation (Divus Pennae Ex Tragoedia) - Symp	http://guitarflash.me/?gfcMus=PQNEGCRPW46I
Puto El Que Lo Lea - Pitbull	http://guitarflash.me/?gfcMus=D1DV9DGFLVR8
Whispers in the dark  - Skillet	http://guitarflash.me/?gfcMus=UT6SS0TJIDK3
Exit 209 - Buckethead	http://guitarflash.me/?gfcMus=H92NKIY5JK5V
Not Gonna Die - Skillet	http://guitarflash.me/?gfcMus=7QOJM77IE6XT
Biomech - Allegaeon	http://guitarflash.me/?gfcMus=N2JJT26YYLU3
Guitar Vs Piano - Goukisan	http://guitarflash.me/?gfcMus=69T2APETOO3B
Love and Meth - Korn	http://guitarflash.me/?gfcMus=31T4Y85OVNFC
Raising Hell - Bullet For My Valentine	http://guitarflash.me/?gfcMus=361M09P49PV2
If you pass you ARE a Legend - MoosieHD	http://guitarflash.me/?gfcMus=01PX34UHKBA7
In Waves - Triviun	http://guitarflash.me/?gfcMus=IKSBT5QSRCIP
Waidmanns Heil - Rammstein	http://guitarflash.me/?gfcMus=KINSEBOPTPJ5
World On Fire - Slash	http://guitarflash.me/?gfcMus=48DYRJUK5706
A Prophecy - Asking Alexandria	http://guitarflash.me/?gfcMus=ELOVJPY9TS2A
DBZ Budokai 3 Opening - Dragon Ball Z	http://guitarflash.me/?gfcMus=0CWNPNMSQK97
Finish Line 125 - Michael Angelo Batio	http://guitarflash.me/?gfcMus=QBCELR4T8D89
Thats What You Get - Paramore	http://guitarflash.me/?gfcMus=0CYI4H74RGK8
3s and 7s - Queens of the Stone Age	http://guitarflash.me/?gfcMus=0SXE6CHKKNFH
The Heretic Anthem - Slipknot	http://guitarflash.me/?gfcMus=FY6IFPU0MDHM
The Convicted - Wolves At The Gate	http://guitarflash.me/?gfcMus=P4QSJFPDJNN2
Elimination - Overkill	http://guitarflash.me/?gfcMus=VJSS29158IAB
Uber Song - Felipe Gamer Terror	http://guitarflash.me/?gfcMus=N8O8EIG7V0CS
Hope - Tobu	http://guitarflash.me/?gfcMus=9E7GLECQMS0J
Kissing The Shadows - Children of Bodom	http://guitarflash.me/?gfcMus=LJ9X26JV5FLG
Das Alte Leid - Rammstein	http://guitarflash.me/?gfcMus=YSB69Y1S9GDJ
Dead Art In Plainfield - John 5	http://guitarflash.me/?gfcMus=LK8VLCSOWLLS
Throwdown - Mike Orlando	http://guitarflash.me/?gfcMus=DPDUMHMAR0G4
Straight from Hell - Hellish War	http://guitarflash.me/?gfcMus=YSGED52VD2NC
My Will Be Done - Unearth	http://guitarflash.me/?gfcMus=WOI0B23K0WTK
Raise A Fist - 4Arm	http://guitarflash.me/?gfcMus=DNLQ9R8EYVEA
G.O.A.T - Polyphia	http://guitarflash.me/?gfcMus=FVJXFYISQHQV
War March - Andy James	http://guitarflash.me/?gfcMus=NWEP4U00GI2R
Beat It - John 5	http://guitarflash.me/?gfcMus=2LWISLBBJ3WI
Scarified - Paul Gilbert	http://guitarflash.me/?gfcMus=6YGVIP4FLOSV
The Metal - Tenacious D	http://guitarflash.me/?gfcMus=QYGR7U8I5RJK
Insurrection - Trivium	http://guitarflash.me/?gfcMus=ONNFME3F22IC
In The End - Anthrax	http://guitarflash.me/?gfcMus=0G688IXFCFPK
Far Beyond the Sun - Yngwie Malmsteen	http://guitarflash.me/?gfcMus=BC21HVL44GOM
Cry For Eternity 2° PARTE C/ SP - Dragonforce	http://guitarflash.me/?gfcMus=O1IWUK30KWVD
7 Mil notes impossible - _Madruga	http://guitarflash.me/?gfcMus=24V2OG91XFFI
Murmaider - Deathklok	http://guitarflash.me/?gfcMus=VXDPF4R13BOR
Angus McFife - Gloryhammer	http://guitarflash.me/?gfcMus=W2BYBFVLUQ7U
Sis. Anger - Babymetal	http://guitarflash.me/?gfcMus=QMF7VRMVBGVE
ONE OK ROCK - Deeper Deeper	http://guitarflash.me/?gfcMus=ANAOAXS539YM
Radio Video  - System Of A Down	http://guitarflash.me/?gfcMus=34GN2Q6Q7BT2
Todos Os Solos - Avenged Sevenfold	http://guitarflash.me/?gfcMus=6EW7MCHHY1K9
Entre nós Dois - Malta	http://guitarflash.me/?gfcMus=RCQQXNPDQF01
20th Century Boy - BucketHead	http://guitarflash.me/?gfcMus=R00B635WJMMH
Solos - Dragonforce	http://guitarflash.me/?gfcMus=QQPBME52JDCI
Collide - Jeff Loomis	http://guitarflash.me/?gfcMus=FITK2GYODQO1
Atlantia - Mago de Oz	http://guitarflash.me/?gfcMus=R4C8G2M5MYPM
Everytime  - Boy Pablo	http://guitarflash.me/?gfcMus=2C4EGECUXMVQ
Moete Hero - Captain Tsubasa	http://guitarflash.me/?gfcMus=MU8B9PJUBRX6
The Gears - Dethklok	http://guitarflash.me/?gfcMus=WX6TCFM0J1E8
20th Century Boy - T.Rex	http://guitarflash.me/?gfcMus=H7E08GCH8FRH
15 Minutes - Egypt Central	http://guitarflash.me/?gfcMus=IVWTVC782S6K
Sun Goes Down - David Guetta	http://guitarflash.me/?gfcMus=KISWCPU2DLIA
Gun Show with - In This moment	http://guitarflash.me/?gfcMus=R2QBC2O2R1BM
Addicted To Pain - Alter Bridge	http://guitarflash.me/?gfcMus=EJ4PLY0V090N
Daddy Discord normal version - DBpony	http://guitarflash.me/?gfcMus=GTTXSLFP6OOE
EPM BUGAMENTE  - Dragonforce	http://guitarflash.me/?gfcMus=HOGJQNF4N5K6
Fernandinho  Moises (Edição Especial) - FERNA	http://guitarflash.me/?gfcMus=JB5NVSCAF5MP
Agent Orange - Sodom	http://guitarflash.me/?gfcMus=N4BEU9TDLB9L
Brainstorm - BECK	http://guitarflash.me/?gfcMus=FVRUWPN74TD3
Asian Nightmare - Puppetz	http://guitarflash.me/?gfcMus=HUBMFRHNYF4A
Dishwubster - Sidney600	http://guitarflash.me/?gfcMus=6D4A9VILX2I3
Double Guitar Shred Medley - Michael Angelo B	http://guitarflash.me/?gfcMus=XRQ0B81FEWAW
Undivided - Asking Alexandria	http://guitarflash.me/?gfcMus=WJJ8QJ7J820E
Pray For Plagues - Bring Me The Horizon	http://guitarflash.me/?gfcMus=2BHMQSMHM5YP
Toda luz - Gram	http://guitarflash.me/?gfcMus=TCC7RJWAG0DL
Bounce - System of a Down	http://guitarflash.me/?gfcMus=311VA7ECNAPV
Another Brick In The Wall Pt.2 - Pink Floyd	http://guitarflash.me/?gfcMus=HYK44571DUVO
Hundred Opening - DSelections	http://guitarflash.me/?gfcMus=DIL7H7NRQUKQ
Synth Battle vs. Mattias - Mattias	http://guitarflash.me/?gfcMus=WJCFFKXVGFOU
30 Shredders In One Solo - GMCGuitar.	http://guitarflash.me/?gfcMus=E66RTYWA88YV
Voodoo Child - Orianthi	http://guitarflash.me/?gfcMus=NH6W1M43OEXM
As The Pages Burn - Arch Enemy	http://guitarflash.me/?gfcMus=PD8JKMEK53KJ
Undefeated - Blessthefall	http://guitarflash.me/?gfcMus=305F5CRTCP1A
Qwerty - Mushroomhead	http://guitarflash.me/?gfcMus=F2R5AYQHPOVC
Man Against Machine - Evile	http://guitarflash.me/?gfcMus=0RBFLISAGV1T
Barracuda - Heart	http://guitarflash.me/?gfcMus=AQVA8XFHKC2D
Aftermath - Muse	http://guitarflash.me/?gfcMus=MI97EPBDCT9Q
Ich Tu Dir Weh - Rammstein	http://guitarflash.me/?gfcMus=61D2HJE6JE57
Trust - Megadeth	http://guitarflash.me/?gfcMus=J6UHBO9T0SIK
Trail of Broken Hearts - DragonForce	http://guitarflash.me/?gfcMus=PKYD8C4WPKGV
The Best Guitar Solo - ¿?	http://guitarflash.me/?gfcMus=COMCB108SD31
Luchar y Perder - Akash	http://guitarflash.me/?gfcMus=1Q5TW55LIR2L
Solstice Jam - InfamousColin	http://guitarflash.me/?gfcMus=AI4Y9ORPX2IA
Tobu - Life [NCS Release]	http://guitarflash.me/?gfcMus=UFQ3PUKGKPSG
Silent - Dragonforce	http://guitarflash.me/?gfcMus=Q164WHYHON9C
Sinner - Judas Priest	http://guitarflash.me/?gfcMus=2XS3D2MDG8X7
Whispers in the Dark - Skillet	http://guitarflash.me/?gfcMus=QP59CLB82PLV
Sweet Home Alabama - Lynyrd Skynyrd	http://guitarflash.me/?gfcMus=FDT1CN4XKGJG
A Dios Le Pido - Juanes	http://guitarflash.me/?gfcMus=V2NS6QA8B85V
Closer - Joe Inoue	http://guitarflash.me/?gfcMus=5MPDILXDEEFO
Awewe belegug  - Superiots	http://guitarflash.me/?gfcMus=CS1ULILGAF6W
I Wanna Be - Soul Eater	http://guitarflash.me/?gfcMus=47RXF0BV9QLI
The Fun Palace - Annihilator	http://guitarflash.me/?gfcMus=K6TUEXVP0V6U
Tremor - Dimitri Vegas, Martin Garrix, Like M	http://guitarflash.me/?gfcMus=SYTNM9WXF3Y9
Begging For Mercy - Bullet For My Valentine	http://guitarflash.me/?gfcMus=3H3EV67TIR7J
A Girl Called Cerveza  - Tankard	http://guitarflash.me/?gfcMus=82HW5VMR24A1
Wind God Girl - Demetori	http://guitarflash.me/?gfcMus=MES3HDH9DPTG
Nothing To Say - Slash	http://guitarflash.me/?gfcMus=D4SIV5C4I7JR
Sodomy And Lust - Sodom	http://guitarflash.me/?gfcMus=CINVURR20KW5
Born To lead - Falling In Reverse	http://guitarflash.me/?gfcMus=KX1PFXPX5QMF
Spanish Fly - Eddie Van Halen	http://guitarflash.me/?gfcMus=BUUHCJNMK4JH
Through The Fire And Flames - Dragonforce	http://guitarflash.me/?gfcMus=AN042GQQPUIQ
In the shadow - the rasmus	http://guitarflash.me/?gfcMus=M9SDOKHLDI09
Dude Looks Like A Lady - Aerosmith	http://guitarflash.me/?gfcMus=8INRI0MUD3FH
whats up people - Maximum the Hormone	http://guitarflash.me/?gfcMus=50LQ5KIAW54Q
Treininho Changes Hard - Adriano Hipy	http://guitarflash.me/?gfcMus=J6Y09LC640H0
El arbol de la noche triste - Mago de Oz	http://guitarflash.me/?gfcMus=BEQD7HC3NCEE
Clockwork Planet Ending - After the Rain	http://guitarflash.me/?gfcMus=J9A78RGYCDXS
War - Vince DiCola	http://guitarflash.me/?gfcMus=WJ9SVGFUE42H
I Cannot Tell a Lie - Paul Gilbert	http://guitarflash.me/?gfcMus=15M4M4NKWH4N
World BPM Record IMPOSSIBLE - Impossible	http://guitarflash.me/?gfcMus=F7SOKC1B5KOJ
Insomnia - Haken	http://guitarflash.me/?gfcMus=RJNJUTFHHWII
Tomorrow Kings - Dragonforce	http://guitarflash.me/?gfcMus=763ETCNHIQD4
Three Hammers - DragonForce	http://guitarflash.me/?gfcMus=X7BP1G6DF6D2
Welcome Home (Sanitarium) - Metallica	http://guitarflash.me/?gfcMus=GHS2BHHCXIOX
Sugar Foot Rag - John 5	http://guitarflash.me/?gfcMus=WUL1HXAIOK0V
Master Exploder - Tenacious D	http://guitarflash.me/?gfcMus=82HX25WVMCM1
Tetsuryuu Kurogane - Fairy Tail OST 2	http://guitarflash.me/?gfcMus=CL3ERLH7J1CO
Sea Of Lies - Symphony X	http://guitarflash.me/?gfcMus=IY9W9CUCB3XD
Not The American Average - Asking Alexandria	http://guitarflash.me/?gfcMus=1V8XBJW47W7K
Narcisista por Excelencia - Pxndx	http://guitarflash.me/?gfcMus=SIM24UX42PIF
Prepare For War - DragonForce	http://guitarflash.me/?gfcMus=X4O6XX5B5IYB
Lost - Avenged Sevenfold	http://guitarflash.me/?gfcMus=UN1XSCKPNQWF
Bloodline - Crown The Empire	http://guitarflash.me/?gfcMus=IMKBXCK3KXKV
Goodbye Esaka -DUAL MIX- - Kyo Kusanagi	http://guitarflash.me/?gfcMus=JDTYLF39Y1CH
c mamut - No Artist Set	http://guitarflash.me/?gfcMus=6V5KA0F1CSCG
Crocodile Rock - Baha Men	http://guitarflash.me/?gfcMus=935R1S6IR0CP
A Greater Foundation - As I Lay Dying	http://guitarflash.me/?gfcMus=UYDAWR4TA7PT
You Cant Stop Me - Suicide Silence	http://guitarflash.me/?gfcMus=VY0IWXAG06FS
Keine Lust  - Rammstein	http://guitarflash.me/?gfcMus=EC81TK5IUGSS
Still Remains - Alter Bridge	http://guitarflash.me/?gfcMus=9TNY64W104Q8
Eu Preciso De Café ! - Mamilos Molengas	http://guitarflash.me/?gfcMus=KFBN9L57RRRC
Racun Dunia - The Changcuters	http://guitarflash.me/?gfcMus=24JYC2N6GYH6
Modo Insano - Carin Leon	http://guitarflash.me/?gfcMus=OQFANLQTOQVU
Twisting The Knife ft. Mckenna Grace - Ice Ni	http://guitarflash.me/?gfcMus=S0RO0VQ1EPNL
Panophobia - The Agonist	http://guitarflash.me/?gfcMus=SW9NRI3GRGKA
Cassis - the Gazette	http://guitarflash.me/?gfcMus=8EG3EYVKT4A4
Omoide Kakera (Fragments of Memories) - Nano	http://guitarflash.me/?gfcMus=U6B060OEMSVC
A Place For My Head - Linkin Park	http://guitarflash.me/?gfcMus=4X51MWV2XY1V
Links 2 3 4  - Rammstein	http://guitarflash.me/?gfcMus=HK56LPFKT1SQ
Destiny Solo - LolNames	http://guitarflash.me/?gfcMus=0NSKG5AL2KL6
Ost Opening Doraemon Versi Indonesia - Mr JOM	http://guitarflash.me/?gfcMus=09CY1X62HS6H
Runaround Man - Motorhead	http://guitarflash.me/?gfcMus=049NLAWI1I1W
Inamorata - Animals as leaders	http://guitarflash.me/?gfcMus=QYE5NRPH2HV6
UFO - Schmutz06	http://guitarflash.me/?gfcMus=S1LGTX03UCOS
Revelations - Dragonforce	http://guitarflash.me/?gfcMus=AICPQ7G3J85T
Deep Purple - Child In Time	http://guitarflash.me/?gfcMus=WUKA9VLX8D0I
Addicted To Pain - Alter Brigde	http://guitarflash.me/?gfcMus=3H9BSCW58I62
Vagabundo O Quê? - Atmos Fenix	http://guitarflash.me/?gfcMus=KUOM2X1TVGUM
F.C.P.R.E.M.I.X - The Fall Of Troy	http://guitarflash.me/?gfcMus=PTM86XXHUWCI
If_You_Have_To_Ask_ - Red Hot Chili Peppers	http://guitarflash.me/?gfcMus=K5T6KY8GDQI5
Battery - Metallica	http://guitarflash.me/?gfcMus=8HUV0089JK2B
2 Sp Helena - LoisGF	http://guitarflash.me/?gfcMus=X5N9MVAUIEBA
Cliffs of Dover - Eric Johnson	http://guitarflash.me/?gfcMus=SF27C5AIL1R3
Vicinity Of Obscenity - System Of A Down	http://guitarflash.me/?gfcMus=RVLRXD9KGC6L
Wheels In Motion (Live In Studio) - Mike Orla	http://guitarflash.me/?gfcMus=XU5OOPRI4V2F
The Castle - John 5	http://guitarflash.me/?gfcMus=051Y21IA1KQC
Pacman Wizard - Abel Baca Perez	http://guitarflash.me/?gfcMus=Y2TOCNXUHJXE
CAFO - Animals As Leaders	http://guitarflash.me/?gfcMus=C3HPBNF79RFE
Ditto - NewJeans	http://guitarflash.me/?gfcMus=H4U9R10C70OS
Covert - Buckethead	http://guitarflash.me/?gfcMus=HQ5R6YUMSQMA
Beat It - John 5	http://guitarflash.me/?gfcMus=MTCXDEIX0O98
SE TE MOJA EL PAPO - by cubanoGF	http://guitarflash.me/?gfcMus=4NQSHUKC1XFS
This Is The New Shit - Marilyn Manson	http://guitarflash.me/?gfcMus=S1LMT7G3NHOF
Theme Of Laura - Silent Hill 2	http://guitarflash.me/?gfcMus=LICJO1RRLHWU
War of The Angels - Rusty Cooley	http://guitarflash.me/?gfcMus=NEJH6NOME8JJ
Black Fire - Dragonforce	http://guitarflash.me/?gfcMus=9RYJ7YKFFQ1S
Smoke on the Water - Deep Purple	http://guitarflash.me/?gfcMus=XOC4A5NEUE72
Naruto Shippuden Opening 13	http://guitarflash.me/?gfcMus=T5N4CUVIBOHN
Alejandro Silva - El Lagarto	http://guitarflash.me/?gfcMus=SWEUEUEBO8VE
Siksa Abadi - Symbol	http://guitarflash.me/?gfcMus=N00CY3VGJTGH
Cita en el quirofano - Pxndx	http://guitarflash.me/?gfcMus=H7AUGKLVI34C
John Petrucci - Solo Level God - ManausGF	http://guitarflash.me/?gfcMus=0500VI3J80EC
Phantom Of The Opera - Iron Maiden	http://guitarflash.me/?gfcMus=PLXAW1SGBBS8
Fallen World - Dragonforce	http://guitarflash.me/?gfcMus=DFWW8ENYFRUM
This Day We Fight! - Megadeth	http://guitarflash.me/?gfcMus=FQHK6TO03RWB
Kill With Power - Arch Enemy	http://guitarflash.me/?gfcMus=6FTM0H9LHX8U
Brutal Mentor - Time Requiem	http://guitarflash.me/?gfcMus=VT0Y5DQTS4L8
Circus For A Psycho - Skillet	http://guitarflash.me/?gfcMus=GH2SSY6OJPBH
Killing You - Asking Alexandria	http://guitarflash.me/?gfcMus=5HM6BHBFXLAQ
Sink Or Swim - Falling In Reverse	http://guitarflash.me/?gfcMus=HYNLHGUBTG8F
With Arms Wide Open.mp3 - Creed	http://guitarflash.me/?gfcMus=NC13AFX46B5A
[Chainsaw Man] Hawatari nioku Centi - Maximum	http://guitarflash.me/?gfcMus=X8XNLBUNJXRP
I E A I A I O - System of a Down	http://guitarflash.me/?gfcMus=48ERRAEKC10J
Crucify Me (Feat. Lights) - Bring Me The Hori	http://guitarflash.me/?gfcMus=U4EW1MYWWI71
NIGHTkilla - Nine Circles.mp3 - NIGHTkilla	http://guitarflash.me/?gfcMus=TEYT7D9S6WF0
Obsidian - Exilelord	http://guitarflash.me/?gfcMus=YI0OTR4U0FQH
Canon Rock ( Koplo Version) - Jerry C	http://guitarflash.me/?gfcMus=XSO3FKQW57Y8
Boss Wave  - Xilent  Albertto	http://guitarflash.me/?gfcMus=XU4WL7JNH9E2
Evolve - East of Eden	http://guitarflash.me/?gfcMus=64DP5GQP0MH2
Presagio - Kevin Castaneda & Alan Rojas	http://guitarflash.me/?gfcMus=OOJVT1FSREUX
Silhouette - Kana Boon	http://guitarflash.me/?gfcMus=A789JGKXF86X
Usubeni - Dragon Ball Super	http://guitarflash.me/?gfcMus=CWC0TYTTR5MP
INDONESIA Raya Metal Version Guitar - WR Supr	http://guitarflash.me/?gfcMus=WBV8M6H8I0R4
Sonata Solo v - Sonata	http://guitarflash.me/?gfcMus=O8FPUHIYO62V
Seven Nation Army - White Stripes	http://guitarflash.me/?gfcMus=3I5SX7JNJ4UN
Waidmanns Heil - Rammstein	http://guitarflash.me/?gfcMus=SW6305FTHTWU
Under 1 Solo - Rusty Cooley	http://guitarflash.me/?gfcMus=9TOR8M6ULQFL
Solos Part 2 - GodelGF	http://guitarflash.me/?gfcMus=QU5WBXQLUGR3
12 Clusterfucks Of Christmas - Schmutz06	http://guitarflash.me/?gfcMus=QTCUPW65T1P9
Sugar Foot Rag - John 5	http://guitarflash.me/?gfcMus=ONO5UGQ0I8IP
Hallowed Be Thy Name - Iron Maiden	http://guitarflash.me/?gfcMus=YFLQ2YVFO9NN
Harakiri - Serj Tankian	http://guitarflash.me/?gfcMus=1CO9F6A6J8YX
The Lead Sprinkler - John 5	http://guitarflash.me/?gfcMus=KA455TUW1XMM
The Way It Ends IMPOSSIBLE - Prototype	http://guitarflash.me/?gfcMus=EI6LW1TCMDNO
Live and Learn - Obey The Brave	http://guitarflash.me/?gfcMus=I2WCNWQV9U05
When you were young - the killers	http://guitarflash.me/?gfcMus=VUR08KK4LQME
Storm The Sorrow - Epica	http://guitarflash.me/?gfcMus=EC9S0U48VV56
Gospel - Friday Night Funkin	http://guitarflash.me/?gfcMus=S2CT1EG9N1D8
Piece Of Mind - Rusty Cooley	http://guitarflash.me/?gfcMus=FCRFFDS6QUDQ
Arcana Idola - Momijitsuki Nagiha	http://guitarflash.me/?gfcMus=S42YQRP8ER3C
Black Sheep - Sonata Arctica	http://guitarflash.me/?gfcMus=GHS45Y2L5YDX
Daddy Discord - DBpony	http://guitarflash.me/?gfcMus=1BP9YRQ97TLL
Dear God  - Avenged Sevenfold	http://guitarflash.me/?gfcMus=54V1VGHHX7KI
The World - Nightmare	http://guitarflash.me/?gfcMus=45YD3091S3KM
Megadeth - Deadly Nightshade - Chart by (Guit	http://guitarflash.me/?gfcMus=XHH4XBWB0DCL
Nobility - Natsuki Aikawa	http://guitarflash.me/?gfcMus=XFUAI84RHAAK
Treino Metralha verde - FattallityGF	http://guitarflash.me/?gfcMus=RDSB3O720OBQ
Random NoT IMPOSSIBLE - Adriano Hipy	http://guitarflash.me/?gfcMus=22VB100I5T3S
Hot For Teacher - Van Halen	http://guitarflash.me/?gfcMus=8RBNDTRJ3NN5
Hero  - Skillet	http://guitarflash.me/?gfcMus=R7TIJ6C08THK
Guys Like You Make Us Look Bad - Bless The Fa	http://guitarflash.me/?gfcMus=NG4JVU3E8ALJ
Solo SOTK Trans5p6 - Adriano Hipy	http://guitarflash.me/?gfcMus=MH8LE78EW591
Guitars Still Suck - Bumblefoot	http://guitarflash.me/?gfcMus=5CO6RPYDDKFX
Soul of a Robot - John 5	http://guitarflash.me/?gfcMus=UUYQNBJLR5LX
Gehenna - Slipknot	http://guitarflash.me/?gfcMus=NT537XN12LAP
Break Free - Hillsong United	http://guitarflash.me/?gfcMus=BH5YSA8RLN6X
Time Of Dying - Three Days Grace	http://guitarflash.me/?gfcMus=5TLBLJK9QLAT
Making Love - Yngwie Malmsteen	http://guitarflash.me/?gfcMus=W36LYO8WPOVF
Playing With Dolls - Slayer	http://guitarflash.me/?gfcMus=C8E0KMDT0SMT
Never Gonna Be Alone - Nickelback	http://guitarflash.me/?gfcMus=3KN8NVUGYHXV
Vivaldis Winter - Dark moor	http://guitarflash.me/?gfcMus=L2YU3P8VWO5V
Mine Turtle - TomSka	http://guitarflash.me/?gfcMus=XJ25P91X873K
Pixelated Madness SOLO - Eduardo Rodrigues	http://guitarflash.me/?gfcMus=LV856PDY4U9J
Happy? - Mudvayne	http://guitarflash.me/?gfcMus=8TQBGFDF9REC
Verrückt | Lullaby For a Dead Man - Elena Sie	http://guitarflash.me/?gfcMus=JLCSXW2X0QWM
Soul Of A Robot - John 5	http://guitarflash.me/?gfcMus=XV6CLG5M4SE6
Surat Cinta Untuk Starla - Virgoun	http://guitarflash.me/?gfcMus=WBOFB78LQDHK
27 Needles - John 5	http://guitarflash.me/?gfcMus=PV7CA7DKI1Q6
victim - heloween	http://guitarflash.me/?gfcMus=NVTHR2YASXNH
Eyeless (Intro) - Joey Jordison	http://guitarflash.me/?gfcMus=DMOL868RMDE0
Loco Calato - Nación Combi	http://guitarflash.me/?gfcMus=6ICQGFIR4OBT
As Long As You Love Me - Justin gayber	http://guitarflash.me/?gfcMus=82JFFGK73XXR
TREINO MEU LEK - Adriano Hipy	http://guitarflash.me/?gfcMus=QFOAYIBXPH0E
Ashes Of The Innocent - Bullet For My Valenti	http://guitarflash.me/?gfcMus=U072QTDVQTQ1
So Far Away - Avenged Sevenfold	http://guitarflash.me/?gfcMus=71RDW7PKG9KY
Lets Beyblade - Beyblade Ezequiel Serrano	http://guitarflash.me/?gfcMus=2AS0REUV9M9N
Colors - Tobu	http://guitarflash.me/?gfcMus=WBR2UAQMSO4Y
La llorona v2 - El cuervo de poe	http://guitarflash.me/?gfcMus=YT6V9JOLJNPQ
Metal Killer Licks - Andy James	http://guitarflash.me/?gfcMus=7MGXAVBMMUSF
Calm Snow - I See Stars	http://guitarflash.me/?gfcMus=V8GIP3A36FCW
Final Wars - Buckethead	http://guitarflash.me/?gfcMus=CWEQ20IE7CM3
Supersonic - Geometry Dash	http://guitarflash.me/?gfcMus=EWUXSPN9RBPV
Tempo Perdido - Legiao Urbana	http://guitarflash.me/?gfcMus=YWSFC2PNTA4H
Wonderwall - Oasis	http://guitarflash.me/?gfcMus=G378S4BP96YH
My Apocalypse  - Arch Enemy	http://guitarflash.me/?gfcMus=S1ME0HFSOV0S
Move the Sky - Vinai T	http://guitarflash.me/?gfcMus=IV6JFLLG1RG5
Speeding - Steve Vai	http://guitarflash.me/?gfcMus=K7PDDA3HHWJF
Reptilia - The Strokes	http://guitarflash.me/?gfcMus=YHDR56PPHVOT
Hachigatsu, Bö, Tsukiakari - Yorushika	http://guitarflash.me/?gfcMus=FDWOSYX48YIU
Coma Bacon ! - Mamilos Molengas	http://guitarflash.me/?gfcMus=JEHQ9R1EPFEI
SALVAGE - Kokoro Connect	http://guitarflash.me/?gfcMus=GQ933MHY4RM2
Breaking - Bumblefoot	http://guitarflash.me/?gfcMus=UMF1YRPG4BDQ
Call Me When Youre Sober  - Evanescence	http://guitarflash.me/?gfcMus=UKLIK1XQ9VNU
The Judas Kiss - Metallica	http://guitarflash.me/?gfcMus=899L7FWFNHHE
Shadows Of Death - Rhapsody Of Fire	http://guitarflash.me/?gfcMus=EVXMQU7MNNOX
Colress Pokemon Battle Theme	http://guitarflash.me/?gfcMus=5TF4CU3GSFM1
Johnny B Goode - Chuck Berry	http://guitarflash.me/?gfcMus=4L8HXX5A8AO6
BALADA DE NAVIDAD - EL BANANERO	http://guitarflash.me/?gfcMus=BCXGR9ND8LO8
The Echo Song - Paul Gilbert	http://guitarflash.me/?gfcMus=DFXTGOSKN4UN
Through the Fire and Flames - Dragonforce	http://guitarflash.me/?gfcMus=F49NRDWOVPYK
Let Me Hear You Scream - Ozzy Osbourne	http://guitarflash.me/?gfcMus=MDY3QTH2IPHM
Sellouts - Breathe Carolina	http://guitarflash.me/?gfcMus=VCQNA7DJKRG1
DOOM 10000 BPM SONG - SlenderGF	http://guitarflash.me/?gfcMus=0DPPBO7AR0A1
Gustavo di Padua - AS1 - ManausGF	http://guitarflash.me/?gfcMus=FG8UVWRRU5MN
Fortune Faded - Red Hot Chili Peppers	http://guitarflash.me/?gfcMus=6J6F1X58KTCD
De Borest - Kuase Nada	http://guitarflash.me/?gfcMus=DIGWJJ1FFSLY
Pra Ser Sincero - Engenheiros do Hawaii	http://guitarflash.me/?gfcMus=E9XGUW4O2RCQ
Harry Potter Meets Metal - Eric Calderone	http://guitarflash.me/?gfcMus=68XJ8LH6SU2Q
Shisssou - Ouran HighSchool Host Club	http://guitarflash.me/?gfcMus=OJCCS0UDFDE8
The Lotus Eater - Opeth	http://guitarflash.me/?gfcMus=S0EO5SWQCDVW
The American Nightmare - Ice Nine Kills	http://guitarflash.me/?gfcMus=LSN5BYJGG8UJ
Kickstart My Heart (Motley Crue Cover) - Aski	http://guitarflash.me/?gfcMus=7Y7DYP67EUIY
Welcome To Bucketheadland - Buckethead	http://guitarflash.me/?gfcMus=3MINEOGMF1BT
Fury Of The Storm - DragonForce	http://guitarflash.me/?gfcMus=I0C8JMCRLQLH
Flatlines, Thin Lines - John 5	http://guitarflash.me/?gfcMus=R7SVJN91S4HU
Cleansing The Soul - John 5	http://guitarflash.me/?gfcMus=VQIKVH58LKIN
Onion Rings - Callum Whyte	http://guitarflash.me/?gfcMus=9RWX5OSLLAD3
Club Foot - Kasabian	http://guitarflash.me/?gfcMus=GINT7BF9TXE5
The Temple Of Hate - Angra	http://guitarflash.me/?gfcMus=65KMXM0XPIXK
Inferno - Symphony X	http://guitarflash.me/?gfcMus=N9A5KA556QES
A Greater Foundation - As I Lay Dying	http://guitarflash.me/?gfcMus=1TT1HYYTHXFP
Helicopter - Bloc Party	http://guitarflash.me/?gfcMus=UI5R641EOH8Y
Chaos - Ayreon	http://guitarflash.me/?gfcMus=3YGY66G8RCBV
resistencia do krai -	http://guitarflash.me/?gfcMus=5TS7N8OAAVKD
Knocking on heavens door - Gusn N Roses	http://guitarflash.me/?gfcMus=UESX6FTM1ESH
Megalomania - Undead Corporation	http://guitarflash.me/?gfcMus=EOAHHPLLBV40
Letter To Dana - Sonata Artica	http://guitarflash.me/?gfcMus=RNV4DOP43SYW
All in Waiting - Buckethead	http://guitarflash.me/?gfcMus=1CLLXUH0WPYJ
Pegaso - Tierra Santa	http://guitarflash.me/?gfcMus=I3SVM8YNQVCP
Comatose - Skillet	http://guitarflash.me/?gfcMus=F58RGB389LAJ
O Que ha de Novo, Scooby-Doo - Scooby-Doo	http://guitarflash.me/?gfcMus=MCBC3HKWSBFL
Masters of Wreckage - Hellish War	http://guitarflash.me/?gfcMus=BN4SA1EYXQC4
E.P.M.  - Dragonforce	http://guitarflash.me/?gfcMus=0H0S2BPG1WQ5
Apologize - Silverstein	http://guitarflash.me/?gfcMus=M3R2THN4JTIC
Creature - Asking Alexandria	http://guitarflash.me/?gfcMus=EGLL2A1UYQ8O
AC-DC - Skies On Fire - bruna	http://guitarflash.me/?gfcMus=CNXUFMEIMR1M
Same About You - A Day To Remember	http://guitarflash.me/?gfcMus=VM5UI0E5WLQ4
Through Glass - Stone Sour	http://guitarflash.me/?gfcMus=UKSDNP3SS6YD
Spit You Out - Bullet For My Valentine	http://guitarflash.me/?gfcMus=EIA3XOMK4CA4
My Spirit Will Go On - Dragonforce	http://guitarflash.me/?gfcMus=WDH0N69G71IH
Prom Queen - Beach Bunny	http://guitarflash.me/?gfcMus=WXX5OEIV5AFO
Burning Town - Nekki Games	http://guitarflash.me/?gfcMus=NM8GA1EW49RU
My Spirit Will Go On - DragonForce	http://guitarflash.me/?gfcMus=O8AEWTVMD533
McRolld1 - Ronald MCDonald	http://guitarflash.me/?gfcMus=LV800XH8I5XV
Frozen By Fire - Derek Sherinian	http://guitarflash.me/?gfcMus=OSRH7CAOKP0B
Guitar Solo  SOLO - Eduardo Rodrigues	http://guitarflash.me/?gfcMus=HCETASXQ84LC
True Friends - Bring Me The Horizon	http://guitarflash.me/?gfcMus=KY0M4MEHQGYR
Tobu - Hope [NCS Release]	http://guitarflash.me/?gfcMus=Q1708JSXBRWD
You Could Be Mine  - guns and roses	http://guitarflash.me/?gfcMus=DUHP9X4EVBLF
E.P.M ( Extreme Power Metal ) - Dragonforce	http://guitarflash.me/?gfcMus=KKC3AGTF75LW
Metrallas ( 2 ) - ...	http://guitarflash.me/?gfcMus=M9RGDIM5QEC9
End Of All Hope - Nightwish	http://guitarflash.me/?gfcMus=ANBFI0HQJGY1
Psycho - system of a down	http://guitarflash.me/?gfcMus=1E277YIMVF2R
Nightmare - SupreMa	http://guitarflash.me/?gfcMus=CTXAWVMOFK7I
A Tout Le Monde - Megadeth	http://guitarflash.me/?gfcMus=URMJ3J0QV5HH
A Voice In The Dark - Blind Guardian	http://guitarflash.me/?gfcMus=0F04XWYD2884
Magnum Opus - Puppetz	http://guitarflash.me/?gfcMus=GKACDL66JDGV
20th Century Boy - Buckethead	http://guitarflash.me/?gfcMus=6XOT0G9SY1F2
Never Too Late - Three Days Grace	http://guitarflash.me/?gfcMus=2J295SV19H88
Ignite - Sword Art Online II	http://guitarflash.me/?gfcMus=D22E09NEXWHM
Guitar Solo - Katsu Ohta	http://guitarflash.me/?gfcMus=8F4OVJXYXS1I
The Bitch Is Back - Sinergy	http://guitarflash.me/?gfcMus=55RERRJD9B9F
Eclosion - Lepra	http://guitarflash.me/?gfcMus=E817JRJGPRCS
The Diary Of Jane - Breaking Benjamin	http://guitarflash.me/?gfcMus=J1RCY165QG1M
Desmeon - Back From The Dead [NCS Release]	http://guitarflash.me/?gfcMus=GX49JHEW7Q56
Chemical Infatuation - Like A Storm	http://guitarflash.me/?gfcMus=HOETGU2OT6WR
Natural Born Killer - Avenged Sevenfold	http://guitarflash.me/?gfcMus=G8GF8PYGUYQL
Nuke the Cross - Toxic Holocaust	http://guitarflash.me/?gfcMus=WS0AD6RFLQLI
Mary On A Cross - Ghost	http://guitarflash.me/?gfcMus=KK9MTDH9CSL6
Eminem Revenge Full Edition - Emibridge	http://guitarflash.me/?gfcMus=JA8DOFHWIXAQ
Solo Final CountDown - Europe	http://guitarflash.me/?gfcMus=8JEU3G8PMTMB
Ilussia - Mägo de Oz	http://guitarflash.me/?gfcMus=KW8TWWBCB898
Carpathia - Michael Romeo	http://guitarflash.me/?gfcMus=6J82L1O9M40R
Dragon Ball Super Opening	http://guitarflash.me/?gfcMus=9GVS8ADURW2B
Vingadora - Paredão de Metralhadora - FitDanc	http://guitarflash.me/?gfcMus=DEA6K2PUPDSL
Flames Of Revenge - Rhapsody	http://guitarflash.me/?gfcMus=AC9NPTOVO6BJ
Spirit Temple Requiem of Spirit - Artificial	http://guitarflash.me/?gfcMus=EU4TXSYK61NQ
RISING FORCE - YNGWIE MALMSTEEN	http://guitarflash.me/?gfcMus=98BFN06L46HF
In Pieces - Linkin Park	http://guitarflash.me/?gfcMus=69RB5FG4O9QX
My Apocalypse - Metallica	http://guitarflash.me/?gfcMus=Q9OR6YRBIF6U
We are not anonymous - GodelGF	http://guitarflash.me/?gfcMus=Y5ENA6H8JX0E
You Know You re Right - Nirvana	http://guitarflash.me/?gfcMus=6CHIOAACMF52
Wild Eyes - Parkway Drive	http://guitarflash.me/?gfcMus=GHY68VNNHEO3
Guilty All The Same - Linkin Park	http://guitarflash.me/?gfcMus=WBTJ9LDX99GP
Shitload of Money - Sonata Arctica	http://guitarflash.me/?gfcMus=NXGB64RTA0PH
This Dying Soul - Dream Theater	http://guitarflash.me/?gfcMus=6IG56S0I7DBL
The Beautiful People - Marilyn Manson	http://guitarflash.me/?gfcMus=N56XRTBAOKX6
Thanks for playing - n_n	http://guitarflash.me/?gfcMus=7CXHIHO1S1V8
O Que Eu Também Não Entendo - Jota Quest	http://guitarflash.me/?gfcMus=RITK4AGAMW5O
Entrenamiento metras uwu - El tio Josy uwu	http://guitarflash.me/?gfcMus=R3HOJH58JQ13
guren no yumiya - linked horizon	http://guitarflash.me/?gfcMus=0JOISFDG53G7
Dusk Dismantled - Trivium	http://guitarflash.me/?gfcMus=VTW8FIB144L7
Not Good Enough For Truth In Cliche - Escape	http://guitarflash.me/?gfcMus=JWO1JDXLA6U2
Guitar Solo - Kerry King	http://guitarflash.me/?gfcMus=4X996IH3FYO0
Battlecross  - Never Coming Back	http://guitarflash.me/?gfcMus=59Y5AVA0MCPG
Ashes (feat. Matt Tuck) - Black Tide	http://guitarflash.me/?gfcMus=N8I852GFQ0PM
A Martian Winter - Angel Vivaldi	http://guitarflash.me/?gfcMus=VHY3M9SFKXLR
Crash - Fit For Rivals	http://guitarflash.me/?gfcMus=LGRQRRPFC9UI
We WillmRock You - Queen	http://guitarflash.me/?gfcMus=L19L4SCB5GF3
Paid In Full - Sonata Arctica	http://guitarflash.me/?gfcMus=HOFKL40EUK95
Brujas - Mago De Oz	http://guitarflash.me/?gfcMus=4GBEO8NOADIE
Rock n Roll - Skrillex	http://guitarflash.me/?gfcMus=8LC1WB2DIPHL
Pixelated Madness - Sidney 600	http://guitarflash.me/?gfcMus=E82XSS725YC6
Shakira y sus amigas - Chabelos	http://guitarflash.me/?gfcMus=7EK5TJBP46AL
Qwerty - Linkin Park	http://guitarflash.me/?gfcMus=8M9A4OXQGWTJ
Dystopia - Megadeth	http://guitarflash.me/?gfcMus=DAQBCWIAVAPX
Solo Fiesta Pagana - Mago de Oz	http://guitarflash.me/?gfcMus=B7TID3BTCMJW
Wedding March For A Bullet - Diablo Swing Orc	http://guitarflash.me/?gfcMus=8JQ3SA4ANQ3L
Far Beyond The Sun - Yngwie Malmsteen	http://guitarflash.me/?gfcMus=QMF4M81AAYVQ
Hallowed Point - Slayer	http://guitarflash.me/?gfcMus=MIBVSAEOLKK5
Solo Compilation - Children Of Bodom	http://guitarflash.me/?gfcMus=VG7T4RHS558B
Waters Rising - Alter Bridge	http://guitarflash.me/?gfcMus=LGN8VMCXNTJ3
Welcome - Slipknot	http://guitarflash.me/?gfcMus=X0J64PSGFIHC
Pulse Of The Maggots - Slipknot	http://guitarflash.me/?gfcMus=NPR9NO17QW6J
Ilex Paraguariensis - Humberto Gessinger	http://guitarflash.me/?gfcMus=HIHQ75J2V9Q0
No One Survives - Nekrogoblikon	http://guitarflash.me/?gfcMus=WOO48G9WJSSQ
Yoshu Fukushu - Maximum The Hormone	http://guitarflash.me/?gfcMus=DK6BN8SQTPNE
Ultimate 4 - Girugamesh	http://guitarflash.me/?gfcMus=4TUKS1QYP0WG
Flash of the Blade  - Iron Maiden	http://guitarflash.me/?gfcMus=MSI5M4YQXTV2
I Will See the Light Tonight - Yngwie Malmste	http://guitarflash.me/?gfcMus=E6COTVCHDQME
Light Up The Night - Symphony X	http://guitarflash.me/?gfcMus=9K8PJ9V3U96H
Dibalik Hari Esok - Pee Wee Gaskin	http://guitarflash.me/?gfcMus=FVUBDS1CY7DT
[Yumekui Merry] Syndrome Daydream - Marina Fu	http://guitarflash.me/?gfcMus=RGC8M4P38223
Secret 1st - Francesco Fareri	http://guitarflash.me/?gfcMus=BQL1INIJC5F2
Rope - Foo Fighters	http://guitarflash.me/?gfcMus=V45JKM7KVMKQ
Whats Up People - Death Note	http://guitarflash.me/?gfcMus=71YD6NPDM975
Lie - Dream Theater	http://guitarflash.me/?gfcMus=4WLOL6PSWHAL
A Prophecy - Asking Alexandria	http://guitarflash.me/?gfcMus=9F3WPAY9WEO5
Cry Solo no Hard - Dragon Force	http://guitarflash.me/?gfcMus=DD9HQ22L385V
King of The Hill - Artificial Fear	http://guitarflash.me/?gfcMus=O5VN5A48U4YV
Unbreakable - Saving Grace	http://guitarflash.me/?gfcMus=QKO1OKMPBW6L
Take Me Away - Christina Vidal	http://guitarflash.me/?gfcMus=O408HP9AYNGY
Gimme chocolate!! - Babymetal	http://guitarflash.me/?gfcMus=IBD97I6WEMWL
Crush Crawfish - Megaman X3 OST	http://guitarflash.me/?gfcMus=B9PW6NNV8XKT
Thank You Pain - The Agonist	http://guitarflash.me/?gfcMus=RWGEMNMVBAU5
Solo Cut - Mike orlando	http://guitarflash.me/?gfcMus=D25UJ3PF725D
Angel Of Death INICIO 10x - Slayer	http://guitarflash.me/?gfcMus=IJ6J9JIJGP4O
Welcome To Buckethead Land - Buckethead	http://guitarflash.me/?gfcMus=0WGDK9KV0GTT
Awadama Fever - Babymetal	http://guitarflash.me/?gfcMus=K3DF62B4SC3A
Metal In Inappropriate Places - Rob Scallon	http://guitarflash.me/?gfcMus=I3P935FLOLPB
Chupacabra - Zakk Wylde	http://guitarflash.me/?gfcMus=X4RQMJ331DXP
Talk Dirty To Me  - By poison GFC	http://guitarflash.me/?gfcMus=IWM9TIITL6V0
WHATEVER IT TAKES (Raise Our Hands!) - GALNER	http://guitarflash.me/?gfcMus=BFCFGA6X5052
El Libro de las Sombras -  Mago de Oz	http://guitarflash.me/?gfcMus=QY88PL06CQWN
Angels with Dirty Faces - Sum 41	http://guitarflash.me/?gfcMus=JXB058MVDX9P
Raise My Sword - Galneryus	http://guitarflash.me/?gfcMus=DMS1TR0NBBPR
Never say Never - Afilia Saga	http://guitarflash.me/?gfcMus=S0JWL6RI7BO2
The Flood - Escape The Fate	http://guitarflash.me/?gfcMus=L3195PJPX0SY
Dr. Stein - Helloween	http://guitarflash.me/?gfcMus=V0XPATLJQX4Q
Pulsos - Pitty	http://guitarflash.me/?gfcMus=LNNMFNAYUEDY
Judas At The Opera - EdGuy	http://guitarflash.me/?gfcMus=370QO7UNML82
Limit Break x Survivor - Dragon Ball Super	http://guitarflash.me/?gfcMus=8FDCLCRWQBM3
Sidewinder - Avenged Sevenfold	http://guitarflash.me/?gfcMus=YWQO6SRXSVS4
[SPYxFAMILY] Mixed Nuts  - HIGE DANdism	http://guitarflash.me/?gfcMus=MTCRAEC2SQKL
Dolls - Dark Lunacy	http://guitarflash.me/?gfcMus=RIR1VI8P0V5X
Kissing the Shadows - Children Of Bodom	http://guitarflash.me/?gfcMus=HU942GTDIURJ
Deathbeds - Bring Me The Horizon	http://guitarflash.me/?gfcMus=EIDL89K065XU
Masih Ada - Ello	http://guitarflash.me/?gfcMus=WDFHCMC158UP
V3 II - O2Jam OST	http://guitarflash.me/?gfcMus=7YBMIAR8VU63
Solo Soldiers - Dragonforce	http://guitarflash.me/?gfcMus=T6F3LL4JWUUT
Watching Us Die Tonight - Bullet For My Valen	http://guitarflash.me/?gfcMus=O0LNN77MMOIF
Girl I Know - Avenged Sevenfold	http://guitarflash.me/?gfcMus=NBAU9QDOYBQI
The Diary of Jane - Breaking Benjamin	http://guitarflash.me/?gfcMus=W3CN2MTY247K
She Wolf - megadeth	http://guitarflash.me/?gfcMus=A67KR9MJ8U59
Reign In Madness - Symphony X	http://guitarflash.me/?gfcMus=SUNQLQFHIQH9
Screaming In The Dark - Halford	http://guitarflash.me/?gfcMus=47ODNLN9Y4X3
Angeles Fuimos - Dragon Ball Z	http://guitarflash.me/?gfcMus=09H4VLMILWHM
Llegamos Los Pibes Chorros - Los Pibes Chorro	http://guitarflash.me/?gfcMus=53YNFJ1I0I8W
We Shall All Bleed - Deadlock	http://guitarflash.me/?gfcMus=HVBNA92X5VRA
AC-130 - Attack Attack!	http://guitarflash.me/?gfcMus=S28G999M5JQG
Nightmare On Elm Street theme soundtrack - gu	http://guitarflash.me/?gfcMus=2KU3TCOCWJWF
Along For The Ride - Dream Theater	http://guitarflash.me/?gfcMus=SS07UU8I6PRU
A Place for My Head - Linkin Park	http://guitarflash.me/?gfcMus=F4C8H0VFRKXY
Sulfur 2 SP - Adriano Hipy	http://guitarflash.me/?gfcMus=KF90SAC149RY
Business Suits And Combat Boots - The Agonist	http://guitarflash.me/?gfcMus=RLG9DLD3JAU2
Uber Song ( Para Iniciantes ) - Felipe Gamer	http://guitarflash.me/?gfcMus=YMBRM6CWN4UM
Metalingus - Alter Bridge	http://guitarflash.me/?gfcMus=ASIYH9CAHPRQ
What I ve Done - Linkin Park	http://guitarflash.me/?gfcMus=AD6308Q4SBC4
Dominion - Rusty Cooley	http://guitarflash.me/?gfcMus=9SWNS514EUPS
Ultimo SP Revolution - Dragon Force	http://guitarflash.me/?gfcMus=YLITAOD1M6TG
Symphony Of The Night - Dragonforce	http://guitarflash.me/?gfcMus=FI0M5EKRO606
The Aftermath (Guillotine Part III) - Escape	http://guitarflash.me/?gfcMus=R2HUMIB4QNOP
Na Sua Estante - Pitty	http://guitarflash.me/?gfcMus=ENE26CJD7Q4E
Thrasher - Evile	http://guitarflash.me/?gfcMus=Q3SXCJR17QBD
Sorriso Resplandecente - Dragon Ball GT	http://guitarflash.me/?gfcMus=RB4WILWS9DW0
La Bamba  - richi	http://guitarflash.me/?gfcMus=TND1F69EHPP3
Mad Pitchfork + Boss Battle - Conkers Bad Fur	http://guitarflash.me/?gfcMus=TOFKNYHY4ROT
Pure White Lace  - Eyes Set to Kill	http://guitarflash.me/?gfcMus=4KGKKG6E7CN0
A-L-I-E-N - Maximum The Hormone	http://guitarflash.me/?gfcMus=CFE91M5Y0GR3
The Relic - Symphony X	http://guitarflash.me/?gfcMus=DHHX1DRMOMLM
Calcetin con Rombos Man - 31 minutos	http://guitarflash.me/?gfcMus=BRFT9X1QEYR9
El reino olvidado - Rata Blanca	http://guitarflash.me/?gfcMus=P75JEQ7NHGF8
Shotgun Logic - Toxik	http://guitarflash.me/?gfcMus=BT3FQJ35JOIN
Mercy - Joe Perry	http://guitarflash.me/?gfcMus=1IGVM8YKY6HA
From the Blue - An Endless Sporadic	http://guitarflash.me/?gfcMus=4VGG0SEX0PYH
Towel in the Kitchen - Buckethead	http://guitarflash.me/?gfcMus=UQTULS25TS4X
The Moon of Pejeng - Breaux	http://guitarflash.me/?gfcMus=M2VJREQHN1HR
Five Forces - All Publiko	http://guitarflash.me/?gfcMus=5SSCQ9U6HS90
New Legend - Galneryus	http://guitarflash.me/?gfcMus=KGL8YU369WD3
The Game - Dragonforce	http://guitarflash.me/?gfcMus=0S3KX886AY2M
Netsuzou Trap Opening - Haruka Tojo	http://guitarflash.me/?gfcMus=ULKH0FIOMA06
Ride The Sky - Helloween	http://guitarflash.me/?gfcMus=M8WPHPO8U0N1
Treino 1 Scars - killua	http://guitarflash.me/?gfcMus=3JRSDIS7TBXB
The Accolade - Symphony X	http://guitarflash.me/?gfcMus=LFWYXPGDUMTB
From Chaos To Eternity - Rhapsody Of Fire	http://guitarflash.me/?gfcMus=2E0PSNVBETQ0
Eminem of Grapes - No Artist Set	http://guitarflash.me/?gfcMus=7646YML7J5OH
kkkkkkkkkkkkk - No Artist Set	http://guitarflash.me/?gfcMus=5NNH7K4WRARO
Alestorm - Alestorm	http://guitarflash.me/?gfcMus=BCXMRI4D1QOU
Solos (Vol.5) - Varias Bandas	http://guitarflash.me/?gfcMus=ALRAHHRHA48D
Comme le Vent - Alkan	http://guitarflash.me/?gfcMus=2WYALR46EDK0
Infernoplex - Dimrain47	http://guitarflash.me/?gfcMus=8PIP1CSO3OMY
Kryptonite - 3 Doors Down	http://guitarflash.me/?gfcMus=D79W41XOPQMC
Lament - Galneryus	http://guitarflash.me/?gfcMus=MVWR546KGDYL
2 x Again - Michael Angelo Batio	http://guitarflash.me/?gfcMus=G0RT4T66P8JK
Three Hammers - DragonForce	http://guitarflash.me/?gfcMus=VUQ69T14DVM1
Bards 2nd SP - Aeon Bridge	http://guitarflash.me/?gfcMus=DE6RVO83LOTT
Megas XLR - Abertura Megas XLR	http://guitarflash.me/?gfcMus=HV6CFD5G9MGH
Solo Angel of Death - Adriano Hipy	http://guitarflash.me/?gfcMus=9JBI6CK04HHI
The Dance Of Eternity - Dream Theater	http://guitarflash.me/?gfcMus=HTQHCI2KBCPN
Jato Unit - Jeff Loomis	http://guitarflash.me/?gfcMus=WHT4VMITNRX9
INSANE GH3GH2 Montage (We Survived Special!)	http://guitarflash.me/?gfcMus=SHWGYXQSWMGD
Knives and Pens - Black Veil Brides	http://guitarflash.me/?gfcMus=D6KG5UL45DWW
Hellensoerensen - Exilelord	http://guitarflash.me/?gfcMus=X5H1FXJWY1CH
Tai Ma Gekisen OST - Satan Soul - Fairy Tail	http://guitarflash.me/?gfcMus=24QRN1WS8LRP
44 Minutes - Megadeth	http://guitarflash.me/?gfcMus=7SAFVQKC3ONT
Nintendo Medley guitar - Glyn Williams	http://guitarflash.me/?gfcMus=UT8MAK4PX1K4
Solo Changes Invertido - Adriano Hipy	http://guitarflash.me/?gfcMus=UY948N33YNPO
Three Hammers  - Dragonforce	http://guitarflash.me/?gfcMus=MWVUWT1Y910K
Paint It  Black - Rolling Stones	http://guitarflash.me/?gfcMus=8SY8X6JTM41I
Sommer (Intro) - Nargaroth	http://guitarflash.me/?gfcMus=9GRLMW2YV5Q7
Damaged - John 5	http://guitarflash.me/?gfcMus=PAUO44HM965D
Re:Re: - Boku Dake ga Inai Machi	http://guitarflash.me/?gfcMus=NU1L92LOXFAA
Silver Surfer Videogame Theme - Tim Follin	http://guitarflash.me/?gfcMus=FOWPE42DM36Y
Element Iori Theme - KOF ZILLION	http://guitarflash.me/?gfcMus=QEOM5JNO4CCO
One By One - IMMORTAL	http://guitarflash.me/?gfcMus=MYBP0O4U7BQF
Phoenix - Satyricon Feat. Sivert Høyem	http://guitarflash.me/?gfcMus=PASVJRHKEQHC
Im Low On Gas And You Need A Jacket - Pierce	http://guitarflash.me/?gfcMus=O6PGVKNFWYC3
Solo Para Amarte - Rata Blanca	http://guitarflash.me/?gfcMus=VB88KH2Q6EER
Colossenses e Suas Linhas de Amor - Solo	http://guitarflash.me/?gfcMus=M069V9LRAKF0
[Hunter x Hunter] Departure! - Galneryus	http://guitarflash.me/?gfcMus=PK2SR66X0P4M
Casanova Rodeo - The World Alive	http://guitarflash.me/?gfcMus=PFU8SWBE2GBW
A Fools Paradise - Symphony X	http://guitarflash.me/?gfcMus=69OVITN80CF6
The Negative One - Slipknot	http://guitarflash.me/?gfcMus=XHJM8UUQ160C
Just Awake  - Fear and Loathing in Las Vegas	http://guitarflash.me/?gfcMus=CAYYI4V727OT
Mabels Fatal Fable - Jason Becker	http://guitarflash.me/?gfcMus=MN78VPWKI3FJ
Dig It - Mike Orlando	http://guitarflash.me/?gfcMus=1K9L287AMR7T
Sad But True - Metallica	http://guitarflash.me/?gfcMus=U3NKQFSVP1TL
Dominion - Rusty Cooley	http://guitarflash.me/?gfcMus=R1QHF2UXYY0A
Runaway (U & I) - Galantis	http://guitarflash.me/?gfcMus=AD8S89FO8HBI
Sorriso Resplandecente - Dragon Ball GT	http://guitarflash.me/?gfcMus=A0E0ENIF0DAU
King for a Day ft. Kellin Quinn - Pierce The	http://guitarflash.me/?gfcMus=XBJFMBNV8YH3
My Vow - Black Veil Brides	http://guitarflash.me/?gfcMus=3I2BKVVC3IJV
Dominion - Rusty Cooley	http://guitarflash.me/?gfcMus=8KERM6G56PGM
Better Off Dead - Sleeping With Sirens	http://guitarflash.me/?gfcMus=A3R1X6MA37EO
Profugos - Soda Stereo	http://guitarflash.me/?gfcMus=HMPAPYUOH57D
The Final Countdown - Europe	http://guitarflash.me/?gfcMus=5INT6GYOJQXH
The Pulse Of The Dead - Parasite Inc	http://guitarflash.me/?gfcMus=F7OBUYJJ2UPR
Sonic Stomp - Mike Orlando	http://guitarflash.me/?gfcMus=IQW50RHPMTNE
Dig Up Her Bones - The Misfits	http://guitarflash.me/?gfcMus=NN191BX46442
Wolf In Sheeps Clothing - Set It Off	http://guitarflash.me/?gfcMus=608TV73BMMT2
Fire It Up - Black Label Society	http://guitarflash.me/?gfcMus=SBQ6C8NP6RBX
Soldiers Hard Esperado 6 SP - Adriano Hipy	http://guitarflash.me/?gfcMus=JACPJBEEE7LJ
Da-Da-Dash - Monster Musume OP II	http://guitarflash.me/?gfcMus=MPUNAAS3FUHB
Can You Feel My Heart - Bring Me The Horizon	http://guitarflash.me/?gfcMus=J2PIHGWYAR1L
So Contagious - Acceptance	http://guitarflash.me/?gfcMus=XSH29VF0EY02
Sugar Foot Rag - John 5	http://guitarflash.me/?gfcMus=F1S6RRHOXIU0
Danger Line - Avenged Sevenfold	http://guitarflash.me/?gfcMus=QHGA6HV3WVPK
Goose - Polyphia	http://guitarflash.me/?gfcMus=QMINFLOWKLJ5
Salieri Strikes Back (150% Speed) - Warmen	http://guitarflash.me/?gfcMus=PFUDYO75N6MK
Cry For Eternity PT1 - Adriano Hipy	http://guitarflash.me/?gfcMus=S92LRVVGMBWJ
Funcoms Rundown of Conan - Mr. Godel_GF	http://guitarflash.me/?gfcMus=PXVJU28SG75A
Tears Don_t Fall Part 2 - Bullet For my Valen	http://guitarflash.me/?gfcMus=E19PHHPTVJ53
Solo Cry Parte 2 - Adriano Hipy	http://guitarflash.me/?gfcMus=EU6HE5RQTJN5
Tobu - Hope NCS Release.mp3 - No Artist Set	http://guitarflash.me/?gfcMus=PMOL90ODWKTN
Big 4 in 4 Minutes - Charlie Parra	http://guitarflash.me/?gfcMus=Q4NH849XAY0X
You Shook Me All Night Long - AC/DC	http://guitarflash.me/?gfcMus=EFOBWOUDGBKQ
First Of The Year (Equinox)   - Skrillex	http://guitarflash.me/?gfcMus=T3YSJHFOC14V
Earth E Sky - Virtual Riot	http://guitarflash.me/?gfcMus=BMBQO1THWBBB
Reminiscence - Versailles	http://guitarflash.me/?gfcMus=O8BC2DBD7OE4
Circus Renz - André Rieu	http://guitarflash.me/?gfcMus=KQATFWO56Y3F
Leaving All Behind - Nautiluz	http://guitarflash.me/?gfcMus=8OOWA29H0T9R
El Chavo Del 8 - Perrey And Kingsley	http://guitarflash.me/?gfcMus=AO4CX86HY6O7
Ring of Fire - Dragonforce	http://guitarflash.me/?gfcMus=3VNC3HJYJ1A0
Laser Lobotomy - Blotted Science	http://guitarflash.me/?gfcMus=25JT92HA92SJ
Animals - Nickelback	http://guitarflash.me/?gfcMus=2P4B66N84K2J
Always with me, Always with you - Joe Satrian	http://guitarflash.me/?gfcMus=VLDL0I3IHRDN
Anna Julia - los Hermanos	http://guitarflash.me/?gfcMus=UWOWDOSKJVB2
Angeles Fuimos Theme - Dragon Ball	http://guitarflash.me/?gfcMus=AHDK401EK5GU
[Mob Psycho 100] 99  - MOB CHOIR	http://guitarflash.me/?gfcMus=RS4KN0F4N6FM
Gods and Monsters - Jhon 5	http://guitarflash.me/?gfcMus=IAJJPR8BD9K2
Sweeps and Quad Chimneys 27/34.6 NPS - Metall	http://guitarflash.me/?gfcMus=HTM5JDUXSU2U
I Got no Time - The Living Tombstone	http://guitarflash.me/?gfcMus=GHT1G0W2R31X
Serrana - Jason Becker	http://guitarflash.me/?gfcMus=PXT1JHADEDHJ
Second Heaven - YTPMV	http://guitarflash.me/?gfcMus=LDCY08X0S8QB
Speed Test - Exilelord	http://guitarflash.me/?gfcMus=MFNH863FU97D
The Flag Of Reincarnation - Galneryus	http://guitarflash.me/?gfcMus=MC74G491WJ4G
The Nightrager - Bob Katsionis	http://guitarflash.me/?gfcMus=N4706VCMIL9U
Still Loving You - Scorpions	http://guitarflash.me/?gfcMus=XE373QY19EKR
I Wanna Rock - Twisted Sister	http://guitarflash.me/?gfcMus=0S7VS54N68DF
Fabuless - Stone Sour	http://guitarflash.me/?gfcMus=TCGJJO4VXH1D
Take It Out On Me - Bullet For My Valentine	http://guitarflash.me/?gfcMus=HD8JRJVCAGXV
Dr Stein - Helloween	http://guitarflash.me/?gfcMus=2JAUGJON8XI5
Still Waiting - Sum 41	http://guitarflash.me/?gfcMus=0SYCCVVBD7QI
Hangekino Yaiba - Wagakki Band	http://guitarflash.me/?gfcMus=JH1TV8PA5PSH
Kimi No Sei - The Peggies	http://guitarflash.me/?gfcMus=55QFO1TITJLF
Flandres Scarlet Theme  - UN Owen Was Her	http://guitarflash.me/?gfcMus=RTWF8QJLVHGT
Yah Pit (Poison) - Bodyslam	http://guitarflash.me/?gfcMus=CV9KWXY3QOHM
Full Speed X by Guitar Flash Custom Canciones	http://guitarflash.me/?gfcMus=D7GR7P2Q91XU
Psychobilly Freakout - Reverend Horton Heat	http://guitarflash.me/?gfcMus=78THR121IS29
Spiders - System Of a Down	http://guitarflash.me/?gfcMus=6D2SVJVBHH7C
The Ghost Of You  - My Chemical Romance	http://guitarflash.me/?gfcMus=41OW944XL4F7
Believe - Asking Alexandria	http://guitarflash.me/?gfcMus=KJC9DG0BE39K
So Sexy Robotnik - PowerGlove	http://guitarflash.me/?gfcMus=KDJT5NRWRAPT
Jason Derulo  - Talk Dirty  Metal Remix  Scr	http://guitarflash.me/?gfcMus=X4QSE9XHS1YP
Sick Of It - Skillet	http://guitarflash.me/?gfcMus=PP0QEP8VYIMG
Kuu Zen Zetsu Go! - Dragon Ball Kai	http://guitarflash.me/?gfcMus=BT2II9YJBCIM
Social Fever - Howe II	http://guitarflash.me/?gfcMus=T8YGHTU25SA3
Deliver Us From Evil - Bullet For My Valentin	http://guitarflash.me/?gfcMus=KNQ3WQM5PRCQ
Theres No Sympathy For The Dead - Escape The	http://guitarflash.me/?gfcMus=31WJI37P6S34
Shake It Bololo - Classics of MPB	http://guitarflash.me/?gfcMus=Q22J8U0PSSAX
Solo De 10 Minutos - Pierry	http://guitarflash.me/?gfcMus=4JRWL2ETUSXX
Breaking Point - Parkway Drive	http://guitarflash.me/?gfcMus=1INT28F3XQGH
What Colour is Your Blood - Vader	http://guitarflash.me/?gfcMus=4A97I30QTLCG
Critical Acclaim - Avenged Sevenfold	http://guitarflash.me/?gfcMus=AROBVQOT1KQ6
Mortal Kombat Metal (Passinho do Sub-Zero) -	http://guitarflash.me/?gfcMus=XHLCJN97V5NQ
Night of Knights (Touhou) - Unknown guy	http://guitarflash.me/?gfcMus=SM39RWMMTIXP
A New Beginning (Feat. Chris Motionless) - Up	http://guitarflash.me/?gfcMus=PV5MYEY5N23R
Black Hole - schmutz06	http://guitarflash.me/?gfcMus=BB5PF15H0SNO
My Story  - Dragon Blanco	http://guitarflash.me/?gfcMus=6GLIFQXBXOX1
Altitudes - Jason Becker	http://guitarflash.me/?gfcMus=V61OJHHCSDW2
Close To The Sky - Edu Ardanuy	http://guitarflash.me/?gfcMus=M3QYI7DN5KUO
Bleach Opening 13 - Sid	http://guitarflash.me/?gfcMus=WL2OEHSG8MEN
Play With Me OverCharted Solo - Adriano Hipy	http://guitarflash.me/?gfcMus=P83KQE2QF24K
Do Ya Wanna Taste It - Wig Wan	http://guitarflash.me/?gfcMus=BJH9W392BJ42
Crystal Weed - Astrio	http://guitarflash.me/?gfcMus=A6EGS62QDDSR
Rokudenashi Majutsu Koushi to Akashic Records	http://guitarflash.me/?gfcMus=8A9AXMUSUUH4
24K Magic - Bruno Mars	http://guitarflash.me/?gfcMus=4PJLOKNHG75B
Paranoia - A Day To Remember	http://guitarflash.me/?gfcMus=LP543LVWU0R8
Marcianito 100% real bailando cumbia - no fak	http://guitarflash.me/?gfcMus=D6G2I9T8GGL6
Mother - Danzig	http://guitarflash.me/?gfcMus=I2VH937J8YO4
I Was Made For Loving You - Kiss	http://guitarflash.me/?gfcMus=ICBDSPLKDQLK
Senketsu no Chikai - Yousei Teikoku	http://guitarflash.me/?gfcMus=SQ4T2AWH9DQX
The Zoo - Arch Enemy	http://guitarflash.me/?gfcMus=8YUD1DLOQGVB
Malaguena Salerosa - Avenged Sevenfold	http://guitarflash.me/?gfcMus=SQ95W7TX6M2P
Endless Night - DREAMCATCHER	http://guitarflash.me/?gfcMus=NDQGHVEAX0TP
Boku no Hero Academia OP 1 - Boku no Hero Ope	http://guitarflash.me/?gfcMus=XQXYMFR3YOL3
Stel Kendo - Ska 86	http://guitarflash.me/?gfcMus=BT8KL7JMNSTS
Letting You Go - Bullet For My Valentine	http://guitarflash.me/?gfcMus=IQNLII9DUS1H
Harapan - For Dance Miracle	http://guitarflash.me/?gfcMus=Y4C43D9NVV1N
Solos - No Artist Set	http://guitarflash.me/?gfcMus=UAF2QXWN4HDB
y2mate.com - Space Pirates - waterflame	http://guitarflash.me/?gfcMus=F3FYAM03UDL1
Enfermo - Kiko Loureiro	http://guitarflash.me/?gfcMus=VKKWHQ5WFE04
Crawling - Linkin Park	http://guitarflash.me/?gfcMus=NH6V3ETX36LM
Over My Head (Better Off Dead) - Sum 41	http://guitarflash.me/?gfcMus=H9XE4O30GC6Q
Naruto Shippuden Opening 6 Flow-Sign AMV - Fl	http://guitarflash.me/?gfcMus=RWCY3TKU248D
2021 EM UMA MUSICA - Inutilismo	http://guitarflash.me/?gfcMus=73IGS3E92JM4
Rustys Freestyle Shred - No Artist Set	http://guitarflash.me/?gfcMus=LE52IHRMFV44
Peace Sells    - Megadeth	http://guitarflash.me/?gfcMus=BYASPJHOOSBQ
Destiny (Solo) - Galneryus	http://guitarflash.me/?gfcMus=P30FEQY26PML
Old School Hollywood - System Of A Down	http://guitarflash.me/?gfcMus=X6HVCXD1S4NU
Six - All That Remains	http://guitarflash.me/?gfcMus=KHS2HHQSYBUX
WTF Song - Greg	http://guitarflash.me/?gfcMus=7FICA7CN9PMK
Solider Dream - Projeto Remake	http://guitarflash.me/?gfcMus=C6RBBBG13GVG
Death Metal Batman - Tuyo Mio GF Ernesto	http://guitarflash.me/?gfcMus=FGFMANQ92KL6
Yngwie Malmsteen Style - Andy James	http://guitarflash.me/?gfcMus=CVK3EQ53CFWJ
Final Wars - Buckethead	http://guitarflash.me/?gfcMus=R4AL0QTY0GQ9
No Way Out - Bullet For My Valentine	http://guitarflash.me/?gfcMus=7KO46XXDLDRW
Juggernaut - Schmutz06	http://guitarflash.me/?gfcMus=C43QN7YV57T2
Public Enemy No.1 - Megadeth	http://guitarflash.me/?gfcMus=9R08IRYV9PO7
CoD AW | Salute Your Solution - The Raconteur	http://guitarflash.me/?gfcMus=676K1NX1KGCK
Lowborn - Wolves at the Gate	http://guitarflash.me/?gfcMus=BLIV60FV3SX4
Smokahontas - Attack Attack	http://guitarflash.me/?gfcMus=Y3LXV69IVCBU
Blackened - Metallica	http://guitarflash.me/?gfcMus=50K0VJUOHY4D
Darling - Eyes Set to Kill	http://guitarflash.me/?gfcMus=G7L2BDXJKU2N
Paradigm - Avenged Sevenfold	http://guitarflash.me/?gfcMus=4KFMC62TY0N0
Decode - Paramore	http://guitarflash.me/?gfcMus=C7IBFIABV3XL
Torn Between Scylla And Charybdis - Trivium	http://guitarflash.me/?gfcMus=9W528Y5URSIJ
Perfect Weapon - Black Veil Brides	http://guitarflash.me/?gfcMus=4PG4A9160LSK
The Alien - Dream Theater	http://guitarflash.me/?gfcMus=L4V04B8I8766
Ichirin No Hana - High And Mighty Color	http://guitarflash.me/?gfcMus=CLDVFD5A6LAM
Panic Station I Bass and Guitar I - Muse	http://guitarflash.me/?gfcMus=71XK35GI0MJR
Zenzenzense - RADWIMPS	http://guitarflash.me/?gfcMus=B3K1LYVMJF3I
Cry For Eternity - Dragonforce	http://guitarflash.me/?gfcMus=D84JRBA1KNBV
Reptilia - The Strokes	http://guitarflash.me/?gfcMus=QENPTHT8H8OO
Brianstorm - Arctic Monkeys	http://guitarflash.me/?gfcMus=NKMD40AX2DO7
Dirty Little Secret - The All American Reject	http://guitarflash.me/?gfcMus=KXYWVLQWBAYE
Into Battle - Ensiferum	http://guitarflash.me/?gfcMus=MTA3VT8RK097
Self Control - Laura Branigan	http://guitarflash.me/?gfcMus=S5S6U81I0J55
Tentative - System Of A Down	http://guitarflash.me/?gfcMus=1GQRRCAVEVG6
The Best of Times (Solo) - Dream Theater	http://guitarflash.me/?gfcMus=RADK8DQR2VJJ
This Probably Wont End Well - All That Remain	http://guitarflash.me/?gfcMus=6V25R6C03NPO
Trogdor - Strong Bad	http://guitarflash.me/?gfcMus=3KSKISRWUQ9O
Karneval Opening - GRANRODEO	http://guitarflash.me/?gfcMus=OOKOTRYR09UB
Lebrons Hammer - Buckethead	http://guitarflash.me/?gfcMus=YWN9K6Y24YGC
Cherub Rock - Smashing Pumpkins	http://guitarflash.me/?gfcMus=PBFU2UG03P80
Uber Song - Imposible	http://guitarflash.me/?gfcMus=6DACCS4NAIT9
Papa Roach - STILL SWINGIN - Papa Roach	http://guitarflash.me/?gfcMus=NPRETGWXCMI6
The Lollorcaust of Thought - Callum Whyte	http://guitarflash.me/?gfcMus=9LVG7LS8KN8I
Dragon Fight - Fairy Tail OST	http://guitarflash.me/?gfcMus=WHQNEJ6OREYI
Rats in the cellar - Aerosmith	http://guitarflash.me/?gfcMus=DW3HAYVLKCCS
Lous Revenge - Steve Ouimette	http://guitarflash.me/?gfcMus=XMILSM7TL7T6
Bottomfeeder - BlessTheFall	http://guitarflash.me/?gfcMus=UVP0L8E6JDBP
The Sunshine Remains por - Lithe	http://guitarflash.me/?gfcMus=5W7XFSGPSWOJ
ABC - Polyphia	http://guitarflash.me/?gfcMus=3N8Y73WGEOOL
Perpetural Burn Metralhas - Jason Becker	http://guitarflash.me/?gfcMus=3UW6SITY5OW7
Dans Patterns - Sidney600	http://guitarflash.me/?gfcMus=KS2SMV8ADDSL
Suzerain ( Solo ) - Versailles	http://guitarflash.me/?gfcMus=HJ84EK18OYGF
Afraid Of The Dark - Motionless In White	http://guitarflash.me/?gfcMus=KBYQVVX3AM07
Chart para Treino Pessoal Nivel 4 a 5 - hvjhg	http://guitarflash.me/?gfcMus=EMHQ5H3Q333G
BPM test ! - GodelGF	http://guitarflash.me/?gfcMus=PTM6CGD7NGOJ
Ruby - Kaiser Chiefs	http://guitarflash.me/?gfcMus=44CEI6KQPB6X
Hazme un mundo sdlg nuevo - el pepe	http://guitarflash.me/?gfcMus=EBE3XIQK7W4Y
The Prelude To Bereavement - Shadow Of Intent	http://guitarflash.me/?gfcMus=TYOHUD6CPQB4
Mutha (Dont Wanna Go To School Today) - Extre	http://guitarflash.me/?gfcMus=VVIBLJG070OT
The Front Hall [R.P.D.] - Resident Evil Sound	http://guitarflash.me/?gfcMus=TRXRVLLJI5RR
Better Off (Alone) - Fit For Rivals	http://guitarflash.me/?gfcMus=XCDVACJ6BQ70
Lost Not Forgotten - Dream Theater	http://guitarflash.me/?gfcMus=I4IARXPY4SE5
Lost It All - Black Veil Brides	http://guitarflash.me/?gfcMus=6AKDNOAPAX4Q
The End Of Innocence - Symphony X	http://guitarflash.me/?gfcMus=UBGUSG6IQ41O
Go Go Power Rangers - Power Rangers	http://guitarflash.me/?gfcMus=Y9PR1S0FRTGI
If You Cant Ride Two Horses At Once...You Sh	http://guitarflash.me/?gfcMus=4G8Y5DLN18UM
ISOLATION ULTIMO SP [HARD] - Alter Bridge	http://guitarflash.me/?gfcMus=LBMO42RBFSPJ
Madara Uchiha  - rock theme	http://guitarflash.me/?gfcMus=J57QNCBOAEGJ
Nippon Manju - LadyBaby	http://guitarflash.me/?gfcMus=DRV3EP7XS07P
Perih Cover Jeje GuitarAddict ft Shella Ikhfa	http://guitarflash.me/?gfcMus=DXWA19FSM7O0
Devilish Death - DalekSam	http://guitarflash.me/?gfcMus=PJ7C45AMWXFP
Amore - Babymetal	http://guitarflash.me/?gfcMus=CDH4Y16DNXRR
Para Tu Cabeza - 6 Voltios	http://guitarflash.me/?gfcMus=CWB3LOP8JTMO
A Mercurian Summer - Angel Vivaldi	http://guitarflash.me/?gfcMus=FEM21FEA0O8A
Strike of the Beast - Exodus	http://guitarflash.me/?gfcMus=Q9PQ9PH6W8TU
The Middle - Jimmy Eat World	http://guitarflash.me/?gfcMus=B8KPHJM5XELP
Paint It Black - The Rolling Stones	http://guitarflash.me/?gfcMus=VOXMSH75QM4N
Crucify Me - Bring Me The Horizon	http://guitarflash.me/?gfcMus=2UBU4FIR2TU9
BOOM! - System of a Down	http://guitarflash.me/?gfcMus=7SC57KYRWMB7
Picada Fatal - ManausGF	http://guitarflash.me/?gfcMus=JSBB9NVDYYRI
O Espirito - Valkiria	http://guitarflash.me/?gfcMus=M9VU3V4WT3B1
Ravenous - Arch enemy	http://guitarflash.me/?gfcMus=EN69X40LTWHV
Sound Car  - Dj Tito Pizarro	http://guitarflash.me/?gfcMus=JFBKXBTPDI3O
5 Minutes Alone - Pantera	http://guitarflash.me/?gfcMus=6AM1404VXG45
El Lagarto Double Speed - Alejandro Silva	http://guitarflash.me/?gfcMus=WPEOG6644NIS
Scars of Yesterday SOLO - DragonForce	http://guitarflash.me/?gfcMus=COQRUV392IQS
Konosuba S2 Opening - Machico	http://guitarflash.me/?gfcMus=QOYBI7BRQQAD
Set the World on Fire Full Version - Symphony	http://guitarflash.me/?gfcMus=CX7PTJHM2CYW
Vitor Kley - O Sol (VINNE_ Double Z Remix) -	http://guitarflash.me/?gfcMus=WYNJT3A7I7H4
Arrow Meets Metal - Eric Calderone	http://guitarflash.me/?gfcMus=7C9WDJHPNYT6
Phantom of the Opera - Iron Maiden	http://guitarflash.me/?gfcMus=WX006YS3KXFP
Tear Off Your Chain Solo - Galneryus	http://guitarflash.me/?gfcMus=XKXMU4NGJSR6
Guardians Awaken - Artificial Fear	http://guitarflash.me/?gfcMus=RKHDL5YOJRUP
Atrapalos Ya - Pokemon ( Oscar Roa )	http://guitarflash.me/?gfcMus=O4146YWFD3MB
Harlem Shake - ViejosDuelosDeTrapo	http://guitarflash.me/?gfcMus=D5U16PAJK07I
Let Off Some Steam Bennett - Austrian Death M	http://guitarflash.me/?gfcMus=L26VB68O2OR2
Marcianito real bailando cumbia - REAL	http://guitarflash.me/?gfcMus=TMPHOB3E5OYO
Hitchin A Ride - Green Day	http://guitarflash.me/?gfcMus=Y8V08QRCA7FB
RAP LORD - HAIKAISS	http://guitarflash.me/?gfcMus=XU91JLO005D8
Matt - CANON ROCK	http://guitarflash.me/?gfcMus=M8YEU9RJ4QYF
You Only Live Once - Suicide Silence	http://guitarflash.me/?gfcMus=5YPAWX6W7SR5
Perfect Weapon - Black Veil Brides	http://guitarflash.me/?gfcMus=EO9L6NQ5ORGY
Condenados - Kolizion	http://guitarflash.me/?gfcMus=760RC1TBU7DP
The Edge Of The World - Dragonforce	http://guitarflash.me/?gfcMus=LE1NS4AVC75C
Dark Lunacy - Dolls	http://guitarflash.me/?gfcMus=M4GISN0P478R
Intro HMWH - Extreme	http://guitarflash.me/?gfcMus=ICAHHNQ4QMXK
World is Mine V2 - Hatsune Miku	http://guitarflash.me/?gfcMus=35DW94244J61
Curse Of Darkness - Dragonforce	http://guitarflash.me/?gfcMus=9ST26AS7WSED
Im the one final - Van Halen	http://guitarflash.me/?gfcMus=HQ2ARN8CC5BI
Attack! - Yngwie Malmsteen	http://guitarflash.me/?gfcMus=052P7BH02Y2P
Frozen Screams - Sodom	http://guitarflash.me/?gfcMus=3QMPYMOVXPSR
I love my parents - Buckethead	http://guitarflash.me/?gfcMus=TTFGG1XMW4JN
The Art Of Dying - Gojira	http://guitarflash.me/?gfcMus=1CKTVC86A3B6
Another Angel Down - Avantasia	http://guitarflash.me/?gfcMus=6LOOQE0071FY
Breaking The Law - Judas Priest	http://guitarflash.me/?gfcMus=CEKG7KWWITRV
Naruto Shippuden Opening 16 - AnimeFlashX	http://guitarflash.me/?gfcMus=OL2HIE4B734C
Speed Fucks - Charlie Parra	http://guitarflash.me/?gfcMus=HSOX4PU0NAPW
Solo Jordan - Adriano Hipy	http://guitarflash.me/?gfcMus=H31CS7VJ4NBY
I Wont See You Tonight Pt.1 - Avenged Sevenfo	http://guitarflash.me/?gfcMus=CBRQH5LCJO81
Kryptonite - 3 Doors Down	http://guitarflash.me/?gfcMus=ARRRDS20VXQX
Grmetal - Syu Galneryus	http://guitarflash.me/?gfcMus=YGAFUU9A881P
Storytime - Nightwish	http://guitarflash.me/?gfcMus=9IIKSVL53JGC
Redneck - Lamb of God	http://guitarflash.me/?gfcMus=MQTMSG3V71HM
A Lesson In Violence - Exodus	http://guitarflash.me/?gfcMus=OXY18DU4WRG1
King Of Amarillo - Issues	http://guitarflash.me/?gfcMus=OUJFJT9KKO1H
Hey Kids - Noragami Aragoto	http://guitarflash.me/?gfcMus=3QMV2MUQ4MGF
Fade - Alan Walker [NCS Release]	http://guitarflash.me/?gfcMus=REL0LG5N22OA
Cherry Pie - Warrant	http://guitarflash.me/?gfcMus=XUBWUNJGM918
Gentleman - PSY	http://guitarflash.me/?gfcMus=CB0FELSAAY1W
Making Monsters - John 5	http://guitarflash.me/?gfcMus=8OO2GT58MJKE
Resign To Surrender (A New Age Dawns Part.IV)	http://guitarflash.me/?gfcMus=RCU4M174U5YS
Nova Era - Angra	http://guitarflash.me/?gfcMus=AD4AD427J303
The Song of the Golden Dragon - Estas Tonne	http://guitarflash.me/?gfcMus=N6X87KW2OLMM
Electric Bell Blanket - Buckethead	http://guitarflash.me/?gfcMus=2P6VB75WCTD9
Misery Business - Paramore	http://guitarflash.me/?gfcMus=E2SUI0F25VUP
Supermassive Black Hole - Muse	http://guitarflash.me/?gfcMus=OJGLCLGDWC2C
Victory Solo X - GH III	http://guitarflash.me/?gfcMus=XP39K3DFAQKU
Shroud of Gloom - Rigor Mortis	http://guitarflash.me/?gfcMus=Q9JMBBBTECUP
Entrenamiento Resistencia e Agilidad - Angusx	http://guitarflash.me/?gfcMus=EJ30A6LG5ABA
Mercenária Pé de Barro - MC MM	http://guitarflash.me/?gfcMus=HGU2XTM90W1M
METRALHA OGAP 7 SEGUNDOS 2 SPS - LolNames	http://guitarflash.me/?gfcMus=3H8OTTT6ST7C
Under Confused Easy Part - Adriano Hipy	http://guitarflash.me/?gfcMus=50MK2KCEQ8G4
Mas Vó... - Raimundos	http://guitarflash.me/?gfcMus=I76LWY0V13G8
Reasons to Live - Dragonforce (Ultra Beatdown	http://guitarflash.me/?gfcMus=G5S5YWYNJW1H
Go Off!!! - Cacophony	http://guitarflash.me/?gfcMus=8NQXRV0O9N9F
Ungrateful - Escape the fate	http://guitarflash.me/?gfcMus=991X18IIHKII
Almost Easy - Avenged Sevenfold	http://guitarflash.me/?gfcMus=WXWCPM0WWFFB
South Park Intro - South Park	http://guitarflash.me/?gfcMus=JVQV1X7RPUU3
Sleep Now In The Fire - Rage Against The Mach	http://guitarflash.me/?gfcMus=8CTBSDNAIHV3
Despacito - Luis Fonsi & Daddy Yankee	http://guitarflash.me/?gfcMus=UDYBGERGQPFW
The Man Who Sold The World - Nirvana	http://guitarflash.me/?gfcMus=QMAXUCAOLN8L
Pergi Hilang Dan Lupakan - Remember Of Today	http://guitarflash.me/?gfcMus=0DPOEFW57SX1
I-E-A-I-A-I-O - System Of A Down	http://guitarflash.me/?gfcMus=A8YKVFGT1H7E
Tear In My Heart - Twenty One Pilots	http://guitarflash.me/?gfcMus=STQJ8T4ERYTB
Karate - Babymetal	http://guitarflash.me/?gfcMus=6CEW2F2F5DTN
Departure - Trivium	http://guitarflash.me/?gfcMus=PGRH42WLDGBV
Soul in You v1.1 (Solo C - Outro) - MrGregMur	http://guitarflash.me/?gfcMus=F3IFQOC9PQKR
Never Never - Korn	http://guitarflash.me/?gfcMus=NISVIP3IDENA
What I Believe - Skillet	http://guitarflash.me/?gfcMus=R57YFNAXW63U
King  - Syncatto	http://guitarflash.me/?gfcMus=PIDG2JGYFUEU
The Bitter End - Sum 41	http://guitarflash.me/?gfcMus=SR0B4ET467RI
Dont Stop Me Now - Queen	http://guitarflash.me/?gfcMus=L1C8NVVD7R3H
Custom Songs-Varias Bandas - Aligened	http://guitarflash.me/?gfcMus=KL9JH36SWIXI
Highway To Oblivion - Dragonforce	http://guitarflash.me/?gfcMus=TOESHOI94CDG
Shot At The Night - The Killers	http://guitarflash.me/?gfcMus=7P00Y4PEGWVF
Scream On The Ice - Dark Lunacy	http://guitarflash.me/?gfcMus=LQX1F3URVXTE
Aerodynamic - Daft Punk	http://guitarflash.me/?gfcMus=YDUU6BNQV4L6
Amerika - Rammstein	http://guitarflash.me/?gfcMus=XK0B9ORRSJ3J
Kryptonite - 3 Doors Down	http://guitarflash.me/?gfcMus=5L3C3AOT46D1
Asal British - JAMRUD	http://guitarflash.me/?gfcMus=LK4OYYHS1TAN
The Night - Disturbed	http://guitarflash.me/?gfcMus=KK9PK3CN4GL5
Numb - Linkin Park	http://guitarflash.me/?gfcMus=2C588EOVQTP3
Margerine  - Sadgasm	http://guitarflash.me/?gfcMus=EAM4QJ7F0IES
Speed Of Light - Stratovarius	http://guitarflash.me/?gfcMus=TCDYU2652M1Y
We Burn! - Helloween	http://guitarflash.me/?gfcMus=2V6E4QPKJU7T
Nightrain - Guns N Roses	http://guitarflash.me/?gfcMus=BSB5BSHDINS7
Pulse Of The Maggots - Slipknot	http://guitarflash.me/?gfcMus=9F6HFVX1S9NJ
THE WTF SONG 2 - MrGregMurphy	http://guitarflash.me/?gfcMus=4UPHSUUSSB9B
Traveller In Time - Structural Vortex	http://guitarflash.me/?gfcMus=Q7XUBBJMPB4C
I-E-A-I-A-I-O - System of a Down	http://guitarflash.me/?gfcMus=JGC43CCFLRFF
Highway To Oblivion SOLO - Dragonforce	http://guitarflash.me/?gfcMus=TJASR8V9S4KH
Reggae At the Best    - Roy Shirley	http://guitarflash.me/?gfcMus=79H8FD06874A
Calling All Cars - Senses Fail	http://guitarflash.me/?gfcMus=NY1DGWMNRNG5
Simpsons Meets Metal - Eric Calderone	http://guitarflash.me/?gfcMus=O96WYXSAAX3N
Ascension | Abracadavre - Elena Siegman	http://guitarflash.me/?gfcMus=4HVISH3RXHW1
Mob Psycho 100 Opening - -	http://guitarflash.me/?gfcMus=16KB01YNN9SM
The Unforgiven II - Metallica	http://guitarflash.me/?gfcMus=LNFT4O1C3R2G
Shepherd Of Fire - Avenged Sevenfold	http://guitarflash.me/?gfcMus=SOFGEFVD4AP6
King Nothing - Metallica	http://guitarflash.me/?gfcMus=UMHUJ4OIYR1S
Wake Up - Suicide Silence	http://guitarflash.me/?gfcMus=OF4S7ETVFPAT
We Three Kings - Steve Ouimette	http://guitarflash.me/?gfcMus=E5HA0C1FHFLG
Chouzetsu Dynamic - Kazuya Yoshii	http://guitarflash.me/?gfcMus=W5NWIMNYJCM1
El Baston Del Diablo - Tierra Santa	http://guitarflash.me/?gfcMus=XLS0QGODUVG3
Ludens - Bring Me The Horizon	http://guitarflash.me/?gfcMus=9ST192H3BK2E
In Waves - Trivium	http://guitarflash.me/?gfcMus=QGEV3GJ9VK2H
Meus Próprios Meios - Oficina G3	http://guitarflash.me/?gfcMus=C5TYRN97QYVU
União Flasco - LUCKHAOS	http://guitarflash.me/?gfcMus=H865L6RD2ISB
Beating The Sky - Jupiter	http://guitarflash.me/?gfcMus=4F7703MX0TI9
Olvidala (Parodia  Los Simpson) - Troy McClur	http://guitarflash.me/?gfcMus=0562YFOLJGPH
Esoteric Surgery - Gojira	http://guitarflash.me/?gfcMus=7QOOSY390U9G
[Mirai Nikki] Kuusou Mesorogiwi - Yousei Teik	http://guitarflash.me/?gfcMus=Q4KUO1QW8OCJ
Mississippi Queen - Mountain	http://guitarflash.me/?gfcMus=I5I0FDXHWEQT
Stolen Life - Arch Enemy	http://guitarflash.me/?gfcMus=PLUMFP0ANSST
The Star Spangled Banner - Steve Ouimette	http://guitarflash.me/?gfcMus=P92OCKHEE6RJ
Machete Mirage - Buckethead	http://guitarflash.me/?gfcMus=DE8990VE395L
Freestyle Shred - Rusty Cooley	http://guitarflash.me/?gfcMus=QU410VV58C32
UFO - Schmutz06	http://guitarflash.me/?gfcMus=4Y1DM0MTNUDS
Fallout - Metallicais1337	http://guitarflash.me/?gfcMus=SJIE3XOVRLUD
Ride - Twenty One Pilots	http://guitarflash.me/?gfcMus=CEE84EUUE8G3
Lendario Sonhador - Digimon Tamers	http://guitarflash.me/?gfcMus=YMIKY5MJFQ66
Chemical Prisoner - Falling In Reverse	http://guitarflash.me/?gfcMus=YYDEDBYVBHUH
Surface - Aero Chord	http://guitarflash.me/?gfcMus=46SUOAFHH3LI
Hes a Pirate - Pirates of the Caribbean	http://guitarflash.me/?gfcMus=LYVGCQNV15CM
Mariposa traicionera - Mana	http://guitarflash.me/?gfcMus=3MHW6NR10TBF
Crossing Field - Projeto Remake	http://guitarflash.me/?gfcMus=L76E4PSB9QLL
The Call of Ktulu - Metallica	http://guitarflash.me/?gfcMus=AXLAVWLTX0WB
Fullmetal Alchemist Brotherhood  Golden Time	http://guitarflash.me/?gfcMus=MAKA22FHEG1F
Jødebussen - Tramper Torben	http://guitarflash.me/?gfcMus=OA2GX912R0G8
Carry On - Avenged Sevenfold	http://guitarflash.me/?gfcMus=5VEXO9HIXWBP
Whispers In The Dark - Skillet	http://guitarflash.me/?gfcMus=WL01W50AL4F9
7th Colors - Vitas Tylenol	http://guitarflash.me/?gfcMus=9P9EHKBGN1BO
Chigasm Converted - Chaotrope (ft. Plumato)	http://guitarflash.me/?gfcMus=8UMTGRK7QTRW
Austin & Ally Theme - Austin e Ally Theme	http://guitarflash.me/?gfcMus=5W9ONT5A83OX
Sun Eater - Lorna Shore	http://guitarflash.me/?gfcMus=K7OM805RGI72
Naruto Shippuden Opening 16 Silhouette  (Espa	http://guitarflash.me/?gfcMus=XFTKA7G724A7
Disco House - SANES	http://guitarflash.me/?gfcMus=KCI20ES7QVEG
Like A Stone - Audioslave	http://guitarflash.me/?gfcMus=GL6YO8OFFNG4
Nobody Like You - ITZY	http://guitarflash.me/?gfcMus=I3NJRC26UM2W
Amaranth - Nightwish	http://guitarflash.me/?gfcMus=8WEMMGNC62GF
Man In The Box - Alice In Chains	http://guitarflash.me/?gfcMus=VT1R7VYNEQ9L
Rock Out - Motorhead	http://guitarflash.me/?gfcMus=FUQ4RFPH3F2P
Standard - ASIAN KUNG-FU GENERATION	http://guitarflash.me/?gfcMus=0A4XBNF24YJN
In The Dragons Den - Symphony X	http://guitarflash.me/?gfcMus=JWFDTL4MGN9H
Listen - K ON	http://guitarflash.me/?gfcMus=MI8B3NGWPPLP
Suicide Machine - Death	http://guitarflash.me/?gfcMus=4DM74DSFC749
Baseball Furies - Buckethead	http://guitarflash.me/?gfcMus=RFGPK1SGC81I
Into Battle - Ensiferum	http://guitarflash.me/?gfcMus=JH56ODWWM7G9
Defenders - Dragonforce	http://guitarflash.me/?gfcMus=8KBD0KO9IR5V
One For The Money - Escape The Fate	http://guitarflash.me/?gfcMus=P5M9Q22Q901M
Idols And Anchors - Parkway Drive	http://guitarflash.me/?gfcMus=JVOEMMKH99JB
Hell The World [K ON] - Death Devil	http://guitarflash.me/?gfcMus=WHPQ6913K2YH
Flying in a Blue Dream - Joe Satriani	http://guitarflash.me/?gfcMus=B3NM8S4I0HEW
Scissors - Slipknot	http://guitarflash.me/?gfcMus=991TSOWWH3IU
Crucified - Disturbed	http://guitarflash.me/?gfcMus=GF4PNMG8SFM6
Crazy Synth!!!!!!!!!!!!!!!!!!!!!!! - MrGregMu	http://guitarflash.me/?gfcMus=95RFDUS635Q4
8SP Soldiers Hard - Força Dragão	http://guitarflash.me/?gfcMus=VUSQEUITM5YR
Forever We Can Make It - Thyme	http://guitarflash.me/?gfcMus=3T9F56VTFAU5
Get Well - Icon For Hire	http://guitarflash.me/?gfcMus=JVP0M5NGOXJ2
Ultimate Chart Destruction - Uchiha GF	http://guitarflash.me/?gfcMus=IN5F5DO2MTMI
No Scared - ONE OK ROCK	http://guitarflash.me/?gfcMus=GR0A73R9PKNU
Nomadic - Slipknot	http://guitarflash.me/?gfcMus=Q8YI82WQQ8G3
Gravedigger - Architects	http://guitarflash.me/?gfcMus=5ST852FHIPK1
Alison Hell - Annihilator	http://guitarflash.me/?gfcMus=E4KWKFJHJP9U
Keine Lust - Rammstein	http://guitarflash.me/?gfcMus=3NBKTX5DVQ00
Bards 2-SP - |||||||||| killuaJackson	http://guitarflash.me/?gfcMus=X4RLHR7CFNM3
Breaking Point - Bullet For My Valentine	http://guitarflash.me/?gfcMus=E3W42L12MVIT
Metralha Trilogy - Aquela frigideira com o no	http://guitarflash.me/?gfcMus=DRYKS1U89KIH
Soldiers of the Wasteland Intro - Dragonforce	http://guitarflash.me/?gfcMus=KR24VNAW61SV
BALADA DO IRINEU - IRINEU	http://guitarflash.me/?gfcMus=7S531UNU6EC2
Underworld - Symphony X	http://guitarflash.me/?gfcMus=QWN3O3AW3F61
Egohisteria - Enjambre	http://guitarflash.me/?gfcMus=6APHK3G2TT3W
Give It All - Rise Against	http://guitarflash.me/?gfcMus=WMUKVH7235RT
Angel Of Salvation (Ultimo sp) - Galneryus	http://guitarflash.me/?gfcMus=07PARN99LGG4
Sis. Anger - BABYMETAL	http://guitarflash.me/?gfcMus=MBAW38XX6RFH
Spark Mandrill - Megaman X OST	http://guitarflash.me/?gfcMus=FXCOR71OYBRF
Hell Bent For Leather - Judas Priest	http://guitarflash.me/?gfcMus=S28FC1YIJCEG
Kaze - YAMAZARU	http://guitarflash.me/?gfcMus=57DA1BW7XT0G
BYOB Solo Expert - Adriano Hipy	http://guitarflash.me/?gfcMus=9V4M9PIV59IG
Shout It Out Loud - Kiss	http://guitarflash.me/?gfcMus=BGD0MBOMD9GS
Let It Go (from Frozen) - Meets Metal	http://guitarflash.me/?gfcMus=XQ0NX95ISN9G
Smooth Criminal - Alien Ant Farm	http://guitarflash.me/?gfcMus=6TB2V9NBIDNJ
X-Buster - Team Rockman Holic	http://guitarflash.me/?gfcMus=Y5ABI1AM1GDM
Like a Stone - Audioslave	http://guitarflash.me/?gfcMus=3JSNT32EA0WC
World iss End Dancehall - Hatsune Miku and Me	http://guitarflash.me/?gfcMus=MJYNDVMXW7Y6
Defenders - DragonForce	http://guitarflash.me/?gfcMus=H7BKOLAGYA4Q
My Immortal - Evanescence	http://guitarflash.me/?gfcMus=B4E1DHVTDFGC
Cousins - Vampire Weekend	http://guitarflash.me/?gfcMus=2EYQQW6G0220
Cristal Weed - A2tri0	http://guitarflash.me/?gfcMus=0GBH9WAM29CD
Through The Fire And Flames - Full Song - Dra	http://guitarflash.me/?gfcMus=97BP0JX3BK5P
Numb - Linkin Park	http://guitarflash.me/?gfcMus=H27O7O83NIAE
Singing! - Ho-kago Tea Time	http://guitarflash.me/?gfcMus=FM19V2M5K602
El Libro De Las Sombras - Mago De Oz	http://guitarflash.me/?gfcMus=9JBLHNVHIQ56
The S Lot - John 5	http://guitarflash.me/?gfcMus=CDPPAQY0NF2O
Under the Nothern Star - Amon Amarth	http://guitarflash.me/?gfcMus=EGO8LDJV11V3
Cease To Exist - Suicide Silence	http://guitarflash.me/?gfcMus=SDBYAGP2F1DB
Victory Solo X - Schmutz06	http://guitarflash.me/?gfcMus=O5TYQP1WLDNI
Burn It Down - Avenged Sevenfold	http://guitarflash.me/?gfcMus=3N85A33CLLC8
Escaping - Kiko Loureiro	http://guitarflash.me/?gfcMus=HIM221GJSI2R
Chemical Interference - DragonForce	http://guitarflash.me/?gfcMus=WOLILL102PHB
Hype Boy - NewJeans	http://guitarflash.me/?gfcMus=GS3NCUTX6N0X
(F)lannigans Ball  - Dropkick Murphys	http://guitarflash.me/?gfcMus=ID3FU5P0RKYQ
Roadhouse Blues - Status Quo	http://guitarflash.me/?gfcMus=35633O776G7H
Red Fleer - As Likely As Not	http://guitarflash.me/?gfcMus=94WR8QPN0E2V
Silver Lake - Dark Moor	http://guitarflash.me/?gfcMus=73OHYSP7SRL9
Killing You - Asking Alexandria	http://guitarflash.me/?gfcMus=5R18EIFANP77
Always With Me, Always With You - Joe Satrian	http://guitarflash.me/?gfcMus=WJCDK3DMAY1V
Tooth and Nail - Dokken	http://guitarflash.me/?gfcMus=5AUJ4FL2INQE
copia - No Artist Set	http://guitarflash.me/?gfcMus=705DF4Q5R9UB
Injection - Rise Against	http://guitarflash.me/?gfcMus=B1S8F9SH46E0
Colorful - Steel Dragon	http://guitarflash.me/?gfcMus=HTHYRI4C3IEQ
Requiem for a Dream  - 331Erock	http://guitarflash.me/?gfcMus=X0J71X3L1PTC
I Would Love To - Steve Vai	http://guitarflash.me/?gfcMus=LU93B8SOWELJ
Ties That Bind - Alter Bridge	http://guitarflash.me/?gfcMus=GJFXK1U5M1FX
Solos - Varias Bandas	http://guitarflash.me/?gfcMus=QT9F6344KV3H
Black Diamond - Stratovarius	http://guitarflash.me/?gfcMus=KG2UD2FHDJS5
Road of Resistance FULL - BABYMETAL	http://guitarflash.me/?gfcMus=SSWLBRPG3E4G
Procedimientos Para Llegar A Un Comun Acuerdo	http://guitarflash.me/?gfcMus=DP7MIBL8NE5B
Sounds Of Impalement - John 5	http://guitarflash.me/?gfcMus=60EWVDYIKBH7
Devil In The Mirror - Black Veil Brides	http://guitarflash.me/?gfcMus=VQE81L8QPB7U
Adams Song - Blink182	http://guitarflash.me/?gfcMus=3PS8G47BNHFV
In My Darkest Hour - Megadeth	http://guitarflash.me/?gfcMus=BM848O0B9RBW
Rainbow JakkanJan - Guilox	http://guitarflash.me/?gfcMus=4Y5VH50BC9O8
VEC LEGGENDARIA - Rotteen	http://guitarflash.me/?gfcMus=Y7XXXUM5QDF0
Extraction Zone - Dragonforce	http://guitarflash.me/?gfcMus=K0V00XFD1KNO
Stretching Lighthouse - Buckethead	http://guitarflash.me/?gfcMus=3PVOX7JGJUEM
Stalemate!  ( SOLO [ D - Frag! Opening ]  ) -	http://guitarflash.me/?gfcMus=IESY2TN7CFOS
Go Go Go - Sleeping With Sirens	http://guitarflash.me/?gfcMus=GG3U7271DQN5
Galactic Astro Domination - Dragonforce	http://guitarflash.me/?gfcMus=MSC2LX4J168V
The Echo Song 25 percent faster - Paul Gilber	http://guitarflash.me/?gfcMus=LSO3GIY7AS7J
Bring Me To Life - P A T E T A	http://guitarflash.me/?gfcMus=0VJ04C3W2QH8
Revenga - System Of A Down	http://guitarflash.me/?gfcMus=MKSG4665Y2CD
Land of Confusion - Disturbed	http://guitarflash.me/?gfcMus=7OVMWJFXLVEB
[Boku No Hero Academia] THE DAY - Porno Graff	http://guitarflash.me/?gfcMus=2OAJC4E6MX1C
Dueling Banjos Deliverance - Dueling Banjos	http://guitarflash.me/?gfcMus=RSC51HXL1FEJ
Hordes of Chaos - Kreator	http://guitarflash.me/?gfcMus=COU5K9K058PK
the wolrd - Nightmare	http://guitarflash.me/?gfcMus=Q12VB4MMSVX7
For The Love of God - Steve Vai	http://guitarflash.me/?gfcMus=E818H0TLB0OS
The Ancestry - Edu Falaschi	http://guitarflash.me/?gfcMus=U67NDVHR5B8K
Solo - War Eternal 125% Speed - Arch Enemy	http://guitarflash.me/?gfcMus=0M36BGJANMKQ
T.F.F.B. - Galneryus	http://guitarflash.me/?gfcMus=G44O0QM3YJB2
Fields Of Despair - Dragonforce	http://guitarflash.me/?gfcMus=MC2UDX7YRXSN
Alice human Sacrifice COVER - Vocaloid	http://guitarflash.me/?gfcMus=JIUKS2N814IO
Sultans of Swing - Dire Straites	http://guitarflash.me/?gfcMus=85Y770CLMX1Y
Naruto Shippuden Oppening 6 - Naruto Shippude	http://guitarflash.me/?gfcMus=051R2R299EQP
Savior Breath - Foo Fighters	http://guitarflash.me/?gfcMus=TTIPYMKME46R
Rape Me - Nirvana	http://guitarflash.me/?gfcMus=BT54547GRFT2
Schools Out - Alice Cooper	http://guitarflash.me/?gfcMus=KKFKNRHPNQWO
Ge4ce - Schmutz06	http://guitarflash.me/?gfcMus=HGO6U5I7GLP3
Instant Crush ft. Julian Casablancas - Daft P	http://guitarflash.me/?gfcMus=TXTXV1YK8PYJ
Hate Me! - Children Of Bodom	http://guitarflash.me/?gfcMus=R019EDAIRYLH
Polyamorous - Breaking Benjamin	http://guitarflash.me/?gfcMus=NT7SIQ2HVKX3
Cry For Eternity Solo 2 parte - Dragon Force	http://guitarflash.me/?gfcMus=7OVSAYON5CVA
Demonstration 2 - Jani Liimatainen	http://guitarflash.me/?gfcMus=WYR3LGXTST4I
Freaks - Surf Curse	http://guitarflash.me/?gfcMus=RL34CPN2V9RQ
Damaged - John 5	http://guitarflash.me/?gfcMus=TJ4PQ202UGWB
Abnormal - Bumblefoot	http://guitarflash.me/?gfcMus=0MA5NN9X8FUW
Temples - Unicorn Kid	http://guitarflash.me/?gfcMus=AMHSRXFJ9QLG
Calling - Strung Out	http://guitarflash.me/?gfcMus=IOBC2JEDDKL1
Apocalyptic City - Testament	http://guitarflash.me/?gfcMus=GDLF1XBBK08K
PEGASUS FANTASY OMEGA VERSION - MAKE UP	http://guitarflash.me/?gfcMus=HYLX4WQ0KPV2
Preludio Of Eternity - Rataforce	http://guitarflash.me/?gfcMus=EBBKMXS554G8
ReCall - I Ris	http://guitarflash.me/?gfcMus=7U0OUNFWUVDL
Im Not A Vampire - Falling In Reverse	http://guitarflash.me/?gfcMus=9NOBRDWPTY9P
Welcome to Bucketheadland - Buckethead	http://guitarflash.me/?gfcMus=JXEGLBY29B9G
Blitzkrieg - Metallica	http://guitarflash.me/?gfcMus=6AQBH3A6MVF9
Going to Hell - The Pretty Reckless	http://guitarflash.me/?gfcMus=OA52K49Y92RN
Lights Out - Royal Blood	http://guitarflash.me/?gfcMus=L9XDDG2CVWYR
All I Want - The Offspring	http://guitarflash.me/?gfcMus=CF4S8B36KBH6
Paramore- Ignorance - Mattheus Brown	http://guitarflash.me/?gfcMus=C7LV5483RWW1
Ls Theme B - DEATH NOTE	http://guitarflash.me/?gfcMus=E9VQJ4Q87SOD
Far from home - Five Finger Death Punch	http://guitarflash.me/?gfcMus=PE378WRW00A3
Murder Mitten - I See Stars	http://guitarflash.me/?gfcMus=68V10TAL5T20
Angel of Death - Slayer	http://guitarflash.me/?gfcMus=IP3I9QEJD4BT
Unbound (The Wild Ride) - Avenged Sevenfold	http://guitarflash.me/?gfcMus=VXB11JNQTKDD
La Fantástica Aventura Dragon Ball - Luis De	http://guitarflash.me/?gfcMus=NLDPD7G08U2N
D3Xtur - Void222x	http://guitarflash.me/?gfcMus=ED3GKDROC16P
Red Hot Chili Peppers - By The Way [Official	http://guitarflash.me/?gfcMus=8R2XTKDB4OCK
Super Meat Boy - Guitar Medley	http://guitarflash.me/?gfcMus=YAGY68APDLIB
Dont Stop Me Now - Queen	http://guitarflash.me/?gfcMus=0M34HYY0H7VQ
Dragon Mistress - Marty Friedman	http://guitarflash.me/?gfcMus=SW2NGADS8O94
Powercore - Nekrogoblikon	http://guitarflash.me/?gfcMus=049UMJDISO1J
Set The World on Fire - Black Veil Brides	http://guitarflash.me/?gfcMus=L86F1Y3GUXXL
Embrace the World - Gojira	http://guitarflash.me/?gfcMus=VVRT6JE8ESYQ
Leave Me Alone  - Michael Jackson	http://guitarflash.me/?gfcMus=YI3AGMDRHI2V
Awakening Reprisal - DalekSam	http://guitarflash.me/?gfcMus=1UHPAUCO1WTR
This Means War - Avenged Sevenfold	http://guitarflash.me/?gfcMus=9GYKX5RMFW1D
Yom - Hin Rek Fire	http://guitarflash.me/?gfcMus=V0RO45AL0P5K
Dark Caves of LOLNO - Prebensoerensen93	http://guitarflash.me/?gfcMus=82DIIAUUD7Y9
Picklet - Rob Scallon	http://guitarflash.me/?gfcMus=U01YQNHOT63U
Outride a Crisis (ft. Dr. Pez 12) - Tetrimino	http://guitarflash.me/?gfcMus=5OJXBFQF3UG9
Solo El Circulo de Fuego - Rata Blanca	http://guitarflash.me/?gfcMus=XQXTHNVCDY9F
The Song Remains The Same - Led Zeppelin	http://guitarflash.me/?gfcMus=28YEXL3TL583
Alan Walker - Spectre [NCS Release]	http://guitarflash.me/?gfcMus=R1YEWS0BCAMG
Dawn Of Victory - Rhapsody Of Fire	http://guitarflash.me/?gfcMus=2LY5AW4H7LWW
Final Wars - Buckethead	http://guitarflash.me/?gfcMus=KCP1ED9PPGCM
Hotel California - Eagles	http://guitarflash.me/?gfcMus=SW7XGPO0XIWV
The Cataclysm - Takayoshi Ohmura	http://guitarflash.me/?gfcMus=OORM8REAYTTH
Forever Is Today - Stratovarius	http://guitarflash.me/?gfcMus=B560M85U0LTI
Guitar Solo - Felipe Eufrasio	http://guitarflash.me/?gfcMus=PTF608NJ3ODD
Merah Hitam Hijau - Siksakubur	http://guitarflash.me/?gfcMus=6WVSCO0GJSQ9
Change Of Generation - Unlucky Morpheus	http://guitarflash.me/?gfcMus=JI1KHW8XIIH6
The Final Countdown - Europe	http://guitarflash.me/?gfcMus=MYCN57IL0V3F
Vasco Campeao do Mundo - AtilaKw	http://guitarflash.me/?gfcMus=9TM2XTRFRRR8
Nowhere - Murderdolls	http://guitarflash.me/?gfcMus=2ICOX4XTOMI6
Infected Voice - Sepultura	http://guitarflash.me/?gfcMus=JU2F2SV75H5N
Fields Of Despair - Dragonforce	http://guitarflash.me/?gfcMus=0G6189HEJAPX
Victim Of Fate - Helloween	http://guitarflash.me/?gfcMus=YN860B4061J8
The Phase Shifter  - Puppetz  Puppetz flash	http://guitarflash.me/?gfcMus=OL4DW7ON8YFD
From So Far Away - All Shall Perish feat. Rus	http://guitarflash.me/?gfcMus=ITDQ9WICLIRL
Pull Me Under - Dream Theater	http://guitarflash.me/?gfcMus=HD7RM9WM92MI
Best Five Music Tracks #2 - Donkey Kong Count	http://guitarflash.me/?gfcMus=EU89JEQGUXYI
Transylvania - Iron Maiden	http://guitarflash.me/?gfcMus=LSQMOA7RWT7A
Killpop - Slipknot	http://guitarflash.me/?gfcMus=XBMV3E013CHT
Lifeblood - Lost In Despair	http://guitarflash.me/?gfcMus=1YMP1CYOB5MQ
Deadman Wonderland Opening 01	http://guitarflash.me/?gfcMus=96INEIDL954V
Freestyle Shred - Rusty Cooley	http://guitarflash.me/?gfcMus=K89MSBUFRKRP
Fortress - Alter Bridge	http://guitarflash.me/?gfcMus=XD9ECGGT7K7K
Gramophone Elegance - Asking Alexandria	http://guitarflash.me/?gfcMus=QRICA6FFYL1C
Lepo Lepo Versão Metal - O Metaleiro	http://guitarflash.me/?gfcMus=4TX87KTAYQ8U
Carry On - Angra	http://guitarflash.me/?gfcMus=4KFH6E63DABC
Megamix Rockero - Metal Project	http://guitarflash.me/?gfcMus=D0LTODVXJFQE
All my life - Foo Fighters	http://guitarflash.me/?gfcMus=WBO9862PJGSX
Maniac - Michael Sembello	http://guitarflash.me/?gfcMus=HUCDL2GD0TFN
The Greatest Fear - Parkway Drive	http://guitarflash.me/?gfcMus=GX5UJYHVMG5V
Once in a Lifetime - DragonForce	http://guitarflash.me/?gfcMus=IME81XER22KP
Lepo Lepo DDC Laary  - Psirico	http://guitarflash.me/?gfcMus=FWH4VMJRV23U
We Love You - Avenged Sevenfold	http://guitarflash.me/?gfcMus=XUDF67HVO3O0
Hot For Teacher Final - Van Halen	http://guitarflash.me/?gfcMus=CM26AIB0J2CE
LA CUMBIA DE GOKU - DRAGON BALL Z	http://guitarflash.me/?gfcMus=ONTNSCTCLFH5
En la ultima tentacion - Mortuum	http://guitarflash.me/?gfcMus=ASDTPDLORE4L
Seraphim - For Today	http://guitarflash.me/?gfcMus=ETB0C1U3XPMK
White Lies - Dream State	http://guitarflash.me/?gfcMus=Y3Q3PSPY0GM0
Echoes - Vinnie Moore	http://guitarflash.me/?gfcMus=6BK3EV84IA4G
God Hates Us - Avenged Sevenfold	http://guitarflash.me/?gfcMus=HJ83HCQ43Q4F
That Fire - Black Tide	http://guitarflash.me/?gfcMus=HQ4X801I0OBW
United Flag - Galneryus	http://guitarflash.me/?gfcMus=BT2MRSJ6BTIA
[E.P.M] SOLO - DragonForce	http://guitarflash.me/?gfcMus=ROPQ4PSACHBG
Happiness - Three Days Grace	http://guitarflash.me/?gfcMus=JXDKA94LM7LG
Gatitos Tristes - Bho Clan	http://guitarflash.me/?gfcMus=Q5FMLUOT332Q
[Attack on Titan SS2] Shinzou wo Sasageyo! -	http://guitarflash.me/?gfcMus=AK12GS7234UL
Youre Gonna Go Far, Kid - The Offspring	http://guitarflash.me/?gfcMus=SF7711U84FQL
Thunderstruck - Big Giant Circles feat Jeff B	http://guitarflash.me/?gfcMus=A795UIFE2BTY
Random - PanteraMix	http://guitarflash.me/?gfcMus=HAPDDEC13IJW
Suggestions - System Of A Down	http://guitarflash.me/?gfcMus=ISH942VTBX31
Pain - Three Days Grace	http://guitarflash.me/?gfcMus=B0142IDLA2C6
Danger Line - Avenged Sevenfold	http://guitarflash.me/?gfcMus=74E26HMDDMBC
Empty Walls - Serj Tankian	http://guitarflash.me/?gfcMus=JLDMXNLW8LW0
Revelation - Black Veil Brides	http://guitarflash.me/?gfcMus=CIJB55SB4QWP
push pull destroy Parte bugamente - Juninho P	http://guitarflash.me/?gfcMus=9HIO7ENT4VX0
The Violation - Fleshgod Apocalypse	http://guitarflash.me/?gfcMus=TIDJKU0WUV7I
Solo 8 SP ITWS - TSDASHER	http://guitarflash.me/?gfcMus=JJQ2XWAPBP79
Bambam the Body and Builder - Dragonforce	http://guitarflash.me/?gfcMus=8HS1L6OXIOQA
Psycho Holiday - Pantera	http://guitarflash.me/?gfcMus=GR3RLEFK65YL
Watch In The Night - Celso Machado - ManausGF	http://guitarflash.me/?gfcMus=1VBDUE05H2UB
Destiny Solo Expert Delay - Ricardo De Melo	http://guitarflash.me/?gfcMus=G960FEVMGTGN
Soothsayer - Buckethead	http://guitarflash.me/?gfcMus=PFYMIAS555AO
